<?xml version="1.0" encoding="utf-8"?>
<COLLADA xmlns="http://www.collada.org/2005/11/COLLADASchema" version="1.4.1" xmlns:xsi="http://www.w3.org/2001/XMLSchema-instance">
  <asset>
    <contributor>
      <author>Blender User</author>
      <authoring_tool>Blender 4.0.2 commit date:2023-12-05, commit time:07:41, hash:9be62e85b727</authoring_tool>
    </contributor>
    <created>2025-05-23T12:24:12</created>
    <modified>2025-05-23T12:24:12</modified>
    <unit name="meter" meter="1"/>
    <up_axis>Z_UP</up_axis>
  </asset>
  <library_effects>
    <effect id="boot_ok_0-effect">
      <profile_COMMON>
        <newparam sid="kuzov_PNG-surface">
          <surface type="2D">
            <init_from>kuzov_PNG</init_from>
          </surface>
        </newparam>
        <newparam sid="kuzov_PNG-sampler">
          <sampler2D>
            <source>kuzov_PNG-surface</source>
          </sampler2D>
        </newparam>
        <technique sid="common">
          <lambert>
            <emission>
              <color sid="emission">0 0 0 1</color>
            </emission>
            <diffuse>
              <texture texture="kuzov_PNG-sampler" texcoord="UVMap"/>
            </diffuse>
            <index_of_refraction>
              <float sid="ior">1.45</float>
            </index_of_refraction>
          </lambert>
        </technique>
      </profile_COMMON>
    </effect>
  </library_effects>
  <library_images/>
  <library_materials>
    <material id="boot_ok_0-material" name="boot_ok.0">
      <instance_effect url="#boot_ok_0-effect"/>
    </material>
  </library_materials>
  <library_geometries>
    <geometry id="Cube_003-mesh" name="Cube.003">
      <mesh>
        <source id="Cube_003-mesh-positions">
          <float_array id="Cube_003-mesh-positions-array" count="12561">-0.682672 3.039387 -0.4169925 -0.7396013 3.025019 -0.4117842 -0.682672 3.025019 -0.4117842 0.0420801 3.039387 -0.4169925 -0.01484888 3.025019 -0.4117842 0.0420801 3.025019 -0.4117842 0.7753539 3.039387 -0.4169923 0.7184249 3.025019 -0.411784 0.7753539 3.025019 -0.411784 1.023851 -0.2459625 -0.391919 1.023851 -0.2932828 -0.391919 1.02385 3.017665 -0.3919194 1.02385 3.060957 -0.3919194 1.02385 3.060957 -0.333003 1.023851 -0.2459625 0.1211497 1.012295 2.985022 0.0857287 1.02385 3.060957 0.1211493 1.02385 3.017665 0.1819286 1.02385 3.060957 0.1819286 0.9888041 3.060943 -0.391664 0.9888044 -0.2932361 0.1820971 0.9888041 3.060943 0.1820967 1.023851 -0.2459625 0.181929 1.023851 -0.2932827 0.1819291 1.023851 -0.2932828 0.1211497 0.9888044 -0.2932361 -0.3916637 1.023851 -0.2932828 -0.3330026 1.019142 -0.19125 -0.1042508 1.019142 -0.1912499 -0.009504616 1.019142 2.951263 -0.1042512 1.019142 2.951263 -0.009505033 1.018205 -0.1912499 -0.002653777 1.018205 -0.1955922 -0.004660308 1.018205 -0.197391 -0.009504616 1.018205 -0.197391 -0.1042508 1.018205 -0.1955923 -0.1090952 1.018205 -0.19125 -0.1111016 1.018204 2.951263 -0.1111021 1.018204 2.955605 -0.1090955 1.018204 2.957404 -0.1042512 1.018204 2.957404 -0.009505033 1.018204 2.955605 -0.004660665 1.018204 2.951263 -0.002654194 1.012477 -0.1912499 1.83731e-4 1.012477 -0.197391 -0.002653777 1.012477 -0.1999346 -0.009504616 1.012477 -0.1999346 -0.1042508 1.012477 -0.197391 -0.1111016 1.012477 -0.19125 -0.1139394 1.012477 2.951263 -0.1139397 1.012477 2.957404 -0.1111021 1.012477 2.959947 -0.1042512 1.012477 2.959947 -0.009505033 1.012477 2.957404 -0.002654194 1.012477 2.951263 1.83344e-4 1.019142 -0.19125 -0.241666 1.019142 -0.19125 -0.1469199 1.019142 2.951263 -0.2416664 1.019142 2.951263 -0.1469203 1.018205 -0.19125 -0.140069 1.018205 -0.1955923 -0.1420755 1.018205 -0.197391 -0.1469199 1.018205 -0.197391 -0.241666 1.018205 -0.1955923 -0.2465104 1.018205 -0.19125 -0.2485169 1.018204 2.951263 -0.2485173 1.018204 2.955605 -0.2465108 1.018204 2.957404 -0.2416664 1.018204 2.957404 -0.1469203 1.018204 2.955605 -0.1420759 1.018204 2.951263 -0.1400694 1.012477 -0.19125 -0.1372312 1.012477 -0.197391 -0.140069 1.012477 -0.1999346 -0.1469199 1.012477 -0.1999346 -0.241666 1.012477 -0.197391 -0.2485169 1.012477 -0.19125 -0.2513548 1.012477 2.951263 -0.2513551 1.012477 2.957404 -0.2485173 1.012477 2.959947 -0.2416664 1.012477 2.959947 -0.1469203 1.012477 2.957404 -0.1400694 1.012477 2.951263 -0.1372317 -0.9645158 -0.2932363 -0.3916634 -0.9995621 -0.2459632 -0.3330025 -0.9995621 -0.2932829 -0.3330025 -0.9995625 3.017665 -0.3330029 -0.9995625 3.060957 -0.3330029 -0.9995621 -0.2459631 0.1211495 -0.9880071 -0.2149568 0.08572924 -0.9995625 3.060957 0.1211492 -0.9995625 3.017665 0.1211492 -0.9995625 3.017665 0.1819285 -0.9995621 -0.2459632 -0.3919188 -0.9995621 -0.293283 -0.3919188 -0.9995627 3.060957 -0.3919192 -0.9995627 3.017665 -0.3919192 -0.9645161 3.060943 -0.3916638 -0.9995625 3.060957 0.1819285 -0.9645161 3.060943 0.1820967 -0.9995621 -0.2932829 0.1819289 -0.9995621 -0.2459631 0.1819288 -0.9995621 -0.2932829 0.1211496 -0.9645158 -0.2932363 0.1820971 -0.9948533 -0.1912501 -0.009504616 -0.9948533 -0.1912502 -0.1042508 -0.9948537 2.951263 -0.1042512 -0.9948537 2.951263 -0.009505033 -0.9939163 -0.1912501 -0.002653777 -0.9939163 -0.1955924 -0.004660308 -0.9939163 -0.1973912 -0.009504616 -0.9939161 -0.1973912 -0.1042508 -0.9939161 -0.1955925 -0.1090952 -0.9939161 -0.1912502 -0.1111015 -0.9939167 2.951263 -0.1111019 -0.9939167 2.955605 -0.1090955 -0.9939167 2.957404 -0.1042512 -0.9939167 2.957404 -0.009505033 -0.9939167 2.955605 -0.004660665 -0.9939167 2.951263 -0.002654194 -0.9881883 -0.1912501 1.84e-4 -0.9881883 -0.1973912 -0.002653777 -0.9881883 -0.1999347 -0.009504616 -0.9881883 -0.1999347 -0.1042508 -0.9881883 -0.1973912 -0.1111015 -0.9881883 -0.1912502 -0.1139394 -0.9881887 2.951263 -0.1139397 -0.9881887 2.957404 -0.1111019 -0.9881887 2.959947 -0.1042512 -0.9881887 2.959947 -0.009505033 -0.9881887 2.957404 -0.002654194 -0.9881887 2.951263 1.83612e-4 -0.9948533 -0.1912502 -0.1469197 -0.9948533 -0.1912502 -0.2416658 -0.9948537 2.951263 -0.2416663 -0.9948537 2.951263 -0.1469201 -0.9939161 -0.1912502 -0.1400688 -0.9939161 -0.1955925 -0.1420754 -0.9939161 -0.1973912 -0.1469197 -0.993916 -0.1973912 -0.2416658 -0.993916 -0.1955925 -0.2465102 -0.993916 -0.1912502 -0.2485167 -0.9939165 2.951263 -0.2485171 -0.9939165 2.955605 -0.2465106 -0.9939165 2.957404 -0.2416663 -0.9939165 2.957404 -0.1469201 -0.9939165 2.955605 -0.1420758 -0.9939165 2.951263 -0.1400692 -0.9881883 -0.1912502 -0.1372312 -0.9881883 -0.1973912 -0.1400688 -0.9881883 -0.1999347 -0.1469197 -0.9881883 -0.1999347 -0.2416658 -0.9881883 -0.1973912 -0.2485167 -0.9881883 -0.1912502 -0.2513545 -0.9881887 2.951263 -0.2513549 -0.9881887 2.957404 -0.2485171 -0.9881887 2.959947 -0.2416663 -0.9881887 2.959947 -0.1469201 -0.9881887 2.957404 -0.1400692 -0.9881887 2.951263 -0.1372317 1.029207 3.020611 0.1344912 0.9958998 3.020611 0.1162452 1.029207 3.037597 0.1499599 0.9958998 3.020611 0.1344912 1.011173 3.095101 0.1325111 1.000999 3.07794 0.1300236 1.01362 3.08876 0.1300236 1.000999 3.07794 0.1219739 1.01362 3.08876 0.1219739 0.9950874 3.080569 0.1194865 1.011173 3.095101 0.1194865 0.9914336 3.082195 0.125999 1.034431 3.095067 0.1325111 1.034385 3.088727 0.1300236 1.034385 3.088727 0.1219739 1.034431 3.095067 0.1194865 1.009662 3.099021 0.125999 0.9950554 3.038373 0.1325111 0.9913999 3.036753 0.125999 1.00097 3.040996 0.1300236 0.9950874 3.080569 0.1325111 1.00097 3.040996 0.1219739 0.9950554 3.038373 0.1194865 1.03446 3.098984 0.125999 -0.9709919 3.037598 0.1017249 -1.004299 3.037598 0.1017249 -0.9709919 3.020611 0.134491 -0.9709919 3.020611 0.1162452 -1.004299 3.020611 0.1162452 -1.004299 3.037598 0.1499599 -1.004299 3.020611 0.134491 -0.9709919 3.037598 0.1499599 -0.9862655 3.095101 0.1325109 -0.9887112 3.08876 0.1300235 -0.9887112 3.08876 0.1219738 -0.9862655 3.095101 0.1194865 -0.9701796 3.080569 0.1194865 -1.009524 3.095067 0.1325109 -1.009477 3.088729 0.1300235 -1.009477 3.088729 0.1219738 -1.009524 3.095067 0.1194865 -0.9847534 3.099021 0.1259988 -1.009552 3.098984 0.1259988 -0.9701473 3.038374 0.1325109 -0.9701796 3.080569 0.1325109 -0.9760916 3.07794 0.1300235 -0.9760621 3.040996 0.1300235 -0.9760621 3.040996 0.1219738 -0.9701473 3.038374 0.1194865 -0.9760916 3.07794 0.1219738 -0.9665252 3.082195 0.1259988 -0.9664918 3.036753 0.1259988 -1.004298 -0.2550628 0.1162456 -0.9709913 -0.2550628 0.1162456 -0.9709913 -0.2550628 0.1344913 -1.004298 -0.2720494 0.1499602 -1.004298 -0.2550628 0.1344913 -0.9709913 -0.2720494 0.1017253 -1.004298 -0.2971259 0.1499603 -0.9709913 -0.2720494 0.1499602 -0.9701792 -0.3150212 0.1325113 -0.9862648 -0.3295524 0.1325113 -0.9847529 -0.3334721 0.1259992 -0.9760911 -0.3123915 0.1300239 -0.9887108 -0.3232114 0.1300239 -0.9760911 -0.3123915 0.1219742 -0.9887108 -0.3232114 0.1219742 -0.9862648 -0.3295524 0.1194869 -1.009523 -0.3295181 0.1325113 -1.009477 -0.3231797 0.1300239 -1.009477 -0.3231797 0.1219742 -1.009523 -0.3295181 0.1194869 -1.009552 -0.3334355 0.1259992 -0.970147 -0.2728253 0.1325113 -0.9664915 -0.2712045 0.1259992 -0.9760618 -0.2754479 0.1300239 -0.9760618 -0.2754479 0.1219742 -0.970147 -0.2728253 0.1194868 -0.9665249 -0.3166463 0.1259992 -0.9701792 -0.3150212 0.1194869 0.9959003 -0.2550626 0.1162456 1.029207 -0.2720493 0.1017253 1.029207 -0.2550626 0.1344915 0.9959003 -0.2550626 0.1344915 1.029207 -0.2971255 0.1017253 0.9959003 -0.2971255 0.1017253 0.9959003 -0.2971255 0.1499603 0.9959003 -0.2720493 0.1017253 0.9959003 -0.2720493 0.1499603 1.011174 -0.3295522 0.1325116 1.01362 -0.3232107 0.130024 1.01362 -0.3232107 0.1219744 1.001 -0.3123914 0.1219744 1.011174 -0.3295522 0.1194869 0.9914341 -0.3166462 0.1259994 1.009662 -0.3334715 0.1259994 1.034432 -0.3295179 0.1325116 1.034386 -0.3231796 0.130024 1.034386 -0.3231796 0.1219744 1.034432 -0.3295179 0.1194869 1.03446 -0.3334354 0.1259994 0.9950879 -0.315021 0.1325116 0.9914004 -0.2712041 0.1259993 0.9950557 -0.2728251 0.1325115 1.000971 -0.2754476 0.130024 1.001 -0.3123914 0.130024 1.000971 -0.2754476 0.1219744 0.9950557 -0.2728251 0.1194869 0.9950879 -0.315021 0.1194869 0.9824215 -0.2572904 0.1826148 0.9383285 -0.2948642 -0.3324848 0.9383285 -0.2948642 -0.3914011 -0.9181752 -0.294355 -0.332485 -0.887728 -0.2819663 0.08624684 -0.8877279 -0.2819664 -0.2970643 0.9094079 -0.2824758 0.08624702 -0.9585555 -0.294355 0.1216672 0.9383285 -0.2948642 0.1824467 0.982465 -0.2948641 0.1824467 -0.9181754 -0.294355 0.1824465 -0.9585555 -0.294355 0.1824465 0.982465 -0.2948642 -0.3914011 -0.9585415 -0.2567813 -0.3911458 -0.9585555 -0.294355 -0.3914014 -0.9181752 -0.294355 -0.3914014 -0.9585555 -0.294355 -0.332485 -0.9585415 -0.2567812 0.1826145 0.982465 -0.2948642 0.1216676 0.982465 -0.2948642 -0.3324848 0.9824215 -0.2572905 -0.3911456 -0.8562396 -0.2893065 -0.1037332 0.8872961 -0.2898157 -0.00898689 0.8872961 -0.289816 -0.1037329 -0.8562396 -0.2893065 -0.008987009 0.8913462 -0.2888113 -0.004142582 0.8872961 -0.2888113 -0.002135872 0.8930239 -0.2888113 -0.00898689 0.8930239 -0.2888113 -0.1037329 0.8913462 -0.2888113 -0.1085773 0.8872961 -0.2888113 -0.1105839 -0.8562396 -0.288302 -0.110584 -0.8602898 -0.288302 -0.1085774 -0.8619676 -0.288302 -0.1037332 -0.8619676 -0.288302 -0.008987009 -0.8602898 -0.288302 -0.004142701 -0.8562396 -0.288302 -0.00213623 0.8930239 -0.2826704 -0.002135872 0.8872961 -0.2826704 7.01815e-4 0.8953965 -0.2826704 -0.00898689 0.8953965 -0.2826704 -0.1037329 0.8930239 -0.2826704 -0.1105839 0.8872961 -0.2826704 -0.1134216 -0.8562396 -0.2821609 -0.1134217 -0.8619676 -0.2821609 -0.110584 -0.8643402 -0.2821609 -0.1037332 -0.8643402 -0.2821609 -0.008987009 -0.8619676 -0.2821609 -0.00213623 -0.8562396 -0.2821609 7.01636e-4 -0.8562396 -0.2893065 -0.2411482 0.8872961 -0.289816 -0.1464019 0.8872961 -0.289816 -0.2411481 -0.8562396 -0.2893065 -0.1464021 0.8913462 -0.2888113 -0.1415576 0.8872961 -0.2888113 -0.139551 0.8930239 -0.2888113 -0.1464019 0.8930239 -0.2888113 -0.2411481 0.8913462 -0.2888113 -0.2459924 0.8872961 -0.2888113 -0.2479989 -0.8562396 -0.2883021 -0.2479991 -0.8602898 -0.2883021 -0.2459925 -0.8619676 -0.2883021 -0.2411482 -0.8619676 -0.288302 -0.1464021 -0.8602898 -0.288302 -0.1415577 -0.8562396 -0.288302 -0.1395512 0.8930239 -0.2826704 -0.139551 0.8872961 -0.2826704 -0.1367135 0.8953965 -0.2826704 -0.1464019 0.8953965 -0.2826704 -0.2411481 0.8930239 -0.2826704 -0.2479989 0.8872961 -0.2826704 -0.2508366 -0.8562396 -0.2821609 -0.2508369 -0.8619676 -0.2821609 -0.2479991 -0.8643402 -0.2821609 -0.2411482 -0.8643402 -0.2821609 -0.1464021 -0.8619676 -0.2821609 -0.1395512 -0.8562396 -0.2821609 -0.1367136 1.014115 -0.3402106 -0.1498015 1.008538 -0.3218159 -0.1504535 1.019693 -0.3218159 -0.1504535 1.014115 -0.3397567 0.01419502 1.008538 -0.3213616 0.01354306 1.00509 -0.3331846 -0.1500506 1.019693 -0.3213616 0.01354306 1.02314 -0.3327304 0.01394593 1.02314 -0.3331846 -0.1500506 1.014115 -0.3200635 0.08206897 1.008538 -0.3016687 0.08141708 1.00509 -0.3327304 0.01394593 1.019693 -0.3016687 0.08141708 1.02314 -0.3130375 0.08181995 1.00509 -0.3107278 0.1281792 1.014115 -0.3177546 0.1284283 1.008538 -0.2993591 0.1277765 1.00509 -0.3130375 0.08181995 1.019693 -0.2993591 0.1277765 1.02314 -0.3107278 0.1281792 1.002919 -0.3166837 0.1509341 1.003637 -0.298999 0.1387569 0.9979821 -0.3079848 0.1406984 1.011686 -0.2989994 0.1460078 1.012584 -0.309045 0.1533887 0.9791415 -0.3171714 0.1554519 0.9870179 -0.2994874 0.1447617 0.9797138 -0.3095327 0.1436545 0.9909602 -0.2994874 0.157243 0.9860923 -0.3095327 0.1638499 0.9601843 -0.3171714 0.1554519 0.9680605 -0.2994874 0.1447617 0.9720029 -0.2994874 0.157243 0.9671352 -0.3095327 0.1638499 0.9519252 -0.298887 0.1554519 0.9598012 -0.2812031 0.1447617 0.9524973 -0.2912483 0.1436545 0.9607562 -0.3095327 0.1436545 0.9637437 -0.2812031 0.157243 0.9588759 -0.2912485 0.1638499 -0.9892067 -0.3402113 -0.1498016 -0.9892067 -0.3397569 0.01419484 -0.9836286 -0.321816 -0.1504537 -0.9801815 -0.3331848 -0.1500508 -0.9836286 -0.3213622 0.01354289 -0.9947841 -0.321816 -0.1504537 -0.9947841 -0.3213622 0.01354289 -0.9982316 -0.332731 0.01394581 -0.9982316 -0.3331848 -0.1500508 -0.9801817 -0.3130377 0.08181977 -0.9892067 -0.3200641 0.08206886 -0.9836288 -0.3016689 0.0814169 -0.9801815 -0.332731 0.01394581 -0.9947841 -0.3016689 0.0814169 -0.9982316 -0.3130377 0.08181977 -0.9892067 -0.3177548 0.1284279 -0.9836288 -0.2993597 0.127776 -0.9947841 -0.2993597 0.127776 -0.9982316 -0.3107284 0.1281787 -0.9780105 -0.3166838 0.1509338 -0.9801817 -0.3107284 0.1281787 -0.9787276 -0.2989994 0.1387566 -0.9867774 -0.2989996 0.1460077 -0.9876751 -0.3090456 0.1533885 -0.954233 -0.3171716 0.1554515 -0.9548048 -0.3095329 0.1436542 -0.962109 -0.2994878 0.1447613 -0.9730733 -0.307985 0.1406982 -0.9660516 -0.2994876 0.1572428 -0.9611839 -0.3095329 0.1638495 -0.9352756 -0.3171716 0.1554515 -0.9358476 -0.3095329 0.1436542 -0.943152 -0.2994878 0.1447613 -0.9470942 -0.2994876 0.1572428 -0.9422267 -0.3095329 0.1638495 -0.9270164 -0.2988874 0.1554515 -0.9275883 -0.2912487 0.1436542 -0.9348926 -0.2812035 0.1447613 -0.938835 -0.2812035 0.1572428 -0.9339673 -0.291249 0.1638495 -0.9892069 3.105759 -0.149802 -0.9836289 3.087365 -0.1504538 -0.9892071 3.105306 0.0141946 -0.9836289 3.086911 0.01354271 -0.9801818 3.098733 -0.1500511 -0.9947844 3.086911 0.01354271 -0.9947844 3.087365 -0.1504538 -0.9982317 3.098279 0.01394551 -0.9982317 3.098733 -0.1500511 -0.9892071 3.085612 0.08206862 -0.9836289 3.067218 0.08141666 -0.9801818 3.098279 0.01394551 -0.9801818 3.078587 0.08181959 -0.9947844 3.067218 0.08141666 -0.9982317 3.078587 0.08181959 -0.9801818 3.076276 0.1281788 -0.9892071 3.083303 0.1284276 -0.9836289 3.064908 0.1277759 -0.9947844 3.064908 0.1277759 -0.9982317 3.076276 0.1281788 -0.9780108 3.082232 0.1509336 -0.9787279 3.064548 0.1387563 -0.9730736 3.073534 0.1406978 -0.9867774 3.064549 0.1460074 -0.9876753 3.074594 0.1533883 -0.9542333 3.08272 0.1554514 -0.9621093 3.065036 0.1447612 -0.9548051 3.075081 0.1436539 -0.9660519 3.065036 0.1572425 -0.9611842 3.075081 0.1638495 -0.9352759 3.08272 0.1554514 -0.943152 3.065036 0.1447612 -0.9358478 3.075081 0.1436539 -0.9470945 3.065036 0.1572425 -0.942227 3.075081 0.1638495 -0.9270167 3.064436 0.1554514 -0.9348929 3.046752 0.1447612 -0.9275884 3.056797 0.1436541 -0.9388353 3.046752 0.1572425 -0.9339675 3.056797 0.1638495 1.008537 3.087365 -0.1504536 1.014115 3.105759 -0.1498019 1.019693 3.087365 -0.1504536 1.014115 3.105306 0.01419472 1.008537 3.086911 0.01354289 1.00509 3.098278 0.01394569 1.00509 3.098733 -0.1500509 1.019693 3.086911 0.01354289 1.02314 3.098733 -0.1500509 1.02314 3.098278 0.01394569 1.014115 3.085612 0.0820688 1.008537 3.067217 0.08141684 1.019693 3.067217 0.08141684 1.02314 3.078586 0.08181965 1.014115 3.083303 0.1284281 1.008537 3.064908 0.1277761 1.00509 3.076276 0.128179 1.00509 3.078586 0.08181965 1.019693 3.064908 0.1277761 1.02314 3.076276 0.128179 0.9979818 3.073534 0.140698 1.002919 3.082232 0.1509339 1.003636 3.064548 0.1387567 1.011685 3.064548 0.146008 1.012584 3.074594 0.1533887 0.9791412 3.082719 0.1554517 0.9797133 3.075081 0.1436544 0.9870174 3.065036 0.1447613 0.9909599 3.065036 0.1572426 0.986092 3.075081 0.1638498 0.960184 3.082719 0.1554517 0.9680602 3.065036 0.1447613 0.9720026 3.065036 0.1572426 0.9671349 3.075081 0.1638498 0.9519249 3.064436 0.1554517 0.9524967 3.056797 0.1436544 0.9598009 3.046752 0.1447613 0.9607559 3.075081 0.1436544 0.9637434 3.046752 0.1572426 0.9588756 3.056797 0.1638498 0.9932408 -0.2665646 -0.3834185 0.9932404 3.030138 -0.4318615 -0.9692605 -0.2665648 -0.4318612 -0.9692605 -0.2665648 -0.3834185 1.02385 3.017665 -0.333003 1.023851 -0.2459625 -0.3330026 1.012295 2.985022 -0.2975825 1.012296 -0.2149565 -0.2975821 1.012296 -0.2149564 0.08572912 1.02385 3.017665 0.1211493 -0.9880075 2.985023 -0.2975823 -0.9880068 -0.2149569 -0.2975819 -0.9880075 2.985023 0.08572888 0.9932408 -0.2665646 -0.4318612 -0.9692611 3.030138 -0.4318615 0.9932404 3.030138 -0.3834188 -0.9692611 3.030138 -0.3834188 0.9094079 -0.2824758 -0.297064 0.9383285 -0.2948642 0.1216676 -0.9181754 -0.294355 0.1216672 0.9958998 3.037597 0.1499599 0.9958998 3.037597 0.1017249 0.9958998 3.062674 0.1499599 -1.004298 -0.2720494 0.1017253 1.029207 -0.2550626 0.1162456 1.029207 -0.2720493 0.1499603 1.029207 3.062674 0.1017249 0.9958998 3.062674 0.1017249 -0.9709919 3.062674 0.1017249 -0.9709919 3.062674 0.1499599 -1.004298 -0.2971259 0.1017253 -0.9709913 -0.2971259 0.1499603 -0.9709913 -0.2971259 0.1017253 1.029207 -0.2971255 0.1499603 1.029207 3.062674 0.1499599 1.029207 3.037597 0.1017249 -1.004299 3.062674 0.1499599 -1.004299 3.062674 0.1017249 1.029207 3.020611 0.1162452 1.040598 -0.1232802 0.04287391 1.040598 -0.1342571 0.04287391 1.015207 -0.1232802 0.07612305 1.015207 -0.1342571 0.07612305 1.037016 -0.1342571 0.03294748 1.040339 -0.1232802 0.03076237 1.011883 -0.1342571 0.02794855 1.015182 -0.1232802 0.02505779 1.0118 -0.1232802 0.00960803 1.0118 -0.1342571 0.00960803 1.015207 -0.1232802 0.009624779 1.037274 -0.1232802 0.04287391 1.037016 -0.1232802 0.05280035 1.040339 -0.1232802 0.05498546 1.037274 -0.1342571 0.04287391 1.037016 -0.1342571 0.05280035 1.040339 -0.1342571 0.05498546 1.011883 -0.1232802 0.05779927 1.015182 -0.1232802 0.06068998 1.011883 -0.1342571 0.05779927 1.015182 -0.1342571 0.06068998 1.0118 -0.1232802 0.07613974 1.0118 -0.1342571 0.07613974 1.037016 -0.1232802 0.03294748 1.040339 -0.1342571 0.03076237 1.011883 -0.1232802 0.02794855 1.015182 -0.1342571 0.02505779 1.015207 -0.1342571 0.009624779 1.037016 0.1878871 0.05280029 1.037274 0.1769101 0.04287385 1.037016 0.1769101 0.05280029 1.040339 0.1878871 0.0549854 1.040598 0.1878871 0.04287385 1.040339 0.1769101 0.0549854 1.011883 0.187887 0.05779922 1.011883 0.17691 0.05779922 1.015182 0.17691 0.06068992 1.037016 0.1878871 0.03294742 1.037016 0.1769101 0.03294742 1.040339 0.1878871 0.03076231 1.040339 0.1769101 0.03076231 1.015182 0.187887 0.02505779 1.0118 0.187887 0.00960803 1.0118 0.17691 0.00960803 1.015206 0.187887 0.009624779 1.015206 0.17691 0.009624779 1.037274 0.1878871 0.04287385 1.040598 0.1769101 0.04287385 1.015182 0.187887 0.06068992 1.0118 0.187887 0.07613974 1.015206 0.187887 0.07612299 1.0118 0.17691 0.07613974 1.015206 0.17691 0.07612299 1.011883 0.187887 0.02794855 1.011883 0.17691 0.02794855 1.015182 0.17691 0.02505779 1.037274 2.587053 0.04287362 1.037015 2.587053 0.05280005 1.040597 2.587053 0.04287362 1.011883 2.576076 0.05779898 1.011799 2.587053 0.07613945 1.015206 2.587053 0.07612276 1.040339 2.587053 0.03076207 1.040339 2.576076 0.03076207 1.011883 2.587053 0.02794826 1.015182 2.587053 0.02505749 1.015182 2.576076 0.02505749 1.015206 2.587053 0.009624481 1.015206 2.576076 0.009624481 1.040339 2.587053 0.05498516 1.040597 2.576076 0.04287362 1.037274 2.576076 0.04287362 1.037015 2.576076 0.05280005 1.040339 2.576076 0.05498516 1.011883 2.587053 0.05779898 1.015182 2.587053 0.06068968 1.015182 2.576076 0.06068968 1.011799 2.576076 0.07613945 1.015206 2.576076 0.07612276 1.037015 2.587053 0.03294718 1.037015 2.576076 0.03294718 1.011883 2.576076 0.02794826 1.011799 2.587053 0.009607732 1.011799 2.576076 0.009607732 1.037273 2.89822 0.04287356 1.037015 2.89822 0.05279999 1.037273 2.887243 0.04287356 1.011883 2.89822 0.05779892 1.015182 2.887243 0.06068962 1.015206 2.89822 0.0761227 1.037015 2.89822 0.03294712 1.011883 2.89822 0.0279482 1.011883 2.887243 0.0279482 1.015182 2.887243 0.02505743 1.011799 2.887243 0.009607672 1.015206 2.89822 0.009624421 1.015206 2.887243 0.009624421 1.040597 2.89822 0.04287356 1.040338 2.89822 0.0549851 1.040597 2.887243 0.04287356 1.037015 2.887243 0.05279999 1.040338 2.887243 0.0549851 1.015182 2.89822 0.06068962 1.011883 2.887243 0.05779892 1.011799 2.89822 0.07613939 1.011799 2.887243 0.07613939 1.015206 2.887243 0.0761227 1.040338 2.89822 0.03076201 1.037015 2.887243 0.03294712 1.040338 2.887243 0.03076201 1.015182 2.89822 0.02505743 1.011799 2.89822 0.009607672 1.037016 0.6227222 0.05280023 1.040598 0.6336992 0.04287379 1.011883 0.6336992 0.05779916 1.015182 0.6227222 0.06068986 1.015206 0.6336992 0.07612293 1.015206 0.6227222 0.07612293 1.037016 0.6336992 0.03294736 1.040339 0.6336992 0.03076225 1.040339 0.6227222 0.03076225 1.011883 0.6336992 0.02794849 1.015182 0.6336992 0.02505773 1.015182 0.6227222 0.02505773 1.011799 0.6336992 0.00960797 1.037274 0.6336992 0.04287379 1.037016 0.6336992 0.05280023 1.040339 0.6336992 0.05498534 1.040598 0.6227222 0.04287379 1.037274 0.6227222 0.04287379 1.040339 0.6227222 0.05498534 1.015182 0.6336992 0.06068986 1.011883 0.6227222 0.05779916 1.011799 0.6336992 0.07613968 1.011799 0.6227222 0.07613968 1.037016 0.6227222 0.03294736 1.011883 0.6227222 0.02794849 1.015206 0.6336992 0.009624719 1.011799 0.6227222 0.00960797 1.015206 0.6227222 0.009624719 1.037274 1.152285 0.04287374 1.037274 1.141308 0.04287374 1.040339 1.152285 0.05498528 1.040598 1.152285 0.04287374 1.011883 1.141308 0.0577991 1.011799 1.152285 0.07613962 1.011799 1.141308 0.07613962 1.015206 1.141308 0.07612287 1.037016 1.152285 0.0329473 1.040339 1.141308 0.03076219 1.011883 1.141308 0.02794843 1.015182 1.152285 0.02505767 1.015182 1.141308 0.02505767 1.011799 1.152285 0.009607911 1.011799 1.141308 0.009607911 1.037016 1.152285 0.05280017 1.040598 1.141308 0.04287374 1.037016 1.141308 0.05280017 1.040339 1.141308 0.05498528 1.011883 1.152285 0.0577991 1.015182 1.152285 0.0606898 1.015182 1.141308 0.0606898 1.015206 1.152285 0.07612287 1.040339 1.152285 0.03076219 1.037016 1.141308 0.0329473 1.011883 1.152285 0.02794843 1.015206 1.152285 0.00962466 1.015206 1.141308 0.00962466 1.037274 1.627906 0.04287368 1.037015 1.627906 0.05280011 1.037274 1.616929 0.04287368 1.040339 1.627906 0.05498522 1.011883 1.616929 0.05779904 1.015182 1.627906 0.06068974 1.015182 1.616929 0.06068974 1.011799 1.627906 0.07613956 1.011799 1.616929 0.07613956 1.037015 1.627906 0.03294724 1.037015 1.616929 0.03294724 1.015182 1.627906 0.02505761 1.011799 1.627906 0.009607851 1.015206 1.627906 0.0096246 1.040597 1.627906 0.04287368 1.040597 1.616929 0.04287368 1.037015 1.616929 0.05280011 1.040339 1.616929 0.05498522 1.011883 1.627906 0.05779904 1.015206 1.627906 0.07612282 1.015206 1.616929 0.07612282 1.040339 1.627906 0.03076213 1.040339 1.616929 0.03076213 1.011883 1.627906 0.02794837 1.011883 1.616929 0.02794837 1.015182 1.616929 0.02505761 1.011799 1.616929 0.009607851 1.015206 1.616929 0.0096246 1.037015 2.210075 0.05280005 1.040597 2.210075 0.04287362 1.040597 2.199097 0.04287362 1.040339 2.199097 0.05498516 1.011883 2.210075 0.05779898 1.011883 2.199097 0.05779898 1.015182 2.210075 0.06068968 1.015182 2.199097 0.06068968 1.011799 2.199097 0.0761395 1.015206 2.210075 0.07612276 1.015206 2.199097 0.07612276 1.037015 2.210075 0.03294718 1.037015 2.199097 0.03294718 1.015182 2.199097 0.02505755 1.011799 2.199097 0.009607791 1.015206 2.199097 0.00962454 1.037274 2.210075 0.04287362 1.040339 2.210075 0.05498516 1.037274 2.199097 0.04287362 1.037015 2.199097 0.05280005 1.011799 2.210075 0.0761395 1.040339 2.210075 0.03076207 1.040339 2.199097 0.03076207 1.011883 2.210075 0.02794831 1.015182 2.210075 0.02505755 1.011883 2.199097 0.02794831 1.011799 2.210075 0.009607791 1.015206 2.210075 0.00962454 -1.012369 -0.1232804 0.05280035 -1.012627 -0.1232804 0.04287391 -1.012627 -0.1342573 0.04287391 -1.012369 -0.1342573 0.05280035 -1.015951 -0.1232804 0.04287391 -1.015951 -0.1342573 0.04287391 -0.9905363 -0.1342573 0.06068998 -0.987153 -0.1342573 0.07613974 -0.9905602 -0.1342573 0.07612305 -1.012369 -0.1232804 0.03294748 -1.012369 -0.1342573 0.03294748 -1.015692 -0.1232804 0.03076237 -1.015692 -0.1342573 0.03076237 -0.9905363 -0.1232804 0.02505779 -0.987153 -0.1342573 0.00960803 -0.9905602 -0.1232804 0.009624779 -1.015692 -0.1232804 0.05498546 -1.015692 -0.1342573 0.05498546 -0.9872372 -0.1232804 0.05779927 -0.9905363 -0.1232804 0.06068998 -0.9872372 -0.1342573 0.05779927 -0.987153 -0.1232804 0.07613974 -0.9905602 -0.1232804 0.07612305 -0.9872372 -0.1232804 0.02794855 -0.9872372 -0.1342573 0.02794855 -0.9905363 -0.1342573 0.02505779 -0.987153 -0.1232804 0.00960803 -0.9905602 -0.1342573 0.009624779 -1.012369 0.1878868 0.05280029 -1.012627 0.1878868 0.04287385 -1.015951 0.1878868 0.04287385 -1.015692 0.1878868 0.0549854 -1.015692 0.1769098 0.0549854 -0.9872373 0.1769099 0.05779922 -0.9871531 0.1878869 0.07613974 -0.9871531 0.1769099 0.07613974 -0.9905604 0.1878869 0.07612299 -1.012369 0.1769098 0.03294742 -1.015692 0.1878868 0.03076231 -1.015692 0.1769098 0.03076231 -0.9905364 0.1878869 0.02505779 -0.9905364 0.1769099 0.02505779 -0.9871531 0.1769099 0.00960803 -0.9905604 0.1878869 0.009624779 -1.012627 0.1769098 0.04287385 -1.015951 0.1769098 0.04287385 -1.012369 0.1769098 0.05280029 -0.9872373 0.1878869 0.05779922 -0.9905364 0.1878869 0.06068992 -0.9905364 0.1769099 0.06068992 -0.9905604 0.1769099 0.07612299 -1.012369 0.1878868 0.03294742 -0.9872373 0.1878869 0.02794855 -0.9872373 0.1769099 0.02794855 -0.9871531 0.1878869 0.00960803 -0.9905604 0.1769099 0.009624779 -1.01237 2.587053 0.05280005 -1.012628 2.587053 0.04287362 -1.012628 2.576076 0.04287362 -1.01237 2.576076 0.05280005 -1.015693 2.587053 0.05498516 -1.015951 2.576076 0.04287362 -0.9905365 2.587053 0.06068968 -0.9905365 2.576076 0.06068968 -0.9871532 2.587053 0.07613945 -0.9871532 2.576076 0.07613945 -0.9905605 2.576076 0.07612276 -1.01237 2.576076 0.03294718 -1.015693 2.576076 0.03076207 -0.9872374 2.587053 0.02794826 -0.9872374 2.576076 0.02794826 -0.9905365 2.587053 0.02505749 -0.9905605 2.576076 0.009624481 -1.015951 2.587053 0.04287362 -1.015693 2.576076 0.05498516 -0.9872374 2.587053 0.05779898 -0.9872374 2.576076 0.05779898 -0.9905605 2.587053 0.07612276 -1.01237 2.587053 0.03294718 -1.015693 2.587053 0.03076207 -0.9905365 2.576076 0.02505749 -0.9871532 2.587053 0.009607732 -0.9905605 2.587053 0.009624481 -0.9871532 2.576076 0.009607732 -1.01237 2.89822 0.05279999 -1.012628 2.887243 0.04287356 -1.015693 2.89822 0.0549851 -1.015951 2.887243 0.04287356 -0.9871534 2.89822 0.07613939 -0.9905606 2.89822 0.0761227 -1.01237 2.89822 0.03294712 -1.015693 2.887243 0.03076201 -0.9905366 2.887243 0.02505743 -0.9871534 2.89822 0.009607672 -0.9871534 2.887243 0.009607672 -0.9905606 2.89822 0.009624421 -1.015951 2.89822 0.04287356 -1.012628 2.89822 0.04287356 -1.01237 2.887243 0.05279999 -1.015693 2.887243 0.0549851 -0.9872375 2.89822 0.05779892 -0.9905366 2.89822 0.06068962 -0.9872375 2.887243 0.05779892 -0.9905366 2.887243 0.06068962 -0.9871534 2.887243 0.07613939 -0.9905606 2.887243 0.0761227 -1.015693 2.89822 0.03076201 -1.01237 2.887243 0.03294712 -0.9872375 2.89822 0.0279482 -0.9905366 2.89822 0.02505743 -0.9872375 2.887243 0.0279482 -0.9905606 2.887243 0.009624421 -1.012369 0.633699 0.05280023 -1.012627 0.633699 0.04287379 -1.015951 0.633699 0.04287379 -1.015692 0.633699 0.05498534 -0.9905364 0.633699 0.06068986 -0.9871531 0.633699 0.07613968 -0.9871531 0.622722 0.07613968 -0.9905604 0.633699 0.07612293 -0.9905604 0.622722 0.07612293 -1.012369 0.633699 0.03294736 -1.015692 0.633699 0.03076225 -1.015692 0.622722 0.03076225 -0.9905364 0.633699 0.02505773 -0.9905364 0.622722 0.02505773 -1.012627 0.622722 0.04287379 -1.015951 0.622722 0.04287379 -1.012369 0.622722 0.05280023 -1.015692 0.622722 0.05498534 -0.9872373 0.633699 0.05779916 -0.9872373 0.622722 0.05779916 -0.9905364 0.622722 0.06068986 -1.012369 0.622722 0.03294736 -0.9872373 0.633699 0.02794849 -0.9872373 0.622722 0.02794849 -0.9871531 0.633699 0.00960797 -0.9905604 0.633699 0.009624719 -0.9871531 0.622722 0.00960797 -0.9905604 0.622722 0.009624719 -1.012369 1.152284 0.05280017 -1.012627 1.152284 0.04287374 -1.012369 1.141307 0.05280017 -1.015951 1.152284 0.04287374 -1.015951 1.141307 0.04287374 -1.015692 1.141307 0.05498528 -0.9872373 1.152284 0.0577991 -0.9872373 1.141307 0.0577991 -0.9905364 1.152284 0.0606898 -0.9905364 1.141307 0.0606898 -0.9905604 1.141307 0.07612287 -1.015692 1.152284 0.03076219 -0.9872373 1.152284 0.02794843 -0.9905364 1.152284 0.02505767 -0.9905364 1.141307 0.02505767 -0.9871531 1.152284 0.009607911 -1.015692 1.152284 0.05498528 -1.012627 1.141307 0.04287374 -0.9871531 1.152284 0.07613962 -0.9905604 1.152284 0.07612287 -0.9871531 1.141307 0.07613962 -1.012369 1.152284 0.0329473 -1.012369 1.141307 0.0329473 -1.015692 1.141307 0.03076219 -0.9872373 1.141307 0.02794843 -0.9905604 1.152284 0.00962466 -0.9871531 1.141307 0.009607911 -0.9905604 1.141307 0.00962466 -1.015951 1.627906 0.04287368 -1.015693 1.616929 0.05498522 -0.9872374 1.627906 0.05779904 -0.9905365 1.627906 0.06068974 -0.9905365 1.616929 0.06068974 -0.9871532 1.627906 0.07613956 -0.9905605 1.627906 0.07612282 -1.01237 1.627906 0.03294724 -1.01237 1.616929 0.03294724 -1.015693 1.616929 0.03076213 -0.9905365 1.627906 0.02505761 -0.9905365 1.616929 0.02505761 -0.9871532 1.627906 0.009607851 -0.9871532 1.616929 0.009607851 -0.9905605 1.627906 0.0096246 -0.9905605 1.616929 0.0096246 -1.012628 1.627906 0.04287368 -1.01237 1.627906 0.05280011 -1.015693 1.627906 0.05498522 -1.012628 1.616929 0.04287368 -1.015951 1.616929 0.04287368 -1.01237 1.616929 0.05280011 -0.9872374 1.616929 0.05779904 -0.9871532 1.616929 0.07613956 -0.9905605 1.616929 0.07612282 -1.015693 1.627906 0.03076213 -0.9872374 1.627906 0.02794837 -0.9872374 1.616929 0.02794837 -1.012628 2.210075 0.04287362 -1.015951 2.199097 0.04287362 -1.015693 2.199097 0.05498516 -0.9872374 2.210075 0.05779898 -0.9872374 2.199097 0.05779898 -0.9905365 2.210075 0.06068968 -0.9905365 2.199097 0.06068968 -0.9871532 2.210075 0.0761395 -0.9871532 2.199097 0.0761395 -0.9905605 2.199097 0.07612276 -1.01237 2.210075 0.03294718 -0.9872374 2.210075 0.02794831 -0.9905605 2.199097 0.00962454 -1.015951 2.210075 0.04287362 -1.01237 2.210075 0.05280005 -1.015693 2.210075 0.05498516 -1.012628 2.199097 0.04287362 -1.01237 2.199097 0.05280005 -0.9905605 2.210075 0.07612276 -1.015693 2.210075 0.03076207 -1.01237 2.199097 0.03294718 -1.015693 2.199097 0.03076207 -0.9905365 2.210075 0.02505755 -0.9872374 2.199097 0.02794831 -0.9905365 2.199097 0.02505755 -0.9871532 2.210075 0.009607791 -0.9905605 2.210075 0.00962454 -0.9871532 2.199097 0.009607791 -0.8129813 -0.3097538 0.0510776 -0.8129813 -0.3134174 0.05326271 -0.8129813 -0.3137025 0.04115116 -0.8229377 -0.3137025 0.04115116 -0.8229377 -0.3134174 0.05326271 -0.8229377 -0.2820452 0.05607652 -0.8129813 -0.2856825 0.05896723 -0.8229377 -0.2856825 0.05896723 -0.8129813 -0.2857088 0.0744003 -0.8229377 -0.2857088 0.0744003 -0.8129813 -0.3097538 0.03122472 -0.8229377 -0.3097538 0.03122472 -0.8229377 -0.3134174 0.02903962 -0.8129813 -0.2820452 0.02622586 -0.8229377 -0.2856825 0.02333509 -0.8129813 -0.2819525 0.007885336 -0.8129813 -0.2857088 0.007902085 -0.8229377 -0.2857088 0.007902085 -0.8129813 -0.3100381 0.04115116 -0.8229377 -0.3100381 0.04115116 -0.8229377 -0.3097538 0.0510776 -0.8129813 -0.2820452 0.05607652 -0.8129813 -0.2819525 0.07441699 -0.8229377 -0.2819525 0.07441699 -0.8129813 -0.3134174 0.02903962 -0.8129813 -0.2856825 0.02333509 -0.8229377 -0.2820452 0.02622586 -0.8229377 -0.2819525 0.007885336 -0.5307453 -0.310038 0.04115116 -0.5407017 -0.3097533 0.0510776 -0.5307453 -0.3137025 0.04115116 -0.5407017 -0.3137025 0.04115116 -0.5407017 -0.3134169 0.05326271 -0.5307453 -0.285682 0.05896723 -0.5407017 -0.285682 0.05896723 -0.5307453 -0.2819524 0.07441699 -0.5407017 -0.2819524 0.07441699 -0.5307453 -0.2857088 0.0744003 -0.5307453 -0.3097533 0.03122472 -0.5307453 -0.3134169 0.02903962 -0.5407017 -0.3134169 0.02903962 -0.5307453 -0.2820448 0.02622586 -0.5407017 -0.2820448 0.02622586 -0.5407017 -0.2819525 0.007885336 -0.5307453 -0.3097533 0.0510776 -0.5307453 -0.3134169 0.05326271 -0.5407017 -0.310038 0.04115116 -0.5307453 -0.2820447 0.05607652 -0.5407017 -0.2820447 0.05607652 -0.5407017 -0.2857088 0.0744003 -0.5407017 -0.3097533 0.03122472 -0.5307453 -0.2856821 0.02333509 -0.5407017 -0.2856821 0.02333509 -0.5307453 -0.2819525 0.007885336 -0.5307453 -0.2857088 0.007902085 -0.5407017 -0.2857088 0.007902085 0.5638365 -0.310038 0.04115116 0.5638365 -0.3097532 0.0510776 0.5737929 -0.3134168 0.05326271 0.5638365 -0.3134168 0.05326271 0.5638365 -0.2820447 0.05607652 0.5737929 -0.2819523 0.07441699 0.5638365 -0.2819523 0.07441699 0.5638365 -0.2857087 0.0744003 0.5638365 -0.3097532 0.03122472 0.5737929 -0.3134168 0.02903962 0.5638365 -0.3134168 0.02903962 0.5737929 -0.2820447 0.02622586 0.5737929 -0.285682 0.02333509 0.5638365 -0.2819523 0.007885336 0.5737929 -0.2857087 0.007902085 0.5737929 -0.310038 0.04115116 0.5737929 -0.3137024 0.04115116 0.5737929 -0.3097532 0.0510776 0.5638365 -0.3137024 0.04115116 0.5737929 -0.2820447 0.05607652 0.5737929 -0.285682 0.05896723 0.5638365 -0.285682 0.05896723 0.5737929 -0.2857087 0.0744003 0.5737929 -0.3097532 0.03122472 0.5638365 -0.2820447 0.02622586 0.5638365 -0.285682 0.02333509 0.5737929 -0.2819523 0.007885336 0.5638365 -0.2857087 0.007902085 0.8560282 -0.3100379 0.04115116 0.8560282 -0.3097532 0.0510776 0.846072 -0.3100379 0.04115116 0.846072 -0.3097532 0.0510776 0.846072 -0.3137024 0.04115116 0.846072 -0.3134168 0.05326271 0.8560282 -0.2820446 0.05607652 0.846072 -0.2820446 0.05607652 0.8560282 -0.2856819 0.05896723 0.846072 -0.2819523 0.07441699 0.8560282 -0.2857087 0.0744003 0.846072 -0.2820447 0.02622586 0.846072 -0.285682 0.02333509 0.846072 -0.2819523 0.007885336 0.846072 -0.2857087 0.007902085 0.8560282 -0.3137024 0.04115116 0.8560282 -0.3134168 0.05326271 0.846072 -0.2856819 0.05896723 0.8560282 -0.2819523 0.07441699 0.846072 -0.2857087 0.0744003 0.8560282 -0.3097532 0.03122472 0.8560282 -0.3134168 0.02903962 0.846072 -0.3097532 0.03122472 0.846072 -0.3134168 0.02903962 0.8560282 -0.2820447 0.02622586 0.8560282 -0.285682 0.02333509 0.8560282 -0.2819523 0.007885336 0.8560282 -0.2857087 0.007902085 -0.1879548 -0.310038 0.04115116 -0.1879548 -0.3134169 0.05326271 -0.1879548 -0.3137025 0.04115116 -0.1879548 -0.2820447 0.05607652 -0.1979112 -0.2820447 0.05607652 -0.1979112 -0.2819524 0.07441699 -0.1879548 -0.2857087 0.0744003 -0.1879548 -0.3134169 0.02903962 -0.1979112 -0.3134169 0.02903962 -0.1979112 -0.285682 0.02333509 -0.1879548 -0.2819524 0.007885336 -0.1979112 -0.2819524 0.007885336 -0.1979112 -0.2857087 0.007902085 -0.1879548 -0.3097533 0.0510776 -0.1979112 -0.3137025 0.04115116 -0.1979112 -0.310038 0.04115116 -0.1979112 -0.3097533 0.0510776 -0.1979112 -0.3134169 0.05326271 -0.1879548 -0.285682 0.05896723 -0.1979112 -0.285682 0.05896723 -0.1879548 -0.2819524 0.07441699 -0.1979112 -0.2857087 0.0744003 -0.1879548 -0.3097533 0.03122472 -0.1979112 -0.3097533 0.03122472 -0.1879548 -0.2820447 0.02622586 -0.1879548 -0.285682 0.02333509 -0.1979112 -0.2820447 0.02622586 -0.1879548 -0.2857087 0.007902085 0.2434444 -0.310038 0.04115116 0.2434444 -0.3134168 0.05326271 0.233488 -0.285682 0.05896723 0.233488 -0.2857087 0.0744003 0.2434444 -0.3097532 0.03122472 0.2434444 -0.3134168 0.02903962 0.233488 -0.2820447 0.02622586 0.2434444 -0.285682 0.02333509 0.2434444 -0.2819524 0.007885336 0.233488 -0.2857087 0.007902085 0.2434444 -0.3137024 0.04115116 0.2434444 -0.3097532 0.0510776 0.233488 -0.3137024 0.04115116 0.233488 -0.310038 0.04115116 0.233488 -0.3097532 0.0510776 0.233488 -0.3134168 0.05326271 0.2434444 -0.2820447 0.05607652 0.2434444 -0.285682 0.05896723 0.233488 -0.2820447 0.05607652 0.2434444 -0.2819523 0.07441699 0.2434444 -0.2857087 0.0744003 0.233488 -0.2819523 0.07441699 0.233488 -0.3097532 0.03122472 0.233488 -0.3134168 0.02903962 0.2434444 -0.2820447 0.02622586 0.233488 -0.285682 0.02333509 0.2434444 -0.2857087 0.007902085 0.233488 -0.2819524 0.007885336 1.006795 2.569462 -0.4033567 1.018782 2.569377 -0.4033567 0.9970968 2.569531 -0.4117841 1.010499 2.569436 -0.4169923 1.006366 2.496848 -0.4033567 1.01007 2.496821 -0.3897213 1.01007 2.496821 -0.4169923 1.002306 1.374621 -0.4033566 0.9926081 1.374691 -0.3949294 1.00601 1.374594 -0.3897213 0.9926081 1.374691 -0.4117839 1.013864 1.301921 -0.4033568 1.001877 1.302007 -0.4033568 0.9921792 1.302077 -0.3949296 -0.978352 1.374621 -0.4033565 -0.966365 1.374535 -0.4033565 -0.9880495 1.374691 -0.3949292 -0.9880495 1.374691 -0.4117838 -0.9787808 1.302007 -0.4033565 0.9977641 0.08429056 -0.4033564 1.001469 0.08426409 -0.389721 1.001469 0.08426409 -0.416992 1.009323 0.01159042 -0.4033564 0.9973356 0.01167654 -0.4033564 0.9876375 0.01174598 -0.3949292 -0.9828937 0.08429044 -0.4033564 -0.9709066 0.08420431 -0.4033564 -0.992591 0.08436012 -0.4117838 -0.9791893 0.08426398 -0.416992 -0.9833224 0.01167643 -0.4033564 -0.9796183 0.0116499 -0.389721 -0.9930202 0.0117461 -0.4117838 -0.9796183 0.0116499 -0.416992 -0.9738631 2.569462 -0.4033567 -0.983561 2.569532 -0.3949295 -0.9701589 2.569436 -0.3897213 -0.974292 2.496848 -0.4033567 -0.9705877 2.496821 -0.3897213 -0.9839897 2.496918 -0.4117841 -0.9705877 2.496821 -0.4169923 1.005581 1.301981 -0.3897213 1.014293 1.374535 -0.4033568 0.9921792 1.302077 -0.4117841 1.005581 1.301981 -0.4169923 1.00601 1.374594 -0.4169923 -0.966794 1.301921 -0.4033565 -0.9884785 1.302077 -0.3949292 -0.9746477 1.374594 -0.3897209 -0.9750767 1.30198 -0.3897209 -0.9884785 1.302077 -0.4117837 -0.9750767 1.30198 -0.4169921 -0.9746477 1.374594 -0.4169921 1.009751 0.08420443 -0.4033564 1.001039 0.01165002 -0.389721 0.9880664 0.08436024 -0.3949292 0.9876375 0.01174598 -0.4117838 0.9880664 0.08436024 -0.4117838 1.001039 0.01165002 -0.416992 -0.9713354 0.01159048 -0.4033564 -0.9930202 0.0117461 -0.3949292 -0.9791893 0.08426398 -0.389721 -0.992591 0.08436012 -0.3949292 1.018353 2.496762 -0.4033567 1.010499 2.569436 -0.3897213 0.9966682 2.496917 -0.3949295 0.9970968 2.569531 -0.3949295 0.9966682 2.496917 -0.4117841 -0.961876 2.569377 -0.4033567 -0.9623048 2.496762 -0.4033567 -0.9839897 2.496918 -0.3949295 -0.983561 2.569532 -0.4117841 -0.9701589 2.569436 -0.4169923 0.4327763 2.94415 -0.4283794 0.977639 2.938573 -0.4342842 0.9776295 2.945159 -0.4342107 0.9671745 2.938503 -0.4284528 0.9671651 2.945089 -0.4283794 0.6999801 2.938038 -0.4289152 0.6999705 2.944623 -0.4288417 0.938328 3.056825 -0.3884261 0.9824647 3.056825 -0.3295097 -0.9181754 3.056315 -0.3884263 -0.9181754 3.056315 -0.3295099 -0.9585557 3.056315 -0.3884263 0.9383282 3.056825 0.1246426 0.9824647 3.056825 0.1246426 -0.8877282 3.043928 -0.2940892 0.9094075 3.044436 -0.294089 -0.8877282 3.043927 0.08922177 0.9824647 3.056825 0.1854218 -0.9585557 3.056315 0.1854215 0.9824647 3.056825 -0.3884261 0.9824212 3.019251 -0.3881707 -0.9585554 3.056315 -0.3295099 -0.9585418 3.018742 -0.3881709 -0.9585557 3.056315 0.1246421 -0.9585418 3.018742 0.1855893 0.9824212 3.019251 0.1855897 0.9383282 3.056825 0.1854218 -0.9181754 3.056315 0.1854215 0.8872957 3.051776 -0.09521949 0.8872957 3.051776 -4.73469e-4 -0.8562397 3.051267 -0.09521979 -0.8562399 3.051267 -4.73589e-4 0.8872957 3.050771 0.006377518 0.8913458 3.050771 0.004370868 0.8930236 3.050771 -4.73469e-4 0.8930236 3.050771 -0.09521949 0.8913458 3.050771 -0.1000639 0.8872957 3.050771 -0.1020705 -0.8562397 3.050263 -0.1020706 -0.86029 3.050263 -0.1000639 -0.8619678 3.050263 -0.09521979 -0.8619678 3.050263 -4.73589e-4 -0.86029 3.050263 0.004370689 -0.8562399 3.050263 0.00637722 0.8872957 3.04463 0.009215235 0.8930236 3.04463 0.006377518 0.8953962 3.04463 -4.73469e-4 0.8953962 3.04463 -0.09521949 0.8930236 3.04463 -0.1020705 0.8872957 3.04463 -0.1049081 -0.8562397 3.044121 -0.1049083 -0.8619678 3.044121 -0.1020706 -0.8643404 3.044121 -0.09521979 -0.8643404 3.044121 -4.73589e-4 -0.8619678 3.044121 0.00637722 -0.8562399 3.044121 0.009215056 0.8872957 3.051776 -0.2381733 0.8872957 3.051776 -0.1434268 -0.8562397 3.051267 -0.2381734 -0.8562397 3.051267 -0.143427 0.8872957 3.050771 -0.1365759 0.8913458 3.050771 -0.1385825 0.8930236 3.050771 -0.1434268 0.8930236 3.050771 -0.2381733 0.8913458 3.050771 -0.2430175 0.8872957 3.050771 -0.2450241 -0.8562397 3.050263 -0.2450242 -0.86029 3.050263 -0.2430177 -0.8619678 3.050263 -0.2381734 -0.8619678 3.050263 -0.143427 -0.86029 3.050263 -0.1385827 -0.8562397 3.050263 -0.1365762 0.8872957 3.04463 -0.1337384 0.8930236 3.04463 -0.1365759 0.8953962 3.04463 -0.1434268 0.8953962 3.04463 -0.2381733 0.8930236 3.04463 -0.2450241 0.8872957 3.04463 -0.2478618 -0.8562397 3.044121 -0.247862 -0.8619678 3.044121 -0.2450242 -0.8643404 3.044121 -0.2381734 -0.8643404 3.044121 -0.143427 -0.8619678 3.044121 -0.1365762 -0.8562397 3.044121 -0.1337385 -0.7396013 3.031036 -0.399864 -0.7396013 3.020639 -0.4082913 -0.7396013 3.035007 -0.4134995 -0.6826721 3.043887 -0.399864 -0.6826721 3.031036 -0.399864 -0.6826721 3.035007 -0.3862285 -0.6826721 3.020639 -0.3914368 -0.6826721 3.035007 -0.4134995 -0.01484894 3.031036 -0.399864 -0.01484894 3.043887 -0.399864 0.04208004 3.043887 -0.399864 0.04208004 3.031036 -0.399864 0.04208004 3.035007 -0.3862285 0.04208004 3.020639 -0.3914368 0.04208004 3.035007 -0.4134995 0.7184249 3.031036 -0.3998638 0.7184249 3.020639 -0.3914366 0.7184249 3.035007 -0.4134993 0.7753539 3.043887 -0.3998638 0.7753539 3.031036 -0.3998638 0.7753539 3.035007 -0.3862283 0.7753539 3.020639 -0.3914366 0.9383282 3.056825 -0.3295097 0.9094075 3.044436 0.08922189 -0.9181754 3.056315 0.1246421 -0.7396013 3.043887 -0.399864 -0.7396013 3.035007 -0.3862285 -0.7396013 3.020639 -0.3914368 -0.6826721 3.020639 -0.4082913 -0.01484894 3.035007 -0.3862285 -0.01484888 3.020639 -0.3914368 0.04208004 3.020639 -0.4082913 -0.01484888 3.020639 -0.4082913 -0.01484894 3.035007 -0.4134995 0.7184249 3.043887 -0.3998638 0.7184249 3.035007 -0.3862283 0.7753539 3.020639 -0.4082911 0.7184249 3.020639 -0.4082911 0.7753539 3.035007 -0.4134993 -0.8129814 3.07367 0.04464364 -0.8129814 3.073384 0.05675524 -0.8229379 3.073384 0.05675524 -0.8229379 3.042012 0.05956906 -0.8129814 3.041919 0.07790952 -0.8129814 3.045676 0.07789283 -0.8129814 3.069721 0.03471726 -0.8229379 3.045649 0.02682757 -0.8129814 3.041919 0.01137781 -0.8129814 3.045676 0.01139456 -0.8129814 3.070005 0.04464364 -0.8129814 3.069721 0.05457013 -0.8229379 3.070005 0.04464364 -0.8229379 3.07367 0.04464364 -0.8229379 3.069721 0.05457013 -0.8129814 3.042012 0.05956906 -0.8129814 3.045649 0.06245976 -0.8229379 3.045649 0.06245976 -0.8229379 3.041919 0.07790952 -0.8229379 3.045676 0.07789283 -0.8129814 3.073384 0.03253215 -0.8229379 3.069721 0.03471726 -0.8229379 3.073384 0.03253215 -0.8129814 3.042012 0.02971833 -0.8129814 3.045649 0.02682757 -0.8229379 3.042012 0.02971833 -0.8229379 3.041919 0.01137781 -0.8229379 3.045676 0.01139456 -0.5407019 3.042012 0.05956906 -0.5307455 3.045649 0.06245976 -0.5307455 3.041919 0.07790952 -0.5407019 3.041919 0.07790952 -0.5307455 3.045676 0.07789283 -0.5407019 3.045676 0.07789283 -0.5407019 3.073384 0.03253215 -0.5307455 3.045649 0.02682757 -0.5407019 3.045649 0.02682757 -0.5307455 3.041919 0.01137781 -0.5407019 3.041919 0.01137781 -0.5307455 3.045676 0.01139456 -0.5307455 3.07367 0.04464364 -0.5307455 3.070005 0.04464364 -0.5307455 3.06972 0.05457013 -0.5307455 3.073384 0.05675524 -0.5407019 3.070005 0.04464364 -0.5407019 3.07367 0.04464364 -0.5407019 3.06972 0.05457013 -0.5407019 3.073384 0.05675524 -0.5307455 3.042012 0.05956906 -0.5407019 3.045649 0.06245976 -0.5307455 3.06972 0.03471726 -0.5307455 3.073384 0.03253215 -0.5407019 3.06972 0.03471726 -0.5307455 3.042012 0.02971833 -0.5407019 3.042012 0.02971833 -0.5407019 3.045676 0.01139456 0.5737925 3.06972 0.05457013 0.5737925 3.070005 0.04464364 0.5638362 3.070005 0.04464364 0.5737925 3.073384 0.05675524 0.5638362 3.073384 0.05675524 0.5638362 3.042012 0.05956906 0.5737925 3.041919 0.07790952 0.5638362 3.06972 0.03471726 0.5737925 3.073384 0.03253215 0.5638362 3.042012 0.02971833 0.5737925 3.045649 0.02682757 0.5638362 3.045649 0.02682757 0.5737925 3.041919 0.01137781 0.5638362 3.041919 0.01137781 0.5737925 3.045676 0.01139456 0.5638362 3.045676 0.01139456 0.5737925 3.07367 0.04464364 0.5638362 3.07367 0.04464364 0.5638362 3.06972 0.05457013 0.5737925 3.042012 0.05956906 0.5737925 3.045649 0.06245976 0.5638362 3.045649 0.06245976 0.5737925 3.045676 0.07789283 0.5638362 3.041919 0.07790952 0.5638362 3.045676 0.07789283 0.5737925 3.06972 0.03471726 0.5638362 3.073384 0.03253215 0.5737925 3.042012 0.02971833 0.8460716 3.06972 0.05457013 0.8560279 3.073669 0.04464364 0.8560279 3.073384 0.05675524 0.8460716 3.073669 0.04464364 0.8560279 3.042012 0.05956906 0.8460716 3.042012 0.05956906 0.8460716 3.045649 0.06245976 0.8560279 3.041919 0.07790952 0.8460716 3.045675 0.07789283 0.8460716 3.06972 0.03471726 0.8560279 3.042012 0.02971833 0.8460716 3.042012 0.02971833 0.8560279 3.045649 0.02682757 0.8460716 3.045649 0.02682757 0.8560279 3.041919 0.01137781 0.8560279 3.045675 0.01139456 0.8560279 3.070005 0.04464364 0.8560279 3.06972 0.05457013 0.8460716 3.070005 0.04464364 0.8460716 3.073384 0.05675524 0.8560279 3.045649 0.06245976 0.8560279 3.045675 0.07789283 0.8460716 3.041919 0.07790952 0.8560279 3.06972 0.03471726 0.8560279 3.073384 0.03253215 0.8460716 3.073384 0.03253215 0.8460716 3.041919 0.01137781 0.8460716 3.045675 0.01139456 -0.1879551 3.06972 0.05457013 -0.1979115 3.070005 0.04464364 -0.1979115 3.06972 0.05457013 -0.1879551 3.07367 0.04464364 -0.1879551 3.073384 0.05675524 -0.1979115 3.073384 0.05675524 -0.1979115 3.045649 0.06245976 -0.1879551 3.041919 0.07790952 -0.1979115 3.041919 0.07790952 -0.1879551 3.06972 0.03471726 -0.1979115 3.06972 0.03471726 -0.1879551 3.045649 0.02682757 -0.1979115 3.045649 0.02682757 -0.1879551 3.041919 0.01137781 -0.1879551 3.045676 0.01139456 -0.1979115 3.045676 0.01139456 -0.1879551 3.070005 0.04464364 -0.1979115 3.07367 0.04464364 -0.1879551 3.042012 0.05956906 -0.1879551 3.045649 0.06245976 -0.1979115 3.042012 0.05956906 -0.1879551 3.045676 0.07789283 -0.1979115 3.045676 0.07789283 -0.1879551 3.073384 0.03253215 -0.1979115 3.073384 0.03253215 -0.1879551 3.042012 0.02971833 -0.1979115 3.042012 0.02971833 -0.1979115 3.041919 0.01137781 0.243444 3.06972 0.05457013 0.2334877 3.070005 0.04464364 0.2334877 3.06972 0.05457013 0.243444 3.042012 0.05956906 0.2334877 3.045649 0.06245976 0.2334877 3.041919 0.07790952 0.243444 3.045676 0.07789283 0.2334877 3.06972 0.03471726 0.243444 3.042012 0.02971833 0.2334877 3.042012 0.02971833 0.243444 3.045649 0.02682757 0.243444 3.041919 0.01137781 0.2334877 3.041919 0.01137781 0.243444 3.045676 0.01139456 0.2334877 3.045676 0.01139456 0.243444 3.07367 0.04464364 0.243444 3.070005 0.04464364 0.243444 3.073384 0.05675524 0.2334877 3.07367 0.04464364 0.2334877 3.073384 0.05675524 0.243444 3.045649 0.06245976 0.2334877 3.042012 0.05956906 0.243444 3.041919 0.07790952 0.2334877 3.045676 0.07789283 0.243444 3.06972 0.03471726 0.243444 3.073384 0.03253215 0.2334877 3.073384 0.03253215 0.2334877 3.045649 0.02682757 -0.4403934 3.045861 0.3282673 -0.4410427 3.031418 0.1850077 -0.4403934 3.03147 0.3282673 -0.4451975 3.03147 0.3371106 -0.4587189 3.03147 0.3357347 -0.5803006 3.045861 0.3356018 -0.7018739 3.045861 0.3351756 -0.7080915 3.045861 0.3430194 -0.7018739 3.03147 0.3351756 -0.7087525 3.03147 0.3295226 -0.7133486 3.045861 0.3210623 -0.7133486 3.03147 0.3210623 -0.7135289 3.031418 0.1850077 -0.7195584 3.031418 0.1850077 -0.4470722 3.045861 0.1850077 -0.4472444 3.045861 0.3216214 -0.4470722 3.031418 0.1850077 -0.4472444 3.03147 0.3216214 -0.4410427 3.045861 0.1850077 -0.4518403 3.045861 0.3300817 -0.4518403 3.03147 0.3300817 -0.4451975 3.045861 0.3371106 -0.4587189 3.045861 0.3357347 -0.4523873 3.045861 0.3430194 -0.4523873 3.03147 0.3430194 -0.5803006 3.031248 0.3356018 -0.5803006 3.045861 0.3430176 -0.5803006 3.031248 0.3430176 -0.7080915 3.03147 0.3430194 -0.7087525 3.045861 0.3295226 -0.7152813 3.045861 0.3371106 -0.7152813 3.03147 0.3371106 -0.7200853 3.045861 0.3282673 -0.7200853 3.03147 0.3282673 -0.7135289 3.045861 0.1850077 -0.7195584 3.045861 0.1850077 0.7695329 3.045861 0.1850077 0.7633314 3.045861 0.3216214 0.7701823 3.045861 0.3282673 0.7633314 3.03147 0.3216214 0.7653781 3.045861 0.3371106 0.7653781 3.03147 0.3371106 0.7518568 3.045861 0.3357347 0.7581883 3.03147 0.3430194 0.6302751 3.045861 0.3430176 0.6302751 3.031248 0.3356018 0.5087018 3.045861 0.3351756 0.5087018 3.03147 0.3351756 0.5024842 3.03147 0.3430194 0.5018231 3.045861 0.3295226 0.4952943 3.03147 0.3371106 0.4972271 3.045861 0.3210623 0.4972271 3.03147 0.3210623 0.4904903 3.03147 0.3282673 0.4970467 3.045861 0.1850077 0.4910173 3.045861 0.1850077 0.7635035 3.045861 0.1850077 0.7635035 3.031418 0.1850077 0.7695329 3.031418 0.1850077 0.7701823 3.03147 0.3282673 0.7587353 3.045861 0.3300817 0.7587353 3.03147 0.3300817 0.7518568 3.03147 0.3357347 0.7581883 3.045861 0.3430194 0.6302751 3.045861 0.3356018 0.6302751 3.031248 0.3430176 0.5024842 3.045861 0.3430194 0.5018231 3.03147 0.3295226 0.4952943 3.045861 0.3371106 0.4904903 3.045861 0.3282673 0.4970467 3.031418 0.1850077 0.4910173 3.031418 0.1850077 -0.9643291 -0.2824231 0.07519555 -0.9643291 3.033008 0.07519555 0.9863986 -0.2824231 0.07519555 0.9863986 3.033008 0.07519555 -0.8639972 -0.2824231 1.482024 -0.9643291 -0.2824231 1.381692 -0.9643291 3.033008 1.381692 -0.8639972 3.033008 1.482024 0.9863986 -0.2824231 1.381692 0.8860667 -0.2824231 1.482024 0.8860667 3.033008 1.482024 0.9863986 3.033008 1.381692 1.023851 -0.2932828 -0.391919 1.023851 -0.2932828 -0.391919 1.023851 -0.2459625 -0.391919 1.02385 3.017665 -0.3919194 1.02385 3.060957 -0.3919194 1.02385 3.060957 -0.3919194 1.02385 3.060957 -0.333003 1.02385 3.060957 -0.333003 1.02385 3.060957 0.1211493 1.02385 3.060957 0.1819286 1.02385 3.060957 0.1819286 1.02385 3.017665 0.1819286 1.02385 3.017665 0.1819286 0.9888041 3.060943 0.1820967 0.9888041 3.060943 0.1820967 0.9888041 3.060943 0.1820967 0.9888041 3.060943 0.1820967 0.9888044 -0.2932361 0.1820971 0.9888044 -0.2932361 0.1820971 0.9888044 -0.2932361 0.1820971 1.023851 -0.2459625 0.181929 1.023851 -0.2459625 0.181929 1.023851 -0.2932827 0.1819291 1.023851 -0.2932827 0.1819291 1.018205 -0.1912499 -0.002653777 1.018205 -0.1955922 -0.004660308 1.018205 -0.1955922 -0.004660308 1.018205 -0.197391 -0.009504616 1.018205 -0.197391 -0.1042508 1.018205 -0.1955923 -0.1090952 1.018205 -0.1955923 -0.1090952 1.018205 -0.19125 -0.1111016 1.018204 2.951263 -0.1111021 1.018204 2.955605 -0.1090955 1.018204 2.955605 -0.1090955 1.018204 2.957404 -0.1042512 1.018204 2.957404 -0.009505033 1.018204 2.955605 -0.004660665 1.018204 2.955605 -0.004660665 1.018204 2.951263 -0.002654194 1.012477 -0.197391 -0.002653777 1.012477 -0.197391 -0.1111016 1.012477 2.957404 -0.1111021 1.012477 2.957404 -0.002654194 1.018205 -0.19125 -0.140069 1.018205 -0.1955923 -0.1420755 1.018205 -0.1955923 -0.1420755 1.018205 -0.197391 -0.1469199 1.018205 -0.197391 -0.241666 1.018205 -0.1955923 -0.2465104 1.018205 -0.1955923 -0.2465104 1.018205 -0.19125 -0.2485169 1.018204 2.951263 -0.2485173 1.018204 2.955605 -0.2465108 1.018204 2.955605 -0.2465108 1.018204 2.957404 -0.2416664 1.018204 2.957404 -0.1469203 1.018204 2.955605 -0.1420759 1.018204 2.955605 -0.1420759 1.018204 2.951263 -0.1400694 1.012477 -0.197391 -0.140069 1.012477 -0.197391 -0.2485169 1.012477 2.957404 -0.2485173 1.012477 2.957404 -0.1400694 -0.9995621 -0.2459632 -0.3330025 -0.9995625 3.017665 -0.3330029 -0.9995621 -0.2459631 0.1211495 -0.9995625 3.060957 0.1211492 -0.9995625 3.060957 -0.3330029 -0.9995625 3.017665 0.1211492 -0.9995621 -0.293283 -0.3919188 -0.9995621 -0.293283 -0.3919188 -0.9995621 -0.2459632 -0.3919188 -0.9995621 -0.2459632 -0.3919188 -0.9995627 3.017665 -0.3919192 -0.9995627 3.017665 -0.3919192 -0.9995627 3.060957 -0.3919192 -0.9995627 3.060957 -0.3919192 -0.9645161 3.060943 0.1820967 -0.9645161 3.060943 0.1820967 -0.9645161 3.060943 0.1820967 -0.9995625 3.060957 0.1819285 -0.9995625 3.060957 0.1819285 -0.9995621 -0.2459631 0.1819288 -0.9995621 -0.2459631 0.1819288 -0.9995621 -0.2932829 0.1819289 -0.9995621 -0.2932829 0.1819289 -0.9939163 -0.1955924 -0.004660308 -0.9939163 -0.1955924 -0.004660308 -0.9939163 -0.1912501 -0.002653777 -0.9939163 -0.1973912 -0.009504616 -0.9939161 -0.1973912 -0.1042508 -0.9939161 -0.1955925 -0.1090952 -0.9939161 -0.1955925 -0.1090952 -0.9939161 -0.1912502 -0.1111015 -0.9939167 2.951263 -0.1111019 -0.9939167 2.955605 -0.1090955 -0.9939167 2.955605 -0.1090955 -0.9939167 2.957404 -0.1042512 -0.9939167 2.957404 -0.009505033 -0.9939167 2.955605 -0.004660665 -0.9939167 2.955605 -0.004660665 -0.9939167 2.951263 -0.002654194 -0.9881883 -0.1973912 -0.002653777 -0.9881883 -0.1973912 -0.1111015 -0.9881887 2.957404 -0.1111019 -0.9881887 2.957404 -0.002654194 -0.9939161 -0.1955925 -0.1420754 -0.9939161 -0.1955925 -0.1420754 -0.9939161 -0.1912502 -0.1400688 -0.9939161 -0.1973912 -0.1469197 -0.993916 -0.1973912 -0.2416658 -0.993916 -0.1955925 -0.2465102 -0.993916 -0.1955925 -0.2465102 -0.993916 -0.1912502 -0.2485167 -0.9939165 2.951263 -0.2485171 -0.9939165 2.955605 -0.2465106 -0.9939165 2.955605 -0.2465106 -0.9939165 2.957404 -0.2416663 -0.9939165 2.957404 -0.1469201 -0.9939165 2.955605 -0.1420758 -0.9939165 2.955605 -0.1420758 -0.9939165 2.951263 -0.1400692 -0.9881883 -0.1973912 -0.1400688 -0.9881883 -0.1973912 -0.2485167 -0.9881887 2.957404 -0.2485171 -0.9881887 2.957404 -0.1400692 1.000999 3.07794 0.1300236 1.000999 3.07794 0.1300236 1.000999 3.07794 0.1300236 1.000999 3.07794 0.1300236 1.01362 3.08876 0.1300236 1.01362 3.08876 0.1300236 1.000999 3.07794 0.1219739 1.000999 3.07794 0.1219739 1.000999 3.07794 0.1219739 1.01362 3.08876 0.1219739 1.01362 3.08876 0.1219739 0.9950874 3.080569 0.1194865 0.9950874 3.080569 0.1194865 0.9950874 3.080569 0.1194865 0.9950874 3.080569 0.1194865 0.9950874 3.080569 0.1194865 1.011173 3.095101 0.1194865 1.011173 3.095101 0.1194865 1.011173 3.095101 0.1194865 0.9914336 3.082195 0.125999 0.9914336 3.082195 0.125999 0.9914336 3.082195 0.125999 0.9914336 3.082195 0.125999 1.011173 3.095101 0.1325111 1.011173 3.095101 0.1325111 1.034431 3.095067 0.1325111 1.034431 3.095067 0.1325111 1.034385 3.088727 0.1300236 1.034385 3.088727 0.1300236 1.034385 3.088727 0.1300236 1.034385 3.088727 0.1219739 1.034385 3.088727 0.1219739 1.034385 3.088727 0.1219739 1.034431 3.095067 0.1194865 1.034431 3.095067 0.1194865 1.009662 3.099021 0.125999 1.009662 3.099021 0.125999 1.009662 3.099021 0.125999 1.009662 3.099021 0.125999 0.9913999 3.036753 0.125999 0.9913999 3.036753 0.125999 0.9913999 3.036753 0.125999 0.9950554 3.038373 0.1325111 0.9950554 3.038373 0.1325111 0.9950554 3.038373 0.1325111 1.00097 3.040996 0.1300236 1.00097 3.040996 0.1300236 0.9950874 3.080569 0.1325111 0.9950874 3.080569 0.1325111 0.9950874 3.080569 0.1325111 0.9950874 3.080569 0.1325111 1.00097 3.040996 0.1219739 1.00097 3.040996 0.1219739 1.00097 3.040996 0.1219739 0.9950554 3.038373 0.1194865 0.9950554 3.038373 0.1194865 0.9950554 3.038373 0.1194865 1.03446 3.098984 0.125999 1.03446 3.098984 0.125999 1.03446 3.098984 0.125999 1.03446 3.098984 0.125999 1.03446 3.098984 0.125999 -1.004299 3.037598 0.1017249 -1.004299 3.037598 0.1017249 -1.004299 3.037598 0.1017249 -0.9709919 3.037598 0.1017249 -0.9709919 3.037598 0.1017249 -0.9709919 3.020611 0.1162452 -0.9709919 3.020611 0.134491 -1.004299 3.020611 0.1162452 -1.004299 3.020611 0.1162452 -1.004299 3.037598 0.1499599 -1.004299 3.037598 0.1499599 -1.004299 3.037598 0.1499599 -1.004299 3.020611 0.134491 -1.004299 3.020611 0.134491 -0.9887112 3.08876 0.1300235 -0.9887112 3.08876 0.1300235 -0.9887112 3.08876 0.1219738 -0.9887112 3.08876 0.1219738 -0.9862655 3.095101 0.1194865 -0.9862655 3.095101 0.1194865 -0.9862655 3.095101 0.1194865 -0.9701796 3.080569 0.1194865 -0.9701796 3.080569 0.1194865 -0.9701796 3.080569 0.1194865 -0.9701796 3.080569 0.1194865 -0.9701796 3.080569 0.1194865 -1.009524 3.095067 0.1325109 -1.009524 3.095067 0.1325109 -0.9862655 3.095101 0.1325109 -0.9862655 3.095101 0.1325109 -1.009477 3.088729 0.1300235 -1.009477 3.088729 0.1300235 -1.009477 3.088729 0.1300235 -1.009477 3.088729 0.1219738 -1.009477 3.088729 0.1219738 -1.009477 3.088729 0.1219738 -1.009524 3.095067 0.1194865 -1.009524 3.095067 0.1194865 -0.9847534 3.099021 0.1259988 -0.9847534 3.099021 0.1259988 -0.9847534 3.099021 0.1259988 -0.9847534 3.099021 0.1259988 -1.009552 3.098984 0.1259988 -1.009552 3.098984 0.1259988 -1.009552 3.098984 0.1259988 -1.009552 3.098984 0.1259988 -1.009552 3.098984 0.1259988 -0.9760916 3.07794 0.1300235 -0.9760916 3.07794 0.1300235 -0.9760916 3.07794 0.1300235 -0.9760916 3.07794 0.1300235 -0.9760621 3.040996 0.1300235 -0.9760621 3.040996 0.1300235 -0.9701473 3.038374 0.1325109 -0.9701473 3.038374 0.1325109 -0.9701473 3.038374 0.1325109 -0.9760621 3.040996 0.1219738 -0.9760621 3.040996 0.1219738 -0.9760621 3.040996 0.1219738 -0.9701473 3.038374 0.1194865 -0.9701473 3.038374 0.1194865 -0.9701473 3.038374 0.1194865 -0.9760916 3.07794 0.1219738 -0.9760916 3.07794 0.1219738 -0.9760916 3.07794 0.1219738 -0.9665252 3.082195 0.1259988 -0.9665252 3.082195 0.1259988 -0.9665252 3.082195 0.1259988 -0.9665252 3.082195 0.1259988 -0.9664918 3.036753 0.1259988 -0.9664918 3.036753 0.1259988 -0.9664918 3.036753 0.1259988 -0.9709913 -0.2550628 0.1344913 -0.9709913 -0.2550628 0.1162456 -1.004298 -0.2550628 0.1344913 -1.004298 -0.2550628 0.1344913 -1.004298 -0.2720494 0.1499602 -1.004298 -0.2720494 0.1499602 -0.9701792 -0.3150212 0.1325113 -0.9701792 -0.3150212 0.1325113 -0.9701792 -0.3150212 0.1325113 -0.9701792 -0.3150212 0.1325113 -0.9862648 -0.3295524 0.1325113 -0.9862648 -0.3295524 0.1325113 -0.9847529 -0.3334721 0.1259992 -0.9847529 -0.3334721 0.1259992 -0.9847529 -0.3334721 0.1259992 -0.9847529 -0.3334721 0.1259992 -0.9760911 -0.3123915 0.1300239 -0.9760911 -0.3123915 0.1300239 -0.9760911 -0.3123915 0.1300239 -0.9760911 -0.3123915 0.1300239 -0.9887108 -0.3232114 0.1300239 -0.9887108 -0.3232114 0.1300239 -0.9760911 -0.3123915 0.1219742 -0.9760911 -0.3123915 0.1219742 -0.9760911 -0.3123915 0.1219742 -0.9887108 -0.3232114 0.1219742 -0.9887108 -0.3232114 0.1219742 -1.009523 -0.3295181 0.1325113 -1.009523 -0.3295181 0.1325113 -1.009477 -0.3231797 0.1300239 -1.009477 -0.3231797 0.1300239 -1.009477 -0.3231797 0.1300239 -1.009477 -0.3231797 0.1219742 -1.009477 -0.3231797 0.1219742 -1.009477 -0.3231797 0.1219742 -0.9862648 -0.3295524 0.1194869 -0.9862648 -0.3295524 0.1194869 -0.9862648 -0.3295524 0.1194869 -1.009523 -0.3295181 0.1194869 -1.009523 -0.3295181 0.1194869 -1.009552 -0.3334355 0.1259992 -1.009552 -0.3334355 0.1259992 -1.009552 -0.3334355 0.1259992 -1.009552 -0.3334355 0.1259992 -1.009552 -0.3334355 0.1259992 -0.9664915 -0.2712045 0.1259992 -0.9664915 -0.2712045 0.1259992 -0.9664915 -0.2712045 0.1259992 -0.970147 -0.2728253 0.1325113 -0.970147 -0.2728253 0.1325113 -0.970147 -0.2728253 0.1325113 -0.9760618 -0.2754479 0.1300239 -0.9760618 -0.2754479 0.1300239 -0.9760618 -0.2754479 0.1219742 -0.9760618 -0.2754479 0.1219742 -0.9760618 -0.2754479 0.1219742 -0.970147 -0.2728253 0.1194868 -0.970147 -0.2728253 0.1194868 -0.970147 -0.2728253 0.1194868 -0.9665249 -0.3166463 0.1259992 -0.9665249 -0.3166463 0.1259992 -0.9665249 -0.3166463 0.1259992 -0.9665249 -0.3166463 0.1259992 -0.9701792 -0.3150212 0.1194869 -0.9701792 -0.3150212 0.1194869 -0.9701792 -0.3150212 0.1194869 -0.9701792 -0.3150212 0.1194869 -0.9701792 -0.3150212 0.1194869 1.029207 -0.2971255 0.1017253 1.029207 -0.2971255 0.1017253 0.9959003 -0.2971255 0.1017253 0.9959003 -0.2971255 0.1017253 0.9959003 -0.2720493 0.1017253 0.9959003 -0.2720493 0.1017253 0.9959003 -0.2720493 0.1499603 0.9959003 -0.2720493 0.1499603 0.9959003 -0.2971255 0.1499603 0.9959003 -0.2971255 0.1499603 1.01362 -0.3232107 0.1219744 1.01362 -0.3232107 0.1219744 1.001 -0.3123914 0.1219744 1.001 -0.3123914 0.1219744 1.001 -0.3123914 0.1219744 1.001 -0.3123914 0.1219744 1.01362 -0.3232107 0.130024 1.01362 -0.3232107 0.130024 1.011174 -0.3295522 0.1194869 1.011174 -0.3295522 0.1194869 1.011174 -0.3295522 0.1194869 1.009662 -0.3334715 0.1259994 1.009662 -0.3334715 0.1259994 1.009662 -0.3334715 0.1259994 1.009662 -0.3334715 0.1259994 1.034432 -0.3295179 0.1325116 1.034432 -0.3295179 0.1325116 1.011174 -0.3295522 0.1325116 1.011174 -0.3295522 0.1325116 1.034386 -0.3231796 0.130024 1.034386 -0.3231796 0.130024 1.034386 -0.3231796 0.130024 1.034386 -0.3231796 0.1219744 1.034386 -0.3231796 0.1219744 1.034386 -0.3231796 0.1219744 1.034432 -0.3295179 0.1194869 1.034432 -0.3295179 0.1194869 1.03446 -0.3334354 0.1259994 1.03446 -0.3334354 0.1259994 1.03446 -0.3334354 0.1259994 1.03446 -0.3334354 0.1259994 1.03446 -0.3334354 0.1259994 0.9950879 -0.315021 0.1325116 0.9950879 -0.315021 0.1325116 0.9950879 -0.315021 0.1325116 0.9950879 -0.315021 0.1325116 0.9950557 -0.2728251 0.1325115 0.9950557 -0.2728251 0.1325115 0.9950557 -0.2728251 0.1325115 0.9914004 -0.2712041 0.1259993 0.9914004 -0.2712041 0.1259993 0.9914004 -0.2712041 0.1259993 1.000971 -0.2754476 0.130024 1.000971 -0.2754476 0.130024 1.000971 -0.2754476 0.130024 1.001 -0.3123914 0.130024 1.001 -0.3123914 0.130024 1.001 -0.3123914 0.130024 1.001 -0.3123914 0.130024 1.000971 -0.2754476 0.1219744 1.000971 -0.2754476 0.1219744 1.000971 -0.2754476 0.1219744 0.9950557 -0.2728251 0.1194869 0.9950557 -0.2728251 0.1194869 0.9950557 -0.2728251 0.1194869 0.9950879 -0.315021 0.1194869 0.9950879 -0.315021 0.1194869 0.9950879 -0.315021 0.1194869 0.9950879 -0.315021 0.1194869 0.9950879 -0.315021 0.1194869 0.9383285 -0.2948642 -0.3324848 -0.9181752 -0.294355 -0.332485 -0.887728 -0.2819663 0.08624684 -0.8877279 -0.2819664 -0.2970643 0.9094079 -0.2824758 0.08624702 0.982465 -0.2948641 0.1824467 0.982465 -0.2948641 0.1824467 0.9383285 -0.2948642 0.1824467 0.9383285 -0.2948642 0.1824467 0.9383285 -0.2948642 0.1824467 -0.9181754 -0.294355 0.1824465 -0.9181754 -0.294355 0.1824465 -0.9585555 -0.294355 0.1824465 -0.9585555 -0.294355 0.1824465 -0.9585555 -0.294355 0.1216672 -0.9585555 -0.294355 0.1216672 -0.9585415 -0.2567813 -0.3911458 -0.9585415 -0.2567813 -0.3911458 -0.9585415 -0.2567813 -0.3911458 -0.9585415 -0.2567813 -0.3911458 -0.9585415 -0.2567813 -0.3911458 -0.9181752 -0.294355 -0.3914014 -0.9181752 -0.294355 -0.3914014 -0.9181752 -0.294355 -0.3914014 -0.9585555 -0.294355 -0.3914014 -0.9585555 -0.294355 -0.3914014 0.982465 -0.2948642 0.1216676 0.982465 -0.2948642 -0.3324848 0.8913462 -0.2888113 -0.004142582 0.8913462 -0.2888113 -0.004142582 0.8872961 -0.2888113 -0.002135872 0.8930239 -0.2888113 -0.00898689 0.8930239 -0.2888113 -0.1037329 0.8913462 -0.2888113 -0.1085773 0.8913462 -0.2888113 -0.1085773 0.8872961 -0.2888113 -0.1105839 -0.8562396 -0.288302 -0.110584 -0.8602898 -0.288302 -0.1085774 -0.8602898 -0.288302 -0.1085774 -0.8619676 -0.288302 -0.1037332 -0.8619676 -0.288302 -0.008987009 -0.8602898 -0.288302 -0.004142701 -0.8602898 -0.288302 -0.004142701 -0.8562396 -0.288302 -0.00213623 0.8930239 -0.2826704 -0.002135872 0.8930239 -0.2826704 -0.1105839 -0.8619676 -0.2821609 -0.110584 -0.8619676 -0.2821609 -0.00213623 0.8913462 -0.2888113 -0.1415576 0.8913462 -0.2888113 -0.1415576 0.8872961 -0.2888113 -0.139551 0.8930239 -0.2888113 -0.1464019 0.8930239 -0.2888113 -0.2411481 0.8913462 -0.2888113 -0.2459924 0.8913462 -0.2888113 -0.2459924 0.8872961 -0.2888113 -0.2479989 -0.8562396 -0.2883021 -0.2479991 -0.8602898 -0.2883021 -0.2459925 -0.8602898 -0.2883021 -0.2459925 -0.8619676 -0.2883021 -0.2411482 -0.8619676 -0.288302 -0.1464021 -0.8602898 -0.288302 -0.1415577 -0.8602898 -0.288302 -0.1415577 -0.8562396 -0.288302 -0.1395512 0.8930239 -0.2826704 -0.139551 0.8930239 -0.2826704 -0.2479989 -0.8619676 -0.2821609 -0.2479991 -0.8619676 -0.2821609 -0.1395512 1.008538 -0.3218159 -0.1504535 1.008538 -0.3218159 -0.1504535 1.019693 -0.3218159 -0.1504535 1.019693 -0.3218159 -0.1504535 1.019693 -0.3218159 -0.1504535 1.014115 -0.3402106 -0.1498015 1.014115 -0.3402106 -0.1498015 1.014115 -0.3397567 0.01419502 1.014115 -0.3397567 0.01419502 1.00509 -0.3331846 -0.1500506 1.00509 -0.3331846 -0.1500506 1.00509 -0.3331846 -0.1500506 1.008538 -0.3213616 0.01354306 1.008538 -0.3213616 0.01354306 1.008538 -0.3213616 0.01354306 1.02314 -0.3331846 -0.1500506 1.02314 -0.3331846 -0.1500506 1.02314 -0.3331846 -0.1500506 1.014115 -0.3200635 0.08206897 1.008538 -0.3016687 0.08141708 1.008538 -0.3016687 0.08141708 1.008538 -0.3016687 0.08141708 1.00509 -0.3327304 0.01394593 1.00509 -0.3327304 0.01394593 1.00509 -0.3327304 0.01394593 1.019693 -0.3016687 0.08141708 1.019693 -0.3213616 0.01354306 1.02314 -0.3130375 0.08181995 1.02314 -0.3327304 0.01394593 1.02314 -0.3327304 0.01394593 1.014115 -0.3177546 0.1284283 1.008538 -0.2993591 0.1277765 1.008538 -0.2993591 0.1277765 1.008538 -0.2993591 0.1277765 1.00509 -0.3130375 0.08181995 1.00509 -0.3130375 0.08181995 1.00509 -0.3130375 0.08181995 1.019693 -0.2993591 0.1277765 1.02314 -0.3107278 0.1281792 1.002919 -0.3166837 0.1509341 1.002919 -0.3166837 0.1509341 1.002919 -0.3166837 0.1509341 1.003637 -0.298999 0.1387569 1.003637 -0.298999 0.1387569 1.003637 -0.298999 0.1387569 0.9979821 -0.3079848 0.1406984 0.9979821 -0.3079848 0.1406984 0.9979821 -0.3079848 0.1406984 0.9979821 -0.3079848 0.1406984 1.011686 -0.2989994 0.1460078 1.011686 -0.2989994 0.1460078 1.012584 -0.309045 0.1533887 1.012584 -0.309045 0.1533887 1.012584 -0.309045 0.1533887 0.9791415 -0.3171714 0.1554519 0.9797138 -0.3095327 0.1436545 0.9797138 -0.3095327 0.1436545 0.9797138 -0.3095327 0.1436545 0.9870179 -0.2994874 0.1447617 0.9870179 -0.2994874 0.1447617 0.9870179 -0.2994874 0.1447617 0.9909602 -0.2994874 0.157243 0.9860923 -0.3095327 0.1638499 0.9601843 -0.3171714 0.1554519 0.9601843 -0.3171714 0.1554519 0.9601843 -0.3171714 0.1554519 0.9680605 -0.2994874 0.1447617 0.9680605 -0.2994874 0.1447617 0.9680605 -0.2994874 0.1447617 0.9680605 -0.2994874 0.1447617 0.9720029 -0.2994874 0.157243 0.9720029 -0.2994874 0.157243 0.9720029 -0.2994874 0.157243 0.9671352 -0.3095327 0.1638499 0.9671352 -0.3095327 0.1638499 0.9671352 -0.3095327 0.1638499 0.9519252 -0.298887 0.1554519 0.9524973 -0.2912483 0.1436545 0.9598012 -0.2812031 0.1447617 0.9598012 -0.2812031 0.1447617 0.9607562 -0.3095327 0.1436545 0.9607562 -0.3095327 0.1436545 0.9607562 -0.3095327 0.1436545 0.9607562 -0.3095327 0.1436545 0.9637437 -0.2812031 0.157243 0.9588759 -0.2912485 0.1638499 -0.9892067 -0.3397569 0.01419484 -0.9892067 -0.3397569 0.01419484 -0.9892067 -0.3402113 -0.1498016 -0.9892067 -0.3402113 -0.1498016 -0.9836286 -0.321816 -0.1504537 -0.9836286 -0.321816 -0.1504537 -0.9836286 -0.3213622 0.01354289 -0.9836286 -0.3213622 0.01354289 -0.9801815 -0.3331848 -0.1500508 -0.9801815 -0.3331848 -0.1500508 -0.9947841 -0.321816 -0.1504537 -0.9947841 -0.321816 -0.1504537 -0.9947841 -0.3213622 0.01354289 -0.9982316 -0.332731 0.01394581 -0.9982316 -0.3331848 -0.1500508 -0.9982316 -0.3331848 -0.1500508 -0.9982316 -0.3331848 -0.1500508 -0.9892067 -0.3200641 0.08206886 -0.9836288 -0.3016689 0.0814169 -0.9836288 -0.3016689 0.0814169 -0.9836288 -0.3016689 0.0814169 -0.9801815 -0.332731 0.01394581 -0.9801815 -0.332731 0.01394581 -0.9801815 -0.332731 0.01394581 -0.9947841 -0.3016689 0.0814169 -0.9982316 -0.3130377 0.08181977 -0.9892067 -0.3177548 0.1284279 -0.9836288 -0.2993597 0.127776 -0.9836288 -0.2993597 0.127776 -0.9836288 -0.2993597 0.127776 -0.9947841 -0.2993597 0.127776 -0.9982316 -0.3107284 0.1281787 -0.9780105 -0.3166838 0.1509338 -0.9780105 -0.3166838 0.1509338 -0.9780105 -0.3166838 0.1509338 -0.9787276 -0.2989994 0.1387566 -0.9787276 -0.2989994 0.1387566 -0.9787276 -0.2989994 0.1387566 -0.9801817 -0.3107284 0.1281787 -0.9801817 -0.3107284 0.1281787 -0.9801817 -0.3107284 0.1281787 -0.9867774 -0.2989996 0.1460077 -0.9867774 -0.2989996 0.1460077 -0.9876751 -0.3090456 0.1533885 -0.9876751 -0.3090456 0.1533885 -0.9876751 -0.3090456 0.1533885 -0.954233 -0.3171716 0.1554515 -0.9730733 -0.307985 0.1406982 -0.9730733 -0.307985 0.1406982 -0.9730733 -0.307985 0.1406982 -0.9730733 -0.307985 0.1406982 -0.962109 -0.2994878 0.1447613 -0.962109 -0.2994878 0.1447613 -0.962109 -0.2994878 0.1447613 -0.9660516 -0.2994876 0.1572428 -0.9611839 -0.3095329 0.1638495 -0.9352756 -0.3171716 0.1554515 -0.9352756 -0.3171716 0.1554515 -0.9352756 -0.3171716 0.1554515 -0.943152 -0.2994878 0.1447613 -0.943152 -0.2994878 0.1447613 -0.943152 -0.2994878 0.1447613 -0.9358476 -0.3095329 0.1436542 -0.9358476 -0.3095329 0.1436542 -0.9358476 -0.3095329 0.1436542 -0.9358476 -0.3095329 0.1436542 -0.9470942 -0.2994876 0.1572428 -0.9470942 -0.2994876 0.1572428 -0.9470942 -0.2994876 0.1572428 -0.9422267 -0.3095329 0.1638495 -0.9422267 -0.3095329 0.1638495 -0.9422267 -0.3095329 0.1638495 -0.9270164 -0.2988874 0.1554515 -0.9348926 -0.2812035 0.1447613 -0.9348926 -0.2812035 0.1447613 -0.9275883 -0.2912487 0.1436542 -0.938835 -0.2812035 0.1572428 -0.9339673 -0.291249 0.1638495 -0.9892069 3.105759 -0.149802 -0.9892069 3.105759 -0.149802 -0.9892071 3.105306 0.0141946 -0.9892071 3.105306 0.0141946 -0.9836289 3.086911 0.01354271 -0.9836289 3.086911 0.01354271 -0.9836289 3.086911 0.01354271 -0.9801818 3.098733 -0.1500511 -0.9801818 3.098733 -0.1500511 -0.9801818 3.098733 -0.1500511 -0.9947844 3.086911 0.01354271 -0.9947844 3.087365 -0.1504538 -0.9947844 3.087365 -0.1504538 -0.9947844 3.087365 -0.1504538 -0.9982317 3.098733 -0.1500511 -0.9982317 3.098733 -0.1500511 -0.9982317 3.098733 -0.1500511 -0.9982317 3.098279 0.01394551 -0.9982317 3.098279 0.01394551 -0.9892071 3.085612 0.08206862 -0.9836289 3.067218 0.08141666 -0.9836289 3.067218 0.08141666 -0.9836289 3.067218 0.08141666 -0.9801818 3.098279 0.01394551 -0.9801818 3.098279 0.01394551 -0.9801818 3.098279 0.01394551 -0.9801818 3.078587 0.08181959 -0.9801818 3.078587 0.08181959 -0.9801818 3.078587 0.08181959 -0.9947844 3.067218 0.08141666 -0.9982317 3.078587 0.08181959 -0.9892071 3.083303 0.1284276 -0.9836289 3.064908 0.1277759 -0.9836289 3.064908 0.1277759 -0.9836289 3.064908 0.1277759 -0.9947844 3.064908 0.1277759 -0.9982317 3.076276 0.1281788 -0.9780108 3.082232 0.1509336 -0.9780108 3.082232 0.1509336 -0.9780108 3.082232 0.1509336 -0.9787279 3.064548 0.1387563 -0.9787279 3.064548 0.1387563 -0.9787279 3.064548 0.1387563 -0.9730736 3.073534 0.1406978 -0.9730736 3.073534 0.1406978 -0.9730736 3.073534 0.1406978 -0.9730736 3.073534 0.1406978 -0.9867774 3.064549 0.1460074 -0.9867774 3.064549 0.1460074 -0.9876753 3.074594 0.1533883 -0.9876753 3.074594 0.1533883 -0.9876753 3.074594 0.1533883 -0.9542333 3.08272 0.1554514 -0.9548051 3.075081 0.1436539 -0.9548051 3.075081 0.1436539 -0.9621093 3.065036 0.1447612 -0.9621093 3.065036 0.1447612 -0.9621093 3.065036 0.1447612 -0.9660519 3.065036 0.1572425 -0.9611842 3.075081 0.1638495 -0.9352759 3.08272 0.1554514 -0.9352759 3.08272 0.1554514 -0.9352759 3.08272 0.1554514 -0.9358478 3.075081 0.1436539 -0.9358478 3.075081 0.1436539 -0.9358478 3.075081 0.1436539 -0.9358478 3.075081 0.1436539 -0.943152 3.065036 0.1447612 -0.943152 3.065036 0.1447612 -0.943152 3.065036 0.1447612 -0.9470945 3.065036 0.1572425 -0.9470945 3.065036 0.1572425 -0.9470945 3.065036 0.1572425 -0.942227 3.075081 0.1638495 -0.942227 3.075081 0.1638495 -0.942227 3.075081 0.1638495 -0.9270167 3.064436 0.1554514 -0.9275884 3.056797 0.1436541 -0.9348929 3.046752 0.1447612 -0.9348929 3.046752 0.1447612 -0.9388353 3.046752 0.1572425 -0.9339675 3.056797 0.1638495 1.019693 3.087365 -0.1504536 1.019693 3.087365 -0.1504536 1.019693 3.087365 -0.1504536 1.008537 3.087365 -0.1504536 1.008537 3.087365 -0.1504536 1.014115 3.105306 0.01419472 1.014115 3.105306 0.01419472 1.014115 3.105759 -0.1498019 1.014115 3.105759 -0.1498019 1.00509 3.098278 0.01394569 1.00509 3.098278 0.01394569 1.00509 3.098278 0.01394569 1.00509 3.098733 -0.1500509 1.00509 3.098733 -0.1500509 1.00509 3.098733 -0.1500509 1.008537 3.086911 0.01354289 1.008537 3.086911 0.01354289 1.008537 3.086911 0.01354289 1.02314 3.098733 -0.1500509 1.02314 3.098733 -0.1500509 1.02314 3.098733 -0.1500509 1.02314 3.098278 0.01394569 1.02314 3.098278 0.01394569 1.014115 3.085612 0.0820688 1.008537 3.067217 0.08141684 1.008537 3.067217 0.08141684 1.008537 3.067217 0.08141684 1.019693 3.086911 0.01354289 1.019693 3.067217 0.08141684 1.02314 3.078586 0.08181965 1.014115 3.083303 0.1284281 1.008537 3.064908 0.1277761 1.008537 3.064908 0.1277761 1.008537 3.064908 0.1277761 1.00509 3.076276 0.128179 1.00509 3.076276 0.128179 1.00509 3.076276 0.128179 1.00509 3.078586 0.08181965 1.00509 3.078586 0.08181965 1.00509 3.078586 0.08181965 1.019693 3.064908 0.1277761 1.02314 3.076276 0.128179 1.002919 3.082232 0.1509339 1.002919 3.082232 0.1509339 1.002919 3.082232 0.1509339 0.9979818 3.073534 0.140698 0.9979818 3.073534 0.140698 0.9979818 3.073534 0.140698 0.9979818 3.073534 0.140698 1.003636 3.064548 0.1387567 1.003636 3.064548 0.1387567 1.003636 3.064548 0.1387567 1.011685 3.064548 0.146008 1.011685 3.064548 0.146008 1.012584 3.074594 0.1533887 1.012584 3.074594 0.1533887 1.012584 3.074594 0.1533887 0.9791412 3.082719 0.1554517 0.9870174 3.065036 0.1447613 0.9870174 3.065036 0.1447613 0.9870174 3.065036 0.1447613 0.9797133 3.075081 0.1436544 0.9797133 3.075081 0.1436544 0.9909599 3.065036 0.1572426 0.986092 3.075081 0.1638498 0.960184 3.082719 0.1554517 0.960184 3.082719 0.1554517 0.960184 3.082719 0.1554517 0.9680602 3.065036 0.1447613 0.9680602 3.065036 0.1447613 0.9680602 3.065036 0.1447613 0.9720026 3.065036 0.1572426 0.9720026 3.065036 0.1572426 0.9720026 3.065036 0.1572426 0.9671349 3.075081 0.1638498 0.9671349 3.075081 0.1638498 0.9671349 3.075081 0.1638498 0.9519249 3.064436 0.1554517 0.9524967 3.056797 0.1436544 0.9598009 3.046752 0.1447613 0.9607559 3.075081 0.1436544 0.9607559 3.075081 0.1436544 0.9607559 3.075081 0.1436544 0.9637434 3.046752 0.1572426 0.9588756 3.056797 0.1638498 1.023851 -0.2459625 -0.3330026 1.02385 3.017665 -0.333003 1.012295 2.985022 -0.2975825 1.012296 -0.2149565 -0.2975821 1.012296 -0.2149564 0.08572912 1.02385 3.017665 0.1211493 -0.9880068 -0.2149569 -0.2975819 -0.9880075 2.985023 -0.2975823 -0.9880075 2.985023 0.08572888 0.9932404 3.030138 -0.3834188 0.9932404 3.030138 -0.3834188 -0.9692611 3.030138 -0.3834188 -0.9692611 3.030138 -0.3834188 0.9383285 -0.2948642 0.1216676 -0.9181754 -0.294355 0.1216672 0.9958998 3.037597 0.1017249 0.9958998 3.037597 0.1017249 0.9958998 3.037597 0.1499599 0.9958998 3.037597 0.1499599 0.9958998 3.062674 0.1499599 0.9958998 3.062674 0.1499599 1.029207 3.062674 0.1017249 1.029207 3.062674 0.1017249 0.9958998 3.062674 0.1017249 0.9958998 3.062674 0.1017249 -0.9709919 3.062674 0.1499599 -0.9709919 3.062674 0.1499599 -0.9709919 3.062674 0.1017249 -0.9709919 3.062674 0.1017249 -1.004298 -0.2971259 0.1017253 -1.004298 -0.2971259 0.1017253 -0.9709913 -0.2971259 0.1017253 -0.9709913 -0.2971259 0.1017253 -0.9709913 -0.2971259 0.1499603 -0.9709913 -0.2971259 0.1499603 -1.004299 3.062674 0.1499599 -1.004299 3.062674 0.1499599 -1.004299 3.062674 0.1017249 -1.004299 3.062674 0.1017249 1.029207 3.020611 0.1162452 1.029207 3.020611 0.1162452 1.029207 3.037597 0.1017249 1.029207 3.037597 0.1017249 1.015207 -0.1232802 0.07612305 1.015207 -0.1342571 0.07612305 1.040339 -0.1232802 0.03076237 1.040339 -0.1232802 0.03076237 1.040598 -0.1232802 0.04287391 1.011883 -0.1342571 0.02794855 1.011883 -0.1342571 0.02794855 1.037016 -0.1342571 0.03294748 1.037016 -0.1342571 0.03294748 1.015182 -0.1232802 0.02505779 1.015182 -0.1232802 0.02505779 1.0118 -0.1342571 0.00960803 1.0118 -0.1232802 0.00960803 1.015207 -0.1232802 0.009624779 1.037274 -0.1232802 0.04287391 1.037016 -0.1232802 0.05280035 1.037016 -0.1232802 0.05280035 1.037016 -0.1342571 0.05280035 1.037016 -0.1342571 0.05280035 1.037274 -0.1342571 0.04287391 1.011883 -0.1232802 0.05779927 1.011883 -0.1232802 0.05779927 1.015182 -0.1232802 0.06068998 1.015182 -0.1232802 0.06068998 1.040339 -0.1232802 0.05498546 1.040339 -0.1232802 0.05498546 1.011883 -0.1342571 0.05779927 1.011883 -0.1342571 0.05779927 1.040339 -0.1342571 0.05498546 1.040339 -0.1342571 0.05498546 1.015182 -0.1342571 0.06068998 1.015182 -0.1342571 0.06068998 1.0118 -0.1232802 0.07613974 1.0118 -0.1342571 0.07613974 1.037016 -0.1232802 0.03294748 1.037016 -0.1232802 0.03294748 1.011883 -0.1232802 0.02794855 1.011883 -0.1232802 0.02794855 1.015182 -0.1342571 0.02505779 1.015182 -0.1342571 0.02505779 1.040339 -0.1342571 0.03076237 1.040339 -0.1342571 0.03076237 1.015207 -0.1342571 0.009624779 1.037274 0.1769101 0.04287385 1.037016 0.1769101 0.05280029 1.037016 0.1769101 0.05280029 1.037016 0.1878871 0.05280029 1.037016 0.1878871 0.05280029 1.040598 0.1878871 0.04287385 1.040339 0.1878871 0.0549854 1.040339 0.1878871 0.0549854 1.040339 0.1769101 0.0549854 1.040339 0.1769101 0.0549854 1.011883 0.187887 0.05779922 1.011883 0.187887 0.05779922 1.011883 0.17691 0.05779922 1.011883 0.17691 0.05779922 1.015182 0.17691 0.06068992 1.015182 0.17691 0.06068992 1.037016 0.1769101 0.03294742 1.037016 0.1769101 0.03294742 1.037016 0.1878871 0.03294742 1.037016 0.1878871 0.03294742 1.040339 0.1878871 0.03076231 1.040339 0.1878871 0.03076231 1.040339 0.1769101 0.03076231 1.040339 0.1769101 0.03076231 1.015182 0.187887 0.02505779 1.015182 0.187887 0.02505779 1.0118 0.187887 0.00960803 1.0118 0.17691 0.00960803 1.015206 0.187887 0.009624779 1.015206 0.17691 0.009624779 1.0118 0.187887 0.07613974 1.015206 0.187887 0.07612299 1.015182 0.187887 0.06068992 1.015182 0.187887 0.06068992 1.015206 0.17691 0.07612299 1.0118 0.17691 0.07613974 1.037015 2.587053 0.05280005 1.037015 2.587053 0.05280005 1.037274 2.587053 0.04287362 1.040339 2.587053 0.03076207 1.040339 2.587053 0.03076207 1.040597 2.587053 0.04287362 1.040339 2.576076 0.03076207 1.040339 2.576076 0.03076207 1.015182 2.587053 0.02505749 1.015182 2.587053 0.02505749 1.015182 2.576076 0.02505749 1.015182 2.576076 0.02505749 1.015206 2.587053 0.009624481 1.015206 2.576076 0.009624481 1.037015 2.576076 0.05280005 1.037015 2.576076 0.05280005 1.037274 2.576076 0.04287362 1.040597 2.576076 0.04287362 1.040339 2.576076 0.05498516 1.040339 2.576076 0.05498516 1.015182 2.587053 0.06068968 1.015182 2.587053 0.06068968 1.040339 2.587053 0.05498516 1.040339 2.587053 0.05498516 1.015182 2.576076 0.06068968 1.015182 2.576076 0.06068968 1.015206 2.576076 0.07612276 1.011799 2.576076 0.07613945 1.037015 2.576076 0.03294718 1.037015 2.576076 0.03294718 1.011883 2.576076 0.02794826 1.011883 2.576076 0.02794826 1.011799 2.576076 0.009607732 1.037015 2.89822 0.05279999 1.037015 2.89822 0.05279999 1.037273 2.89822 0.04287356 1.011883 2.89822 0.05779892 1.011883 2.89822 0.05779892 1.037015 2.89822 0.03294712 1.037015 2.89822 0.03294712 1.011883 2.89822 0.0279482 1.011883 2.89822 0.0279482 1.011883 2.887243 0.0279482 1.011883 2.887243 0.0279482 1.011799 2.887243 0.009607672 1.015182 2.887243 0.02505743 1.015182 2.887243 0.02505743 1.015206 2.887243 0.009624421 1.015206 2.89822 0.009624421 1.040338 2.89822 0.0549851 1.040338 2.89822 0.0549851 1.040597 2.89822 0.04287356 1.040597 2.887243 0.04287356 1.040338 2.887243 0.0549851 1.040338 2.887243 0.0549851 1.015182 2.89822 0.06068962 1.015182 2.89822 0.06068962 1.011883 2.887243 0.05779892 1.011883 2.887243 0.05779892 1.037015 2.887243 0.05279999 1.037015 2.887243 0.05279999 1.011799 2.887243 0.07613939 1.015206 2.887243 0.0761227 1.040338 2.89822 0.03076201 1.040338 2.89822 0.03076201 1.040338 2.887243 0.03076201 1.040338 2.887243 0.03076201 1.015182 2.89822 0.02505743 1.015182 2.89822 0.02505743 1.015206 0.6227222 0.07612293 1.015182 0.6227222 0.06068986 1.015182 0.6227222 0.06068986 1.015206 0.6336992 0.07612293 1.040339 0.6336992 0.03076225 1.040339 0.6336992 0.03076225 1.040598 0.6336992 0.04287379 1.040339 0.6227222 0.03076225 1.040339 0.6227222 0.03076225 1.037016 0.6336992 0.03294736 1.037016 0.6336992 0.03294736 1.011883 0.6336992 0.02794849 1.011883 0.6336992 0.02794849 1.015182 0.6336992 0.02505773 1.015182 0.6336992 0.02505773 1.015182 0.6227222 0.02505773 1.015182 0.6227222 0.02505773 1.011799 0.6336992 0.00960797 1.037274 0.6336992 0.04287379 1.037016 0.6336992 0.05280023 1.037016 0.6336992 0.05280023 1.040598 0.6227222 0.04287379 1.040339 0.6227222 0.05498534 1.040339 0.6227222 0.05498534 1.015182 0.6336992 0.06068986 1.015182 0.6336992 0.06068986 1.040339 0.6336992 0.05498534 1.040339 0.6336992 0.05498534 1.011799 0.6227222 0.07613968 1.011883 0.6227222 0.05779916 1.011883 0.6227222 0.05779916 1.037274 0.6227222 0.04287379 1.037016 0.6227222 0.03294736 1.037016 0.6227222 0.03294736 1.011883 0.6227222 0.02794849 1.011883 0.6227222 0.02794849 1.011799 0.6227222 0.00960797 1.015206 0.6227222 0.009624719 1.040598 1.152285 0.04287374 1.040339 1.152285 0.05498528 1.040339 1.152285 0.05498528 1.011883 1.141308 0.0577991 1.011883 1.141308 0.0577991 1.011799 1.141308 0.07613962 1.011799 1.152285 0.07613962 1.037274 1.152285 0.04287374 1.037016 1.152285 0.0329473 1.037016 1.152285 0.0329473 1.040339 1.141308 0.03076219 1.040339 1.141308 0.03076219 1.015182 1.141308 0.02505767 1.015182 1.141308 0.02505767 1.015182 1.152285 0.02505767 1.015182 1.152285 0.02505767 1.011799 1.141308 0.009607911 1.011883 1.141308 0.02794843 1.011883 1.141308 0.02794843 1.011799 1.152285 0.009607911 1.040598 1.141308 0.04287374 1.040339 1.141308 0.05498528 1.040339 1.141308 0.05498528 1.037016 1.152285 0.05280017 1.037016 1.152285 0.05280017 1.011883 1.152285 0.0577991 1.011883 1.152285 0.0577991 1.015182 1.141308 0.0606898 1.015182 1.141308 0.0606898 1.015206 1.152285 0.07612287 1.015182 1.152285 0.0606898 1.015182 1.152285 0.0606898 1.037015 1.627906 0.05280011 1.037015 1.627906 0.05280011 1.037274 1.627906 0.04287368 1.040339 1.627906 0.05498522 1.040339 1.627906 0.05498522 1.015182 1.627906 0.06068974 1.015182 1.627906 0.06068974 1.015182 1.616929 0.06068974 1.015182 1.616929 0.06068974 1.011883 1.616929 0.05779904 1.011883 1.616929 0.05779904 1.011799 1.616929 0.07613956 1.011799 1.627906 0.07613956 1.037015 1.627906 0.03294724 1.037015 1.627906 0.03294724 1.037015 1.616929 0.03294724 1.037015 1.616929 0.03294724 1.037274 1.616929 0.04287368 1.015206 1.627906 0.0096246 1.015182 1.627906 0.02505761 1.015182 1.627906 0.02505761 1.040597 1.616929 0.04287368 1.040339 1.616929 0.05498522 1.040339 1.616929 0.05498522 1.040597 1.627906 0.04287368 1.040339 1.627906 0.03076213 1.040339 1.627906 0.03076213 1.040339 1.616929 0.03076213 1.040339 1.616929 0.03076213 1.015182 1.616929 0.02505761 1.015182 1.616929 0.02505761 1.011883 1.616929 0.02794837 1.011883 1.616929 0.02794837 1.011799 1.616929 0.009607851 1.015206 1.616929 0.0096246 1.040339 2.199097 0.05498516 1.040339 2.199097 0.05498516 1.040597 2.199097 0.04287362 1.011883 2.210075 0.05779898 1.011883 2.210075 0.05779898 1.037015 2.210075 0.05280005 1.037015 2.210075 0.05280005 1.011883 2.199097 0.05779898 1.011883 2.199097 0.05779898 1.015182 2.199097 0.06068968 1.015182 2.199097 0.06068968 1.015182 2.210075 0.06068968 1.015182 2.210075 0.06068968 1.011799 2.199097 0.0761395 1.015206 2.210075 0.07612276 1.015206 2.199097 0.07612276 1.037015 2.210075 0.03294718 1.037015 2.210075 0.03294718 1.037015 2.199097 0.03294718 1.037015 2.199097 0.03294718 1.015182 2.199097 0.02505755 1.015182 2.199097 0.02505755 1.015206 2.199097 0.00962454 1.037015 2.199097 0.05280005 1.037015 2.199097 0.05280005 1.037274 2.199097 0.04287362 1.040339 2.210075 0.03076207 1.040339 2.210075 0.03076207 1.015182 2.210075 0.02505755 1.015182 2.210075 0.02505755 1.011799 2.210075 0.009607791 1.011883 2.210075 0.02794831 1.011883 2.210075 0.02794831 1.015206 2.210075 0.00962454 -1.012627 -0.1232804 0.04287391 -1.012369 -0.1232804 0.05280035 -1.012369 -0.1232804 0.05280035 -1.012369 -0.1342573 0.05280035 -1.012369 -0.1342573 0.05280035 -1.012627 -0.1342573 0.04287391 -0.9905363 -0.1342573 0.06068998 -0.9905363 -0.1342573 0.06068998 -0.9905602 -0.1342573 0.07612305 -1.012369 -0.1232804 0.03294748 -1.012369 -0.1232804 0.03294748 -1.012369 -0.1342573 0.03294748 -1.012369 -0.1342573 0.03294748 -1.015951 -0.1232804 0.04287391 -1.015692 -0.1232804 0.03076237 -1.015692 -0.1232804 0.03076237 -1.015692 -0.1342573 0.03076237 -1.015692 -0.1342573 0.03076237 -1.015951 -0.1342573 0.04287391 -0.9905363 -0.1232804 0.02505779 -0.9905363 -0.1232804 0.02505779 -0.9905602 -0.1232804 0.009624779 -1.015692 -0.1232804 0.05498546 -1.015692 -0.1232804 0.05498546 -0.9905363 -0.1232804 0.06068998 -0.9905363 -0.1232804 0.06068998 -0.987153 -0.1232804 0.07613974 -0.9872372 -0.1232804 0.05779927 -0.9872372 -0.1232804 0.05779927 -0.9905602 -0.1232804 0.07612305 -0.9872372 -0.1232804 0.02794855 -0.9872372 -0.1232804 0.02794855 -0.987153 -0.1232804 0.00960803 -0.9905363 -0.1342573 0.02505779 -0.9905363 -0.1342573 0.02505779 -0.9905602 -0.1342573 0.009624779 -1.012627 0.1878868 0.04287385 -1.012369 0.1878868 0.05280029 -1.012369 0.1878868 0.05280029 -1.015692 0.1878868 0.0549854 -1.015692 0.1878868 0.0549854 -1.015951 0.1878868 0.04287385 -1.015692 0.1769098 0.0549854 -1.015692 0.1769098 0.0549854 -0.9871531 0.1769099 0.07613974 -0.9872373 0.1769099 0.05779922 -0.9872373 0.1769099 0.05779922 -0.9871531 0.1878869 0.07613974 -1.015692 0.1878868 0.03076231 -1.015692 0.1878868 0.03076231 -1.015692 0.1769098 0.03076231 -1.015692 0.1769098 0.03076231 -0.9905364 0.1878869 0.02505779 -0.9905364 0.1878869 0.02505779 -0.9905364 0.1769099 0.02505779 -0.9905364 0.1769099 0.02505779 -0.9905604 0.1878869 0.009624779 -1.012627 0.1769098 0.04287385 -1.012369 0.1769098 0.05280029 -1.012369 0.1769098 0.05280029 -0.9905604 0.1769099 0.07612299 -0.9905364 0.1769099 0.06068992 -0.9905364 0.1769099 0.06068992 -1.012369 0.1878868 0.03294742 -1.012369 0.1878868 0.03294742 -0.9872373 0.1878869 0.02794855 -0.9872373 0.1878869 0.02794855 -0.9871531 0.1878869 0.00960803 -1.012628 2.587053 0.04287362 -1.01237 2.587053 0.05280005 -1.01237 2.587053 0.05280005 -1.01237 2.576076 0.05280005 -1.01237 2.576076 0.05280005 -1.012628 2.576076 0.04287362 -0.9905365 2.587053 0.06068968 -0.9905365 2.587053 0.06068968 -1.015693 2.587053 0.05498516 -1.015693 2.587053 0.05498516 -0.9905365 2.576076 0.06068968 -0.9905365 2.576076 0.06068968 -0.9871532 2.587053 0.07613945 -0.9871532 2.576076 0.07613945 -0.9905605 2.576076 0.07612276 -1.01237 2.576076 0.03294718 -1.01237 2.576076 0.03294718 -1.015693 2.576076 0.03076207 -1.015693 2.576076 0.03076207 -1.015951 2.576076 0.04287362 -0.9872374 2.576076 0.02794826 -0.9872374 2.576076 0.02794826 -0.9872374 2.587053 0.02794826 -0.9872374 2.587053 0.02794826 -1.015693 2.587053 0.03076207 -1.015693 2.587053 0.03076207 -1.015951 2.587053 0.04287362 -0.9871532 2.587053 0.009607732 -0.9905605 2.587053 0.009624481 -1.015693 2.887243 0.03076201 -1.015693 2.887243 0.03076201 -1.015951 2.887243 0.04287356 -0.9905366 2.887243 0.02505743 -0.9905366 2.887243 0.02505743 -0.9871534 2.887243 0.009607672 -0.9871534 2.89822 0.009607672 -1.01237 2.887243 0.05279999 -1.01237 2.887243 0.05279999 -0.9872375 2.887243 0.05779892 -0.9872375 2.887243 0.05779892 -0.9905366 2.887243 0.06068962 -0.9905366 2.887243 0.06068962 -1.015693 2.887243 0.0549851 -1.015693 2.887243 0.0549851 -0.9871534 2.887243 0.07613939 -0.9905606 2.887243 0.0761227 -1.015693 2.89822 0.03076201 -1.015693 2.89822 0.03076201 -1.015951 2.89822 0.04287356 -0.9905366 2.89822 0.02505743 -0.9905366 2.89822 0.02505743 -0.9872375 2.887243 0.0279482 -0.9872375 2.887243 0.0279482 -1.01237 2.887243 0.03294712 -1.01237 2.887243 0.03294712 -1.012627 0.633699 0.04287379 -1.012369 0.633699 0.05280023 -1.012369 0.633699 0.05280023 -1.015692 0.633699 0.05498534 -1.015692 0.633699 0.05498534 -1.015951 0.633699 0.04287379 -0.9905364 0.633699 0.06068986 -0.9905364 0.633699 0.06068986 -0.9871531 0.633699 0.07613968 -0.9871531 0.622722 0.07613968 -0.9905604 0.633699 0.07612293 -0.9905604 0.622722 0.07612293 -1.012369 0.633699 0.03294736 -1.012369 0.633699 0.03294736 -1.015692 0.633699 0.03076225 -1.015692 0.633699 0.03076225 -1.015692 0.622722 0.03076225 -1.015692 0.622722 0.03076225 -0.9905364 0.633699 0.02505773 -0.9905364 0.633699 0.02505773 -0.9905364 0.622722 0.02505773 -0.9905364 0.622722 0.02505773 -1.012627 0.622722 0.04287379 -1.012369 0.622722 0.05280023 -1.012369 0.622722 0.05280023 -1.015692 0.622722 0.05498534 -1.015692 0.622722 0.05498534 -1.015951 0.622722 0.04287379 -0.9872373 0.622722 0.05779916 -0.9872373 0.622722 0.05779916 -0.9905364 0.622722 0.06068986 -0.9905364 0.622722 0.06068986 -1.012369 0.622722 0.03294736 -1.012369 0.622722 0.03294736 -0.9872373 0.622722 0.02794849 -0.9872373 0.622722 0.02794849 -0.9872373 0.633699 0.02794849 -0.9872373 0.633699 0.02794849 -0.9871531 0.633699 0.00960797 -0.9905604 0.633699 0.009624719 -0.9871531 0.622722 0.00960797 -0.9905604 0.622722 0.009624719 -1.012627 1.152284 0.04287374 -1.012369 1.152284 0.05280017 -1.012369 1.152284 0.05280017 -1.012369 1.141307 0.05280017 -1.012369 1.141307 0.05280017 -1.015951 1.141307 0.04287374 -1.015692 1.141307 0.05498528 -1.015692 1.141307 0.05498528 -0.9872373 1.152284 0.0577991 -0.9872373 1.152284 0.0577991 -0.9872373 1.141307 0.0577991 -0.9872373 1.141307 0.0577991 -0.9905364 1.141307 0.0606898 -0.9905364 1.141307 0.0606898 -0.9905364 1.152284 0.0606898 -0.9905364 1.152284 0.0606898 -0.9905604 1.141307 0.07612287 -1.015951 1.152284 0.04287374 -1.015692 1.152284 0.03076219 -1.015692 1.152284 0.03076219 -0.9905364 1.152284 0.02505767 -0.9905364 1.152284 0.02505767 -0.9905364 1.141307 0.02505767 -0.9905364 1.141307 0.02505767 -0.9871531 1.152284 0.009607911 -0.9872373 1.152284 0.02794843 -0.9872373 1.152284 0.02794843 -0.9905604 1.152284 0.07612287 -0.9871531 1.152284 0.07613962 -1.012369 1.141307 0.0329473 -1.012369 1.141307 0.0329473 -1.012627 1.141307 0.04287374 -0.9872373 1.141307 0.02794843 -0.9872373 1.141307 0.02794843 -0.9871531 1.141307 0.009607911 -0.9905604 1.141307 0.00962466 -1.015693 1.616929 0.05498522 -1.015693 1.616929 0.05498522 -0.9905365 1.616929 0.06068974 -0.9905365 1.616929 0.06068974 -0.9905365 1.627906 0.06068974 -0.9905365 1.627906 0.06068974 -0.9872374 1.627906 0.05779904 -0.9872374 1.627906 0.05779904 -0.9871532 1.627906 0.07613956 -0.9905605 1.627906 0.07612282 -1.01237 1.616929 0.03294724 -1.01237 1.616929 0.03294724 -1.01237 1.627906 0.03294724 -1.01237 1.627906 0.03294724 -0.9905365 1.616929 0.02505761 -0.9905365 1.616929 0.02505761 -1.015693 1.616929 0.03076213 -1.015693 1.616929 0.03076213 -0.9905365 1.627906 0.02505761 -0.9905365 1.627906 0.02505761 -0.9871532 1.616929 0.009607851 -0.9871532 1.627906 0.009607851 -0.9905605 1.627906 0.0096246 -0.9905605 1.616929 0.0096246 -1.01237 1.627906 0.05280011 -1.01237 1.627906 0.05280011 -1.012628 1.627906 0.04287368 -1.012628 1.616929 0.04287368 -1.01237 1.616929 0.05280011 -1.01237 1.616929 0.05280011 -0.9872374 1.616929 0.05779904 -0.9872374 1.616929 0.05779904 -0.9871532 1.616929 0.07613956 -0.9905605 1.616929 0.07612282 -1.015951 2.199097 0.04287362 -1.015693 2.199097 0.05498516 -1.015693 2.199097 0.05498516 -0.9872374 2.210075 0.05779898 -0.9872374 2.210075 0.05779898 -0.9872374 2.199097 0.05779898 -0.9872374 2.199097 0.05779898 -0.9905365 2.199097 0.06068968 -0.9905365 2.199097 0.06068968 -0.9905365 2.210075 0.06068968 -0.9905365 2.210075 0.06068968 -0.9871532 2.210075 0.0761395 -0.9871532 2.199097 0.0761395 -0.9905605 2.199097 0.07612276 -1.01237 2.210075 0.03294718 -1.01237 2.210075 0.03294718 -1.012628 2.210075 0.04287362 -0.9872374 2.210075 0.02794831 -0.9872374 2.210075 0.02794831 -1.015951 2.210075 0.04287362 -1.015693 2.210075 0.05498516 -1.015693 2.210075 0.05498516 -1.012628 2.199097 0.04287362 -1.01237 2.199097 0.05280005 -1.01237 2.199097 0.05280005 -1.015693 2.210075 0.03076207 -1.015693 2.210075 0.03076207 -1.01237 2.199097 0.03294718 -1.01237 2.199097 0.03294718 -0.9905365 2.210075 0.02505755 -0.9905365 2.210075 0.02505755 -0.9872374 2.199097 0.02794831 -0.9872374 2.199097 0.02794831 -1.015693 2.199097 0.03076207 -1.015693 2.199097 0.03076207 -0.9905365 2.199097 0.02505755 -0.9905365 2.199097 0.02505755 -0.9871532 2.210075 0.009607791 -0.9905605 2.210075 0.00962454 -0.9871532 2.199097 0.009607791 -0.8129813 -0.3137025 0.04115116 -0.8129813 -0.3134174 0.05326271 -0.8129813 -0.3134174 0.05326271 -0.8229377 -0.3134174 0.05326271 -0.8229377 -0.3134174 0.05326271 -0.8229377 -0.3137025 0.04115116 -0.8129813 -0.2856825 0.05896723 -0.8129813 -0.2856825 0.05896723 -0.8229377 -0.2856825 0.05896723 -0.8229377 -0.2856825 0.05896723 -0.8129813 -0.2857088 0.0744003 -0.8229377 -0.2857088 0.0744003 -0.8129813 -0.3097538 0.03122472 -0.8129813 -0.3097538 0.03122472 -0.8229377 -0.3097538 0.03122472 -0.8229377 -0.3097538 0.03122472 -0.8229377 -0.3134174 0.02903962 -0.8229377 -0.3134174 0.02903962 -0.8129813 -0.2820452 0.02622586 -0.8129813 -0.2820452 0.02622586 -0.8229377 -0.2856825 0.02333509 -0.8229377 -0.2856825 0.02333509 -0.8129813 -0.2819525 0.007885336 -0.8229377 -0.2857088 0.007902085 -0.8129813 -0.2857088 0.007902085 -0.8229377 -0.3097538 0.0510776 -0.8229377 -0.3097538 0.0510776 -0.8229377 -0.3100381 0.04115116 -0.8129813 -0.2820452 0.05607652 -0.8129813 -0.2820452 0.05607652 -0.8129813 -0.2819525 0.07441699 -0.8129813 -0.3134174 0.02903962 -0.8129813 -0.3134174 0.02903962 -0.8129813 -0.2856825 0.02333509 -0.8129813 -0.2856825 0.02333509 -0.8229377 -0.2820452 0.02622586 -0.8229377 -0.2820452 0.02622586 -0.8229377 -0.2819525 0.007885336 -0.5407017 -0.3134169 0.05326271 -0.5407017 -0.3134169 0.05326271 -0.5407017 -0.3137025 0.04115116 -0.5407017 -0.285682 0.05896723 -0.5407017 -0.285682 0.05896723 -0.5307453 -0.285682 0.05896723 -0.5307453 -0.285682 0.05896723 -0.5407017 -0.2819524 0.07441699 -0.5307453 -0.2819524 0.07441699 -0.5307453 -0.2857088 0.0744003 -0.5307453 -0.310038 0.04115116 -0.5307453 -0.3097533 0.03122472 -0.5307453 -0.3097533 0.03122472 -0.5307453 -0.3134169 0.02903962 -0.5307453 -0.3134169 0.02903962 -0.5307453 -0.3137025 0.04115116 -0.5407017 -0.3134169 0.02903962 -0.5407017 -0.3134169 0.02903962 -0.5307453 -0.2820448 0.02622586 -0.5307453 -0.2820448 0.02622586 -0.5407017 -0.2820448 0.02622586 -0.5407017 -0.2820448 0.02622586 -0.5407017 -0.2819525 0.007885336 -0.5307453 -0.3097533 0.0510776 -0.5307453 -0.3097533 0.0510776 -0.5307453 -0.2820447 0.05607652 -0.5307453 -0.2820447 0.05607652 -0.5407017 -0.310038 0.04115116 -0.5407017 -0.3097533 0.03122472 -0.5407017 -0.3097533 0.03122472 -0.5307453 -0.2857088 0.007902085 -0.5307453 -0.2819525 0.007885336 -0.5307453 -0.2856821 0.02333509 -0.5307453 -0.2856821 0.02333509 -0.5407017 -0.2857088 0.007902085 -0.5407017 -0.2856821 0.02333509 -0.5407017 -0.2856821 0.02333509 0.5638365 -0.310038 0.04115116 0.5638365 -0.3097532 0.0510776 0.5638365 -0.3097532 0.0510776 0.5737929 -0.3134168 0.05326271 0.5737929 -0.3134168 0.05326271 0.5638365 -0.3134168 0.05326271 0.5638365 -0.3134168 0.05326271 0.5638365 -0.2820447 0.05607652 0.5638365 -0.2820447 0.05607652 0.5638365 -0.2819523 0.07441699 0.5737929 -0.2819523 0.07441699 0.5638365 -0.3097532 0.03122472 0.5638365 -0.3097532 0.03122472 0.5638365 -0.3134168 0.02903962 0.5638365 -0.3134168 0.02903962 0.5737929 -0.3134168 0.02903962 0.5737929 -0.3134168 0.02903962 0.5737929 -0.285682 0.02333509 0.5737929 -0.285682 0.02333509 0.5737929 -0.2857087 0.007902085 0.5737929 -0.310038 0.04115116 0.5737929 -0.3097532 0.0510776 0.5737929 -0.3097532 0.0510776 0.5737929 -0.2820447 0.05607652 0.5737929 -0.2820447 0.05607652 0.5737929 -0.2857087 0.0744003 0.5737929 -0.285682 0.05896723 0.5737929 -0.285682 0.05896723 0.5737929 -0.3097532 0.03122472 0.5737929 -0.3097532 0.03122472 0.5638365 -0.2857087 0.007902085 0.5638365 -0.285682 0.02333509 0.5638365 -0.285682 0.02333509 0.8560282 -0.3097532 0.0510776 0.8560282 -0.3097532 0.0510776 0.8560282 -0.3100379 0.04115116 0.846072 -0.3100379 0.04115116 0.846072 -0.3097532 0.0510776 0.846072 -0.3097532 0.0510776 0.846072 -0.3134168 0.05326271 0.846072 -0.3134168 0.05326271 0.846072 -0.3137024 0.04115116 0.8560282 -0.2820446 0.05607652 0.8560282 -0.2820446 0.05607652 0.846072 -0.2820446 0.05607652 0.846072 -0.2820446 0.05607652 0.846072 -0.2819523 0.07441699 0.8560282 -0.2856819 0.05896723 0.8560282 -0.2856819 0.05896723 0.8560282 -0.2857087 0.0744003 0.846072 -0.2819523 0.007885336 0.846072 -0.2820447 0.02622586 0.846072 -0.2820447 0.02622586 0.846072 -0.285682 0.02333509 0.846072 -0.285682 0.02333509 0.846072 -0.2857087 0.007902085 0.8560282 -0.3134168 0.05326271 0.8560282 -0.3134168 0.05326271 0.8560282 -0.3137024 0.04115116 0.846072 -0.2856819 0.05896723 0.846072 -0.2856819 0.05896723 0.846072 -0.2857087 0.0744003 0.8560282 -0.3134168 0.02903962 0.8560282 -0.3134168 0.02903962 0.8560282 -0.2820447 0.02622586 0.8560282 -0.2820447 0.02622586 0.8560282 -0.3097532 0.03122472 0.8560282 -0.3097532 0.03122472 0.8560282 -0.285682 0.02333509 0.8560282 -0.285682 0.02333509 0.8560282 -0.2819523 0.007885336 0.8560282 -0.2857087 0.007902085 -0.1879548 -0.3137025 0.04115116 -0.1879548 -0.3134169 0.05326271 -0.1879548 -0.3134169 0.05326271 -0.1979112 -0.2820447 0.05607652 -0.1979112 -0.2820447 0.05607652 -0.1879548 -0.2820447 0.05607652 -0.1879548 -0.2820447 0.05607652 -0.1979112 -0.2819524 0.07441699 -0.1879548 -0.3134169 0.02903962 -0.1879548 -0.3134169 0.02903962 -0.1979112 -0.3134169 0.02903962 -0.1979112 -0.3134169 0.02903962 -0.1979112 -0.285682 0.02333509 -0.1979112 -0.285682 0.02333509 -0.1879548 -0.2819524 0.007885336 -0.1979112 -0.2819524 0.007885336 -0.1979112 -0.2857087 0.007902085 -0.1979112 -0.3097533 0.0510776 -0.1979112 -0.3097533 0.0510776 -0.1979112 -0.310038 0.04115116 -0.1979112 -0.3137025 0.04115116 -0.1979112 -0.3134169 0.05326271 -0.1979112 -0.3134169 0.05326271 -0.1979112 -0.285682 0.05896723 -0.1979112 -0.285682 0.05896723 -0.1979112 -0.2857087 0.0744003 -0.1979112 -0.3097533 0.03122472 -0.1979112 -0.3097533 0.03122472 -0.1879548 -0.2820447 0.02622586 -0.1879548 -0.2820447 0.02622586 -0.1879548 -0.3097533 0.03122472 -0.1879548 -0.3097533 0.03122472 -0.1979112 -0.2820447 0.02622586 -0.1979112 -0.2820447 0.02622586 -0.1879548 -0.285682 0.02333509 -0.1879548 -0.285682 0.02333509 -0.1879548 -0.2857087 0.007902085 0.233488 -0.2857087 0.0744003 0.233488 -0.285682 0.05896723 0.233488 -0.285682 0.05896723 0.2434444 -0.310038 0.04115116 0.2434444 -0.3097532 0.03122472 0.2434444 -0.3097532 0.03122472 0.2434444 -0.285682 0.02333509 0.2434444 -0.285682 0.02333509 0.2434444 -0.3134168 0.02903962 0.2434444 -0.3134168 0.02903962 0.233488 -0.3097532 0.0510776 0.233488 -0.3097532 0.0510776 0.233488 -0.310038 0.04115116 0.233488 -0.3137024 0.04115116 0.233488 -0.3134168 0.05326271 0.233488 -0.3134168 0.05326271 0.2434444 -0.3097532 0.0510776 0.2434444 -0.3097532 0.0510776 0.2434444 -0.2820447 0.05607652 0.2434444 -0.2820447 0.05607652 0.233488 -0.2820447 0.05607652 0.233488 -0.2820447 0.05607652 0.2434444 -0.2819523 0.07441699 0.2434444 -0.2857087 0.0744003 0.2434444 -0.285682 0.05896723 0.2434444 -0.285682 0.05896723 0.233488 -0.2819523 0.07441699 0.233488 -0.3097532 0.03122472 0.233488 -0.3097532 0.03122472 0.233488 -0.3134168 0.02903962 0.233488 -0.3134168 0.02903962 0.233488 -0.285682 0.02333509 0.233488 -0.285682 0.02333509 1.010499 2.569436 -0.4169923 1.010499 2.569436 -0.4169923 0.9970968 2.569531 -0.4117841 0.9970968 2.569531 -0.4117841 1.018782 2.569377 -0.4033567 1.018782 2.569377 -0.4033567 1.01007 2.496821 -0.3897213 1.01007 2.496821 -0.3897213 1.01007 2.496821 -0.3897213 0.9926081 1.374691 -0.3949294 0.9926081 1.374691 -0.3949294 1.00601 1.374594 -0.3897213 1.00601 1.374594 -0.3897213 1.00601 1.374594 -0.3897213 1.00601 1.374594 -0.3897213 0.9926081 1.374691 -0.4117839 0.9926081 1.374691 -0.4117839 -0.9880495 1.374691 -0.4117838 -0.9880495 1.374691 -0.4117838 -0.9880495 1.374691 -0.3949292 -0.9880495 1.374691 -0.3949292 1.001469 0.08426409 -0.389721 1.001469 0.08426409 -0.389721 1.001469 0.08426409 -0.389721 -0.9791893 0.08426398 -0.416992 -0.9791893 0.08426398 -0.416992 -0.992591 0.08436012 -0.4117838 -0.992591 0.08436012 -0.4117838 -0.9709066 0.08420431 -0.4033564 -0.9709066 0.08420431 -0.4033564 -0.9796183 0.0116499 -0.389721 -0.9796183 0.0116499 -0.389721 -0.9796183 0.0116499 -0.389721 -0.9930202 0.0117461 -0.4117838 -0.9930202 0.0117461 -0.4117838 -0.9796183 0.0116499 -0.416992 -0.9796183 0.0116499 -0.416992 -0.983561 2.569532 -0.3949295 -0.983561 2.569532 -0.3949295 -0.9701589 2.569436 -0.3897213 -0.9701589 2.569436 -0.3897213 -0.9701589 2.569436 -0.3897213 -0.9705877 2.496821 -0.3897213 -0.9705877 2.496821 -0.3897213 -0.9705877 2.496821 -0.3897213 -0.9839897 2.496918 -0.4117841 -0.9839897 2.496918 -0.4117841 -0.9705877 2.496821 -0.4169923 -0.9705877 2.496821 -0.4169923 1.005581 1.301981 -0.4169923 1.005581 1.301981 -0.4169923 0.9921792 1.302077 -0.4117841 0.9921792 1.302077 -0.4117841 1.00601 1.374594 -0.4169923 1.00601 1.374594 -0.4169923 1.014293 1.374535 -0.4033568 1.014293 1.374535 -0.4033568 -0.9884785 1.302077 -0.3949292 -0.9884785 1.302077 -0.3949292 -0.9884785 1.302077 -0.3949292 -0.9750767 1.30198 -0.3897209 -0.9750767 1.30198 -0.3897209 -0.9750767 1.30198 -0.3897209 -0.9746477 1.374594 -0.3897209 -0.9746477 1.374594 -0.3897209 -0.9746477 1.374594 -0.3897209 -0.9746477 1.374594 -0.3897209 -0.9884785 1.302077 -0.4117837 -0.9884785 1.302077 -0.4117837 -0.9750767 1.30198 -0.4169921 -0.9750767 1.30198 -0.4169921 -0.9746477 1.374594 -0.4169921 -0.9746477 1.374594 -0.4169921 -0.966794 1.301921 -0.4033565 -0.966794 1.301921 -0.4033565 0.9880664 0.08436024 -0.4117838 0.9880664 0.08436024 -0.4117838 0.9876375 0.01174598 -0.4117838 0.9876375 0.01174598 -0.4117838 0.9880664 0.08436024 -0.3949292 0.9880664 0.08436024 -0.3949292 1.001039 0.01165002 -0.416992 1.001039 0.01165002 -0.416992 -0.9791893 0.08426398 -0.389721 -0.9791893 0.08426398 -0.389721 -0.9791893 0.08426398 -0.389721 -0.9791893 0.08426398 -0.389721 -0.9930202 0.0117461 -0.3949292 -0.9930202 0.0117461 -0.3949292 -0.9930202 0.0117461 -0.3949292 -0.992591 0.08436012 -0.3949292 -0.992591 0.08436012 -0.3949292 0.9970968 2.569531 -0.3949295 0.9970968 2.569531 -0.3949295 0.9966682 2.496917 -0.3949295 0.9966682 2.496917 -0.3949295 0.9966682 2.496917 -0.3949295 0.9966682 2.496917 -0.4117841 0.9966682 2.496917 -0.4117841 -0.9623048 2.496762 -0.4033567 -0.9623048 2.496762 -0.4033567 -0.961876 2.569377 -0.4033567 -0.961876 2.569377 -0.4033567 -0.983561 2.569532 -0.4117841 -0.983561 2.569532 -0.4117841 -0.9701589 2.569436 -0.4169923 -0.9701589 2.569436 -0.4169923 0.6999801 2.938038 -0.4289152 0.6999705 2.944623 -0.4288417 0.9888044 -0.2932361 -0.3916637 0.9888044 -0.2932361 -0.3916637 0.9888041 3.060943 -0.391664 0.9888041 3.060943 -0.391664 0.9888041 3.060943 -0.391664 1.023851 -0.2932828 -0.3330026 1.023851 -0.2459625 0.1211497 1.023851 -0.2932828 0.1211497 1.023851 -0.2932828 0.1211497 1.012295 2.985022 0.0857287 -0.9645158 -0.2932363 0.1820971 -0.9645158 -0.2932363 0.1820971 -0.9645158 -0.2932363 0.1820971 -0.9645158 -0.2932363 -0.3916634 -0.9645158 -0.2932363 -0.3916634 -0.9645158 -0.2932363 -0.3916634 -0.9645161 3.060943 -0.3916638 -0.9645161 3.060943 -0.3916638 -0.9645161 3.060943 -0.3916638 -0.9995621 -0.2932829 -0.3330025 -0.9995621 -0.2932829 0.1211496 -0.9880071 -0.2149568 0.08572924 -0.9995625 3.017665 0.1819285 -0.9995625 3.017665 0.1819285 0.9958998 3.020611 0.1162452 1.029207 3.020611 0.1344912 1.029207 3.020611 0.1344912 0.9958998 3.020611 0.1344912 1.029207 3.037597 0.1499599 1.029207 3.037597 0.1499599 1.029207 3.062674 0.1499599 1.029207 3.062674 0.1499599 -0.9709919 3.037598 0.1499599 -0.9709919 3.037598 0.1499599 -0.9701796 3.080569 0.1325109 -0.9701796 3.080569 0.1325109 -0.9701796 3.080569 0.1325109 -0.9701796 3.080569 0.1325109 -1.004298 -0.2550628 0.1162456 -1.004298 -0.2550628 0.1162456 -0.9709913 -0.2720494 0.1017253 -0.9709913 -0.2720494 0.1017253 -1.004298 -0.2720494 0.1017253 -1.004298 -0.2720494 0.1017253 -0.9709913 -0.2720494 0.1499602 -0.9709913 -0.2720494 0.1499602 -1.004298 -0.2971259 0.1499603 -1.004298 -0.2971259 0.1499603 0.9959003 -0.2550626 0.1162456 1.029207 -0.2550626 0.1162456 1.029207 -0.2550626 0.1162456 1.029207 -0.2720493 0.1017253 1.029207 -0.2720493 0.1017253 0.9959003 -0.2550626 0.1344915 1.029207 -0.2550626 0.1344915 1.029207 -0.2550626 0.1344915 1.029207 -0.2720493 0.1499603 1.029207 -0.2720493 0.1499603 1.029207 -0.2971255 0.1499603 1.029207 -0.2971255 0.1499603 0.9914341 -0.3166462 0.1259994 0.9914341 -0.3166462 0.1259994 0.9914341 -0.3166462 0.1259994 0.9914341 -0.3166462 0.1259994 -0.9585415 -0.2567812 0.1826145 -0.9585415 -0.2567812 0.1826145 -0.9585415 -0.2567812 0.1826145 -0.9585415 -0.2567812 0.1826145 0.9824215 -0.2572904 0.1826148 0.9824215 -0.2572904 0.1826148 0.9824215 -0.2572904 0.1826148 0.9824215 -0.2572905 -0.3911456 0.9824215 -0.2572905 -0.3911456 0.9824215 -0.2572905 -0.3911456 0.9824215 -0.2572905 -0.3911456 0.9383285 -0.2948642 -0.3914011 0.9383285 -0.2948642 -0.3914011 0.982465 -0.2948642 -0.3914011 0.982465 -0.2948642 -0.3914011 -0.9585555 -0.294355 -0.332485 -0.9585555 -0.294355 -0.332485 0.9094079 -0.2824758 -0.297064 1.00509 -0.3107278 0.1281792 1.00509 -0.3107278 0.1281792 1.00509 -0.3107278 0.1281792 -0.9801817 -0.3130377 0.08181977 -0.9801817 -0.3130377 0.08181977 -0.9801817 -0.3130377 0.08181977 -0.9548048 -0.3095329 0.1436542 -0.9548048 -0.3095329 0.1436542 -0.9836289 3.087365 -0.1504538 -0.9836289 3.087365 -0.1504538 -0.9801818 3.076276 0.1281788 -0.9801818 3.076276 0.1281788 -0.9801818 3.076276 0.1281788 0.9932404 3.030138 -0.4318615 0.9932404 3.030138 -0.4318615 0.9932408 -0.2665646 -0.4318612 0.9932408 -0.2665646 -0.4318612 0.9932408 -0.2665646 -0.3834185 0.9932408 -0.2665646 -0.3834185 -0.9692611 3.030138 -0.4318615 -0.9692611 3.030138 -0.4318615 -0.9692605 -0.2665648 -0.4318612 -0.9692605 -0.2665648 -0.4318612 -0.9692605 -0.2665648 -0.3834185 -0.9692605 -0.2665648 -0.3834185 1.040598 -0.1342571 0.04287391 1.037274 0.1878871 0.04287385 1.040598 0.1769101 0.04287385 1.011883 0.187887 0.02794855 1.011883 0.187887 0.02794855 1.011883 0.17691 0.02794855 1.011883 0.17691 0.02794855 1.015182 0.17691 0.02505779 1.015182 0.17691 0.02505779 1.011883 2.587053 0.05779898 1.011883 2.587053 0.05779898 1.011883 2.576076 0.05779898 1.011883 2.576076 0.05779898 1.011799 2.587053 0.07613945 1.015206 2.587053 0.07612276 1.037015 2.587053 0.03294718 1.037015 2.587053 0.03294718 1.011883 2.587053 0.02794826 1.011883 2.587053 0.02794826 1.011799 2.587053 0.009607732 1.037273 2.887243 0.04287356 1.015182 2.887243 0.06068962 1.015182 2.887243 0.06068962 1.011799 2.89822 0.07613939 1.015206 2.89822 0.0761227 1.037015 2.887243 0.03294712 1.037015 2.887243 0.03294712 1.011799 2.89822 0.009607672 1.037016 0.6227222 0.05280023 1.037016 0.6227222 0.05280023 1.011883 0.6336992 0.05779916 1.011883 0.6336992 0.05779916 1.011799 0.6336992 0.07613968 1.015206 0.6336992 0.009624719 1.037274 1.141308 0.04287374 1.037016 1.141308 0.05280017 1.037016 1.141308 0.05280017 1.015206 1.141308 0.07612287 1.037016 1.141308 0.0329473 1.037016 1.141308 0.0329473 1.040339 1.152285 0.03076219 1.040339 1.152285 0.03076219 1.011883 1.152285 0.02794843 1.011883 1.152285 0.02794843 1.015206 1.152285 0.00962466 1.015206 1.141308 0.00962466 1.037015 1.616929 0.05280011 1.037015 1.616929 0.05280011 1.011883 1.627906 0.05779904 1.011883 1.627906 0.05779904 1.015206 1.627906 0.07612282 1.015206 1.616929 0.07612282 1.011883 1.627906 0.02794837 1.011883 1.627906 0.02794837 1.011799 1.627906 0.009607851 1.037274 2.210075 0.04287362 1.040597 2.210075 0.04287362 1.040339 2.210075 0.05498516 1.040339 2.210075 0.05498516 1.011799 2.210075 0.0761395 1.040339 2.199097 0.03076207 1.040339 2.199097 0.03076207 1.011883 2.199097 0.02794831 1.011883 2.199097 0.02794831 1.011799 2.199097 0.009607791 -1.015692 -0.1342573 0.05498546 -1.015692 -0.1342573 0.05498546 -0.9872372 -0.1342573 0.05779927 -0.9872372 -0.1342573 0.05779927 -0.987153 -0.1342573 0.07613974 -0.9872372 -0.1342573 0.02794855 -0.9872372 -0.1342573 0.02794855 -0.987153 -0.1342573 0.00960803 -1.015951 0.1769098 0.04287385 -0.9872373 0.1878869 0.05779922 -0.9872373 0.1878869 0.05779922 -0.9905364 0.1878869 0.06068992 -0.9905364 0.1878869 0.06068992 -0.9905604 0.1878869 0.07612299 -1.012369 0.1769098 0.03294742 -1.012369 0.1769098 0.03294742 -0.9872373 0.1769099 0.02794855 -0.9872373 0.1769099 0.02794855 -0.9871531 0.1769099 0.00960803 -0.9905604 0.1769099 0.009624779 -1.015693 2.576076 0.05498516 -1.015693 2.576076 0.05498516 -0.9872374 2.587053 0.05779898 -0.9872374 2.587053 0.05779898 -0.9872374 2.576076 0.05779898 -0.9872374 2.576076 0.05779898 -0.9905605 2.587053 0.07612276 -1.01237 2.587053 0.03294718 -1.01237 2.587053 0.03294718 -0.9905365 2.587053 0.02505749 -0.9905365 2.587053 0.02505749 -0.9905365 2.576076 0.02505749 -0.9905365 2.576076 0.02505749 -0.9871532 2.576076 0.009607732 -0.9905605 2.576076 0.009624481 -1.012628 2.89822 0.04287356 -1.01237 2.89822 0.05279999 -1.01237 2.89822 0.05279999 -1.012628 2.887243 0.04287356 -1.015693 2.89822 0.0549851 -1.015693 2.89822 0.0549851 -0.9872375 2.89822 0.05779892 -0.9872375 2.89822 0.05779892 -0.9905366 2.89822 0.06068962 -0.9905366 2.89822 0.06068962 -0.9871534 2.89822 0.07613939 -0.9905606 2.89822 0.0761227 -1.01237 2.89822 0.03294712 -1.01237 2.89822 0.03294712 -0.9872375 2.89822 0.0279482 -0.9872375 2.89822 0.0279482 -0.9905606 2.89822 0.009624421 -0.9905606 2.887243 0.009624421 -0.9872373 0.633699 0.05779916 -0.9872373 0.633699 0.05779916 -1.015692 1.152284 0.05498528 -1.015692 1.152284 0.05498528 -0.9871531 1.141307 0.07613962 -1.012369 1.152284 0.0329473 -1.012369 1.152284 0.0329473 -1.015692 1.141307 0.03076219 -1.015692 1.141307 0.03076219 -0.9905604 1.152284 0.00962466 -1.015693 1.627906 0.05498522 -1.015693 1.627906 0.05498522 -1.015951 1.627906 0.04287368 -1.015951 1.616929 0.04287368 -1.015693 1.627906 0.03076213 -1.015693 1.627906 0.03076213 -0.9872374 1.627906 0.02794837 -0.9872374 1.627906 0.02794837 -0.9872374 1.616929 0.02794837 -0.9872374 1.616929 0.02794837 -1.01237 2.210075 0.05280005 -1.01237 2.210075 0.05280005 -0.9905605 2.210075 0.07612276 -0.9905605 2.199097 0.00962454 -0.8129813 -0.3097538 0.0510776 -0.8129813 -0.3097538 0.0510776 -0.8129813 -0.3100381 0.04115116 -0.8229377 -0.2820452 0.05607652 -0.8229377 -0.2820452 0.05607652 -0.8229377 -0.2819525 0.07441699 -0.5407017 -0.3097533 0.0510776 -0.5407017 -0.3097533 0.0510776 -0.5307453 -0.3134169 0.05326271 -0.5307453 -0.3134169 0.05326271 -0.5407017 -0.2820447 0.05607652 -0.5407017 -0.2820447 0.05607652 -0.5407017 -0.2857088 0.0744003 0.5737929 -0.3137024 0.04115116 0.5638365 -0.3137024 0.04115116 0.5638365 -0.285682 0.05896723 0.5638365 -0.285682 0.05896723 0.5638365 -0.2857087 0.0744003 0.5737929 -0.2820447 0.02622586 0.5737929 -0.2820447 0.02622586 0.5638365 -0.2820447 0.02622586 0.5638365 -0.2820447 0.02622586 0.5737929 -0.2819523 0.007885336 0.5638365 -0.2819523 0.007885336 0.8560282 -0.2819523 0.07441699 0.846072 -0.3097532 0.03122472 0.846072 -0.3097532 0.03122472 0.846072 -0.3134168 0.02903962 0.846072 -0.3134168 0.02903962 -0.1879548 -0.3097533 0.0510776 -0.1879548 -0.3097533 0.0510776 -0.1879548 -0.310038 0.04115116 -0.1879548 -0.285682 0.05896723 -0.1879548 -0.285682 0.05896723 -0.1879548 -0.2819524 0.07441699 -0.1879548 -0.2857087 0.0744003 0.2434444 -0.3137024 0.04115116 0.2434444 -0.3134168 0.05326271 0.2434444 -0.3134168 0.05326271 0.2434444 -0.2820447 0.02622586 0.2434444 -0.2820447 0.02622586 0.233488 -0.2820447 0.02622586 0.233488 -0.2820447 0.02622586 0.2434444 -0.2819524 0.007885336 0.233488 -0.2819524 0.007885336 0.2434444 -0.2857087 0.007902085 0.233488 -0.2857087 0.007902085 1.010499 2.569436 -0.3897213 1.010499 2.569436 -0.3897213 1.010499 2.569436 -0.3897213 1.010499 2.569436 -0.3897213 1.018353 2.496762 -0.4033567 1.018353 2.496762 -0.4033567 1.01007 2.496821 -0.4169923 1.01007 2.496821 -0.4169923 1.013864 1.301921 -0.4033568 1.013864 1.301921 -0.4033568 1.005581 1.301981 -0.3897213 1.005581 1.301981 -0.3897213 1.005581 1.301981 -0.3897213 0.9921792 1.302077 -0.3949296 0.9921792 1.302077 -0.3949296 0.9921792 1.302077 -0.3949296 -0.966365 1.374535 -0.4033565 -0.966365 1.374535 -0.4033565 1.009751 0.08420443 -0.4033564 1.009751 0.08420443 -0.4033564 1.001469 0.08426409 -0.416992 1.001469 0.08426409 -0.416992 1.009323 0.01159042 -0.4033564 1.009323 0.01159042 -0.4033564 1.001039 0.01165002 -0.389721 1.001039 0.01165002 -0.389721 1.001039 0.01165002 -0.389721 0.9876375 0.01174598 -0.3949292 0.9876375 0.01174598 -0.3949292 -0.9713354 0.01159048 -0.4033564 -0.9713354 0.01159048 -0.4033564 -0.9839897 2.496918 -0.3949295 -0.9839897 2.496918 -0.3949295 0.938328 3.056825 -0.3884261 0.938328 3.056825 -0.3884261 -0.9181754 3.056315 -0.3884263 -0.9181754 3.056315 -0.3884263 -0.9181754 3.056315 -0.3884263 -0.9585557 3.056315 -0.3884263 -0.9585557 3.056315 -0.3884263 0.9824647 3.056825 0.1246426 0.9824647 3.056825 -0.3295097 -0.8877282 3.043928 -0.2940892 -0.8877282 3.043927 0.08922177 0.9094075 3.044436 -0.294089 0.9824647 3.056825 0.1854218 0.9824647 3.056825 0.1854218 0.9824647 3.056825 -0.3884261 0.9824647 3.056825 -0.3884261 0.9824212 3.019251 -0.3881707 0.9824212 3.019251 -0.3881707 0.9824212 3.019251 -0.3881707 0.9824212 3.019251 -0.3881707 -0.9585554 3.056315 -0.3295099 -0.9585554 3.056315 -0.3295099 -0.9585418 3.018742 -0.3881709 -0.9585418 3.018742 -0.3881709 -0.9585418 3.018742 -0.3881709 -0.9585418 3.018742 -0.3881709 -0.9585418 3.018742 -0.3881709 -0.9585557 3.056315 0.1854215 -0.9585557 3.056315 0.1854215 -0.9585557 3.056315 0.1246421 -0.9585557 3.056315 0.1246421 -0.9585557 3.056315 0.1246421 0.9824212 3.019251 0.1855897 0.9824212 3.019251 0.1855897 0.9824212 3.019251 0.1855897 0.9383282 3.056825 0.1854218 0.9383282 3.056825 0.1854218 -0.9181754 3.056315 0.1854215 -0.9181754 3.056315 0.1854215 0.8872957 3.050771 0.006377518 0.8913458 3.050771 0.004370868 0.8913458 3.050771 0.004370868 0.8930236 3.050771 -4.73469e-4 0.8930236 3.050771 -0.09521949 0.8913458 3.050771 -0.1000639 0.8913458 3.050771 -0.1000639 0.8872957 3.050771 -0.1020705 -0.8562397 3.050263 -0.1020706 -0.86029 3.050263 -0.1000639 -0.86029 3.050263 -0.1000639 -0.8619678 3.050263 -0.09521979 -0.8619678 3.050263 -4.73589e-4 -0.86029 3.050263 0.004370689 -0.86029 3.050263 0.004370689 -0.8562399 3.050263 0.00637722 0.8930236 3.04463 0.006377518 0.8930236 3.04463 -0.1020705 -0.8619678 3.044121 -0.1020706 -0.8619678 3.044121 0.00637722 0.8872957 3.050771 -0.1365759 0.8913458 3.050771 -0.1385825 0.8913458 3.050771 -0.1385825 0.8930236 3.050771 -0.1434268 0.8930236 3.050771 -0.2381733 0.8913458 3.050771 -0.2430175 0.8913458 3.050771 -0.2430175 0.8872957 3.050771 -0.2450241 -0.8562397 3.050263 -0.2450242 -0.86029 3.050263 -0.2430177 -0.86029 3.050263 -0.2430177 -0.8619678 3.050263 -0.2381734 -0.8619678 3.050263 -0.143427 -0.86029 3.050263 -0.1385827 -0.86029 3.050263 -0.1385827 -0.8562397 3.050263 -0.1365762 0.8930236 3.04463 -0.1365759 0.8930236 3.04463 -0.2450241 -0.8619678 3.044121 -0.2450242 -0.8619678 3.044121 -0.1365762 -0.7396013 3.035007 -0.4134995 -0.7396013 3.035007 -0.4134995 -0.7396013 3.020639 -0.4082913 -0.7396013 3.020639 -0.4082913 -0.6826721 3.043887 -0.399864 -0.6826721 3.043887 -0.399864 -0.6826721 3.035007 -0.3862285 -0.6826721 3.035007 -0.3862285 -0.6826721 3.020639 -0.3914368 -0.6826721 3.020639 -0.3914368 -0.6826721 3.035007 -0.4134995 -0.6826721 3.035007 -0.4134995 0.04208004 3.043887 -0.399864 0.04208004 3.043887 -0.399864 0.04208004 3.035007 -0.3862285 0.04208004 3.035007 -0.3862285 0.04208004 3.020639 -0.3914368 0.04208004 3.020639 -0.3914368 0.04208004 3.035007 -0.4134995 0.04208004 3.035007 -0.4134995 0.7753539 3.043887 -0.3998638 0.7753539 3.043887 -0.3998638 0.7753539 3.035007 -0.3862283 0.7753539 3.035007 -0.3862283 0.7753539 3.020639 -0.3914366 0.7753539 3.020639 -0.3914366 -0.7396013 3.043887 -0.399864 -0.7396013 3.043887 -0.399864 -0.7396013 3.035007 -0.3862285 -0.7396013 3.035007 -0.3862285 -0.01484894 3.035007 -0.3862285 -0.01484894 3.035007 -0.3862285 -0.01484888 3.020639 -0.3914368 -0.01484888 3.020639 -0.3914368 -0.01484888 3.020639 -0.4082913 -0.01484888 3.020639 -0.4082913 0.04208004 3.020639 -0.4082913 -0.01484894 3.035007 -0.4134995 -0.01484894 3.035007 -0.4134995 0.7184249 3.043887 -0.3998638 0.7184249 3.043887 -0.3998638 0.7184249 3.035007 -0.3862283 0.7184249 3.035007 -0.3862283 0.7184249 3.020639 -0.4082911 0.7184249 3.020639 -0.4082911 0.7753539 3.020639 -0.4082911 0.7753539 3.035007 -0.4134993 0.7753539 3.035007 -0.4134993 -0.8129814 3.073384 0.05675524 -0.8129814 3.073384 0.05675524 -0.8129814 3.07367 0.04464364 -0.8229379 3.073384 0.05675524 -0.8229379 3.073384 0.05675524 -0.8129814 3.069721 0.05457013 -0.8129814 3.069721 0.05457013 -0.8129814 3.070005 0.04464364 -0.8229379 3.070005 0.04464364 -0.8229379 3.069721 0.05457013 -0.8229379 3.069721 0.05457013 -0.8129814 3.042012 0.05956906 -0.8129814 3.042012 0.05956906 -0.8229379 3.041919 0.07790952 -0.8229379 3.045676 0.07789283 -0.8229379 3.045649 0.06245976 -0.8229379 3.045649 0.06245976 -0.8229379 3.069721 0.03471726 -0.8229379 3.069721 0.03471726 -0.8229379 3.07367 0.04464364 -0.8229379 3.073384 0.03253215 -0.8229379 3.073384 0.03253215 -0.8129814 3.045649 0.02682757 -0.8129814 3.045649 0.02682757 -0.8129814 3.073384 0.03253215 -0.8129814 3.073384 0.03253215 -0.8229379 3.042012 0.02971833 -0.8229379 3.042012 0.02971833 -0.8229379 3.041919 0.01137781 -0.8229379 3.045676 0.01139456 -0.5407019 3.041919 0.07790952 -0.5407019 3.042012 0.05956906 -0.5407019 3.042012 0.05956906 -0.5307455 3.041919 0.07790952 -0.5307455 3.045676 0.07789283 -0.5307455 3.045649 0.06245976 -0.5307455 3.045649 0.06245976 -0.5407019 3.045676 0.07789283 -0.5407019 3.045649 0.02682757 -0.5407019 3.045649 0.02682757 -0.5407019 3.073384 0.03253215 -0.5407019 3.073384 0.03253215 -0.5307455 3.045649 0.02682757 -0.5307455 3.045649 0.02682757 -0.5407019 3.041919 0.01137781 -0.5307455 3.041919 0.01137781 -0.5307455 3.045676 0.01139456 -0.5307455 3.06972 0.05457013 -0.5307455 3.06972 0.05457013 -0.5307455 3.070005 0.04464364 -0.5307455 3.07367 0.04464364 -0.5307455 3.073384 0.05675524 -0.5307455 3.073384 0.05675524 -0.5407019 3.070005 0.04464364 -0.5407019 3.06972 0.05457013 -0.5407019 3.06972 0.05457013 -0.5407019 3.073384 0.05675524 -0.5407019 3.073384 0.05675524 -0.5407019 3.07367 0.04464364 -0.5307455 3.042012 0.05956906 -0.5307455 3.042012 0.05956906 -0.5407019 3.045649 0.06245976 -0.5407019 3.045649 0.06245976 -0.5307455 3.06972 0.03471726 -0.5307455 3.06972 0.03471726 -0.5307455 3.073384 0.03253215 -0.5307455 3.073384 0.03253215 -0.5407019 3.06972 0.03471726 -0.5407019 3.06972 0.03471726 -0.5307455 3.042012 0.02971833 -0.5307455 3.042012 0.02971833 -0.5407019 3.042012 0.02971833 -0.5407019 3.042012 0.02971833 0.5737925 3.070005 0.04464364 0.5737925 3.06972 0.05457013 0.5737925 3.06972 0.05457013 0.5638362 3.073384 0.05675524 0.5638362 3.073384 0.05675524 0.5737925 3.073384 0.05675524 0.5737925 3.073384 0.05675524 0.5638362 3.070005 0.04464364 0.5638362 3.06972 0.03471726 0.5638362 3.06972 0.03471726 0.5638362 3.042012 0.02971833 0.5638362 3.042012 0.02971833 0.5737925 3.073384 0.03253215 0.5737925 3.073384 0.03253215 0.5737925 3.045649 0.02682757 0.5737925 3.045649 0.02682757 0.5638362 3.045649 0.02682757 0.5638362 3.045649 0.02682757 0.5638362 3.041919 0.01137781 0.5737925 3.041919 0.01137781 0.5737925 3.045676 0.01139456 0.5638362 3.045676 0.01139456 0.5737925 3.045649 0.06245976 0.5737925 3.045649 0.06245976 0.5737925 3.045676 0.07789283 0.5638362 3.041919 0.07790952 0.5638362 3.045676 0.07789283 0.5638362 3.045649 0.06245976 0.5638362 3.045649 0.06245976 0.5638362 3.07367 0.04464364 0.5638362 3.073384 0.03253215 0.5638362 3.073384 0.03253215 0.5737925 3.06972 0.03471726 0.5737925 3.06972 0.03471726 0.5737925 3.042012 0.02971833 0.5737925 3.042012 0.02971833 0.8560279 3.073384 0.05675524 0.8560279 3.073384 0.05675524 0.8560279 3.073669 0.04464364 0.8460716 3.042012 0.05956906 0.8460716 3.042012 0.05956906 0.8460716 3.06972 0.05457013 0.8460716 3.06972 0.05457013 0.8560279 3.042012 0.05956906 0.8560279 3.042012 0.05956906 0.8560279 3.041919 0.07790952 0.8460716 3.045649 0.06245976 0.8460716 3.045649 0.06245976 0.8460716 3.045675 0.07789283 0.8460716 3.06972 0.03471726 0.8460716 3.06972 0.03471726 0.8460716 3.042012 0.02971833 0.8460716 3.042012 0.02971833 0.8560279 3.042012 0.02971833 0.8560279 3.042012 0.02971833 0.8560279 3.045649 0.02682757 0.8560279 3.045649 0.02682757 0.8460716 3.045649 0.02682757 0.8460716 3.045649 0.02682757 0.8560279 3.041919 0.01137781 0.8560279 3.045675 0.01139456 0.8560279 3.06972 0.05457013 0.8560279 3.06972 0.05457013 0.8560279 3.070005 0.04464364 0.8560279 3.045649 0.06245976 0.8560279 3.045649 0.06245976 0.8560279 3.045675 0.07789283 0.8560279 3.06972 0.03471726 0.8560279 3.06972 0.03471726 0.8460716 3.045675 0.01139456 0.8460716 3.041919 0.01137781 -0.1979115 3.06972 0.05457013 -0.1979115 3.06972 0.05457013 -0.1979115 3.070005 0.04464364 -0.1879551 3.06972 0.05457013 -0.1879551 3.06972 0.05457013 -0.1879551 3.073384 0.05675524 -0.1879551 3.073384 0.05675524 -0.1879551 3.07367 0.04464364 -0.1979115 3.073384 0.05675524 -0.1979115 3.073384 0.05675524 -0.1979115 3.045649 0.06245976 -0.1979115 3.045649 0.06245976 -0.1879551 3.041919 0.07790952 -0.1979115 3.041919 0.07790952 -0.1979115 3.06972 0.03471726 -0.1979115 3.06972 0.03471726 -0.1879551 3.06972 0.03471726 -0.1879551 3.06972 0.03471726 -0.1879551 3.045649 0.02682757 -0.1879551 3.045649 0.02682757 -0.1979115 3.045649 0.02682757 -0.1979115 3.045649 0.02682757 -0.1879551 3.045676 0.01139456 -0.1979115 3.045676 0.01139456 -0.1879551 3.045649 0.06245976 -0.1879551 3.045649 0.06245976 -0.1879551 3.045676 0.07789283 -0.1979115 3.07367 0.04464364 -0.1979115 3.073384 0.03253215 -0.1979115 3.073384 0.03253215 -0.1979115 3.041919 0.01137781 -0.1979115 3.042012 0.02971833 -0.1979115 3.042012 0.02971833 0.2334877 3.06972 0.05457013 0.2334877 3.06972 0.05457013 0.2334877 3.070005 0.04464364 0.243444 3.06972 0.05457013 0.243444 3.06972 0.05457013 0.243444 3.042012 0.05956906 0.243444 3.042012 0.05956906 0.2334877 3.06972 0.03471726 0.2334877 3.06972 0.03471726 0.2334877 3.042012 0.02971833 0.2334877 3.042012 0.02971833 0.243444 3.042012 0.02971833 0.243444 3.042012 0.02971833 0.243444 3.041919 0.01137781 0.2334877 3.041919 0.01137781 0.243444 3.045649 0.02682757 0.243444 3.045649 0.02682757 0.243444 3.045676 0.01139456 0.2334877 3.045676 0.01139456 0.243444 3.07367 0.04464364 0.243444 3.073384 0.05675524 0.243444 3.073384 0.05675524 0.2334877 3.073384 0.05675524 0.2334877 3.073384 0.05675524 0.2334877 3.07367 0.04464364 0.243444 3.045649 0.06245976 0.243444 3.045649 0.06245976 0.243444 3.070005 0.04464364 0.243444 3.06972 0.03471726 0.243444 3.06972 0.03471726 0.243444 3.073384 0.03253215 0.243444 3.073384 0.03253215 0.2334877 3.073384 0.03253215 0.2334877 3.073384 0.03253215 0.2334877 3.045649 0.02682757 0.2334877 3.045649 0.02682757 -0.4410427 3.031418 0.1850077 -0.4403934 3.03147 0.3282673 -0.4451975 3.03147 0.3371106 -0.5803006 3.045861 0.3356018 -0.7018739 3.045861 0.3351756 -0.7018739 3.045861 0.3351756 -0.7087525 3.03147 0.3295226 -0.7018739 3.03147 0.3351756 -0.7018739 3.03147 0.3351756 -0.7133486 3.03147 0.3210623 -0.7135289 3.031418 0.1850077 -0.7195584 3.031418 0.1850077 -0.4470722 3.045861 0.1850077 -0.4470722 3.031418 0.1850077 -0.4472444 3.045861 0.3216214 -0.4472444 3.03147 0.3216214 -0.4518403 3.045861 0.3300817 -0.4518403 3.03147 0.3300817 -0.4587189 3.045861 0.3357347 -0.4587189 3.045861 0.3357347 -0.4451975 3.045861 0.3371106 -0.4523873 3.045861 0.3430194 -0.4523873 3.045861 0.3430194 -0.4523873 3.03147 0.3430194 -0.4523873 3.03147 0.3430194 -0.5803006 3.045861 0.3430176 -0.5803006 3.031248 0.3430176 -0.7080915 3.03147 0.3430194 -0.7080915 3.03147 0.3430194 -0.7152813 3.03147 0.3371106 -0.7152813 3.045861 0.3371106 -0.7200853 3.045861 0.3282673 -0.7200853 3.03147 0.3282673 -0.7195584 3.045861 0.1850077 0.7701823 3.045861 0.3282673 0.7695329 3.045861 0.1850077 0.7653781 3.045861 0.3371106 0.7653781 3.03147 0.3371106 0.7581883 3.03147 0.3430194 0.7581883 3.03147 0.3430194 0.5087018 3.03147 0.3351756 0.5087018 3.03147 0.3351756 0.6302751 3.031248 0.3356018 0.5087018 3.045861 0.3351756 0.5087018 3.045861 0.3351756 0.5018231 3.045861 0.3295226 0.5024842 3.03147 0.3430194 0.5024842 3.03147 0.3430194 0.4952943 3.03147 0.3371106 0.4972271 3.045861 0.3210623 0.4904903 3.03147 0.3282673 0.4970467 3.045861 0.1850077 0.4910173 3.045861 0.1850077 0.7635035 3.045861 0.1850077 0.7635035 3.031418 0.1850077 0.7701823 3.03147 0.3282673 0.7695329 3.031418 0.1850077 0.7587353 3.03147 0.3300817 0.7518568 3.03147 0.3357347 0.7518568 3.03147 0.3357347 0.5024842 3.045861 0.3430194 0.5024842 3.045861 0.3430194 0.4952943 3.045861 0.3371106 0.4904903 3.045861 0.3282673 -0.9585418 3.018742 0.1855893 -0.9585418 3.018742 0.1855893 -0.9585418 3.018742 0.1855893 -0.9585418 3.018742 0.1855893 -0.9181754 3.056315 -0.3295099 0.9383282 3.056825 -0.3295097 0.9383282 3.056825 0.1246426 0.9094075 3.044436 0.08922189 -0.9181754 3.056315 0.1246421 -0.7396013 3.020639 -0.3914368 -0.7396013 3.020639 -0.3914368 -0.6826721 3.020639 -0.4082913 -0.01484894 3.043887 -0.399864 -0.01484894 3.043887 -0.399864 0.7184249 3.020639 -0.3914366 0.7184249 3.020639 -0.3914366 0.7184249 3.035007 -0.4134993 0.7184249 3.035007 -0.4134993 -0.8229379 3.042012 0.05956906 -0.8229379 3.042012 0.05956906 -0.8129814 3.045649 0.06245976 -0.8129814 3.045649 0.06245976 -0.8129814 3.041919 0.07790952 -0.8129814 3.045676 0.07789283 -0.8129814 3.069721 0.03471726 -0.8129814 3.069721 0.03471726 -0.8129814 3.042012 0.02971833 -0.8129814 3.042012 0.02971833 -0.8229379 3.045649 0.02682757 -0.8229379 3.045649 0.02682757 -0.8129814 3.041919 0.01137781 -0.8129814 3.045676 0.01139456 -0.5407019 3.045676 0.01139456 0.5638362 3.06972 0.05457013 0.5638362 3.06972 0.05457013 0.5737925 3.07367 0.04464364 0.5737925 3.042012 0.05956906 0.5737925 3.042012 0.05956906 0.5638362 3.042012 0.05956906 0.5638362 3.042012 0.05956906 0.5737925 3.041919 0.07790952 0.8460716 3.070005 0.04464364 0.8460716 3.073669 0.04464364 0.8460716 3.073384 0.05675524 0.8460716 3.073384 0.05675524 0.8460716 3.041919 0.07790952 0.8560279 3.073384 0.03253215 0.8560279 3.073384 0.03253215 0.8460716 3.073384 0.03253215 0.8460716 3.073384 0.03253215 -0.1879551 3.070005 0.04464364 -0.1879551 3.042012 0.05956906 -0.1879551 3.042012 0.05956906 -0.1979115 3.042012 0.05956906 -0.1979115 3.042012 0.05956906 -0.1979115 3.045676 0.07789283 -0.1879551 3.073384 0.03253215 -0.1879551 3.073384 0.03253215 -0.1879551 3.042012 0.02971833 -0.1879551 3.042012 0.02971833 -0.1879551 3.041919 0.01137781 0.2334877 3.042012 0.05956906 0.2334877 3.042012 0.05956906 0.2334877 3.045649 0.06245976 0.2334877 3.045649 0.06245976 0.243444 3.041919 0.07790952 0.2334877 3.041919 0.07790952 0.243444 3.045676 0.07789283 0.2334877 3.045676 0.07789283 -0.4410427 3.045861 0.1850077 -0.4403934 3.045861 0.3282673 -0.4587189 3.03147 0.3357347 -0.4587189 3.03147 0.3357347 -0.5803006 3.031248 0.3356018 -0.7080915 3.045861 0.3430194 -0.7080915 3.045861 0.3430194 -0.7087525 3.045861 0.3295226 -0.7133486 3.045861 0.3210623 -0.7135289 3.045861 0.1850077 0.7633314 3.045861 0.3216214 0.7633314 3.03147 0.3216214 0.7587353 3.045861 0.3300817 0.7518568 3.045861 0.3357347 0.7518568 3.045861 0.3357347 0.7581883 3.045861 0.3430194 0.7581883 3.045861 0.3430194 0.6302751 3.045861 0.3356018 0.6302751 3.045861 0.3430176 0.6302751 3.031248 0.3430176 0.5018231 3.03147 0.3295226 0.4972271 3.03147 0.3210623 0.4970467 3.031418 0.1850077 0.4910173 3.031418 0.1850077 -0.9643291 3.033008 0.07519555 -0.9643291 3.033008 0.07519555 -0.9643291 -0.2824231 0.07519555 -0.9643291 -0.2824231 0.07519555 0.9863986 3.033008 0.07519555 0.9863986 3.033008 0.07519555 0.9863986 -0.2824231 0.07519555 0.9863986 -0.2824231 0.07519555 -0.9643291 -0.2824231 1.381692 -0.9643291 -0.2824231 1.381692 -0.8639972 -0.2824231 1.482024 -0.8639972 -0.2824231 1.482024 -0.8639972 3.033008 1.482024 -0.8639972 3.033008 1.482024 -0.9643291 3.033008 1.381692 -0.9643291 3.033008 1.381692 0.9863986 3.033008 1.381692 0.9863986 3.033008 1.381692 0.8860667 3.033008 1.482024 0.8860667 3.033008 1.482024 0.8860667 -0.2824231 1.482024 0.8860667 -0.2824231 1.482024 0.9863986 -0.2824231 1.381692 0.9863986 -0.2824231 1.381692</float_array>
          <technique_common>
            <accessor source="#Cube_003-mesh-positions-array" count="4187" stride="3">
              <param name="X" type="float"/>
              <param name="Y" type="float"/>
              <param name="Z" type="float"/>
            </accessor>
          </technique_common>
        </source>
        <source id="Cube_003-mesh-normals">
          <float_array id="Cube_003-mesh-normals-array" count="10437">-1 0 0 -1 0 0 -1 -1.23886e-7 0 -1 0 0 1 0 0 1 0 0 1 0 0 1 0 0 1 0 0 1 0 0 1 -5.41147e-7 0 1 -1.92476e-7 0 1 1.56058e-7 0 1 1.84099e-7 0 1 1.53549e-7 0 1 1.86608e-7 0 1 0 0 1 1.77227e-7 0 1 1.60195e-6 0 1 0 0 -0.007285594 0 -0.9999735 -0.007286548 0 -0.9999735 -0.007284581 0 -0.9999735 -0.007285594 0 -0.9999735 -0.00728631 0 -0.9999735 -0.007287263 0 -0.9999735 -4.1498e-4 1 0 -4.1498e-4 1 0 -4.14981e-4 1 0 -4.1498e-4 1 0 -4.14981e-4 1 0 -4.1498e-4 1 0 0.004796445 0 0.9999886 0.004796445 0 0.9999886 0.00479722 3.56103e-7 0.9999885 0.004797637 1.25277e-7 0.9999885 0.004796564 7.98443e-7 0.9999885 0.004796266 0 0.9999886 0.004796266 0 0.9999885 0.004795789 1.25815e-6 0.9999886 -0.001330792 -0.9999991 1.74888e-6 -0.001330792 -0.9999991 1.74888e-6 -0.001330792 -0.9999991 1.74888e-6 -0.00133109 -0.9999991 1.57168e-7 -0.001331448 -0.9999992 0 -0.001331388 -0.9999991 5.94246e-7 -0.001331508 -0.9999992 0 -0.001331627 -0.9999991 9.02093e-7 0.9962235 0.06527668 -0.05725157 0.9962257 -0.06525403 0.05723887 0.9962254 -0.06525987 -0.05723899 0.9962234 0.065279 0.05725175 0.9897308 -0.1032761 0.09882795 0.9904352 -0.02632653 0.1354443 0.9882713 -0.150739 0.02444535 0.9882693 -0.1507523 -0.02444571 0.9897308 -0.103276 -0.09882795 0.9904353 -0.02632671 -0.1354438 0.9904304 0.02633845 -0.1354776 0.9897248 0.1033186 -0.09884458 0.9882634 0.1507911 -0.02444553 0.9882613 0.1508045 0.02444553 0.9897265 0.103302 0.09884482 0.9904307 0.02632558 0.1354776 0.4101403 -0.3825479 0.8279143 0.4343841 -0.2059779 0.8768602 0.4364316 -0.1826427 0.8810046 0.4101495 -0.3825514 0.827908 0.4009306 -0.9028761 0.155144 0.3843254 -0.8654689 0.3213371 0.3843414 -0.8654668 0.3213239 0.3999367 -0.9006624 0.1698766 0.4009209 -0.9028809 -0.1551407 0.399942 -0.900662 -0.1698662 0.3843252 -0.8654701 -0.3213346 0.3843368 -0.8654631 -0.3213391 0.43645 -0.1826415 -0.8809958 0.4101506 -0.3825498 -0.8279083 0.4101485 -0.3825607 -0.8279044 0.4343981 -0.2059758 -0.8768536 0.436457 0.1826285 -0.880995 0.434416 0.2059751 -0.8768449 0.4101625 0.3825393 -0.8279073 0.4101895 0.3825665 -0.8278814 0.4009225 0.9028835 -0.1551211 0.3843251 0.865487 -0.3212887 0.3843477 0.8654794 -0.3212821 0.3999245 0.9006737 -0.1698449 0.4009101 0.9028952 0.1550854 0.3999326 0.9006702 0.1698446 0.3843293 0.8654831 0.3212943 0.3843351 0.8654437 0.3213933 0.4364533 0.1826316 0.8809962 0.4101533 0.3825299 0.8279161 0.410163 0.3825317 0.8279107 0.4343944 0.2059699 0.8768569 0.9962244 0.06526321 -0.05725121 0.9962254 -0.06525993 0.05723845 0.9962254 -0.06525975 -0.05723839 0.9962232 0.06528115 0.05725127 0.989731 -0.1032752 0.09882736 0.9904354 -0.02632629 0.1354428 0.9882692 -0.1507527 0.02444565 0.9882692 -0.1507527 -0.02444565 0.9897311 -0.1032748 -0.09882682 0.9904355 -0.02632611 -0.1354421 0.9904308 0.0263251 -0.1354767 0.989728 0.103287 -0.0988444 0.9882676 0.1507637 -0.02444553 0.9882614 0.1508038 0.02444553 0.9897281 0.1032871 0.09884434 0.9904308 0.02632534 0.1354765 0.4101547 -0.3825611 0.8279011 0.4344049 -0.205986 0.8768479 0.4364579 -0.1826481 0.8809906 0.410153 -0.3825635 0.8279009 0.4009317 -0.9028755 0.1551438 0.3843284 -0.8654677 0.321337 0.3843449 -0.865467 0.3213189 0.3999383 -0.9006611 0.1698796 0.400924 -0.90288 -0.1551378 0.399949 -0.9006589 -0.1698663 0.38433 -0.865468 -0.3213342 0.3843511 -0.865454 -0.3213464 0.4364642 -0.1826452 -0.880988 0.4101576 -0.3825607 -0.8278998 0.4101559 -0.3825594 -0.8279014 0.4344118 -0.20599 -0.8768435 0.4364729 0.1826307 -0.8809866 0.4344289 0.2059805 -0.8768373 0.4101738 0.3825477 -0.8278977 0.4101935 0.3825785 -0.8278738 0.4009208 0.9028849 -0.1551184 0.3843224 0.8654904 -0.3212829 0.3843493 0.8654801 -0.3212786 0.3999198 0.9006767 -0.1698403 0.4009079 0.9028967 0.1550824 0.3999273 0.9006737 0.1698386 0.3843204 0.865491 0.3212835 0.3843197 0.8654569 0.3213766 0.4364746 0.1826339 0.8809852 0.4101698 0.3825362 0.8279051 0.4101698 0.3825484 0.8278995 0.4344206 0.2059678 0.8768444 1 1.23886e-7 0 1 1.23886e-7 0 -1 0 0 -1 0 0 -1 0 0 -1 0 2.68233e-6 -1 0 4.04673e-6 -1 0 2.02337e-6 -1 0 4.0467e-6 -1 0 0 -1 0 0 -1 -2.38331e-7 0 -1 -2.50545e-7 0 -1 0 -8.62186e-7 -1 0 -9.32996e-7 -1 0 0 -1 0 0 -1 0 0 -1 0 0 0.007286906 0 -0.9999735 0.007286906 0 -0.9999735 0.007287025 0 -0.9999735 0.007287085 0 -0.9999735 0.007285058 0 -0.9999735 0.007285058 0 -0.9999735 0.007289648 0 -0.9999734 0.007289648 0 -0.9999734 4.14979e-4 1 2.34701e-7 4.14977e-4 1 3.56287e-7 4.14983e-4 1 0 4.14978e-4 1 0 4.14979e-4 1 0 4.1498e-4 1 0 -0.00480014 0 0.9999886 -0.004802703 1.24072e-7 0.9999886 -0.004802703 1.24137e-7 0.9999886 -0.004801511 0 0.9999886 -0.004801511 0 0.9999885 -0.004800319 1.26717e-6 0.9999886 -0.004800319 1.26717e-6 0.9999885 0.001331031 -0.9999991 6.16967e-7 0.001330792 -0.9999992 8.74446e-7 0.001331388 -0.9999992 2.42843e-7 0.00133109 -0.9999992 1.57168e-7 0.001331388 -0.9999992 5.94249e-7 0.001331627 -0.9999992 9.02096e-7 -0.9962244 0.06526863 -0.0572471 -0.9962218 -0.06529462 -0.05726176 -0.9962247 -0.06526541 0.05724537 -0.9962251 0.06525874 0.05724596 -0.9897285 -0.1032874 0.09883987 -0.9904333 -0.02631366 0.1354609 -0.9882652 -0.1507794 0.02444672 -0.9882568 -0.1508325 -0.02445429 -0.9897208 -0.1033358 -0.09886592 -0.9904274 -0.02634084 -0.1354983 -0.9904333 0.02632647 -0.1354584 -0.9897286 0.1032893 -0.09883677 -0.9882652 0.1507779 -0.02445232 -0.9882673 0.1507645 0.02445238 -0.9897305 0.1032714 0.0988357 -0.9904341 0.02631253 0.1354551 -0.4101551 -0.3825663 0.8278986 -0.436464 -0.1826517 0.8809868 -0.4344079 -0.2059887 0.8768458 -0.4101471 -0.3825647 0.8279033 -0.4009265 -0.9028776 0.155145 -0.3843455 -0.8654657 0.3213222 -0.3843272 -0.8654674 0.321339 -0.3999325 -0.9006635 0.1698802 -0.4009339 -0.9028752 -0.1551402 -0.3999587 -0.9006537 -0.1698712 -0.384339 -0.865461 -0.3213422 -0.3843582 -0.8654466 -0.321358 -0.4364775 -0.1826372 -0.8809831 -0.4101414 -0.3825836 -0.8278973 -0.4101679 -0.3825405 -0.8279041 -0.4344382 -0.205951 -0.8768396 -0.4364655 0.1826488 -0.8809866 -0.4344007 0.2059777 -0.8768519 -0.41014 0.3825504 -0.8279134 -0.4101151 0.3825333 -0.8279336 -0.400893 0.9028939 -0.1551373 -0.3843159 0.8654981 -0.3212699 -0.3842924 0.8654893 -0.3213216 -0.3998965 0.9006773 -0.1698924 -0.4008778 0.9028993 0.1551448 -0.3999069 0.9006805 0.1698505 -0.3842966 0.8654927 0.3213079 -0.38433 0.8654907 0.3212729 -0.4364572 0.1826477 0.8809911 -0.4101324 0.3825582 0.8279135 -0.4101482 0.3825662 0.827902 -0.4344141 0.2059964 0.8768408 -0.9962226 0.06528306 -0.05725973 -0.9962214 -0.06529498 -0.05726772 -0.9962224 -0.06528508 0.05725997 -0.9962226 0.065283 0.05725979 -0.9897227 -0.1033184 0.09886473 -0.9904283 -0.02632629 0.1354942 -0.9882586 -0.1508211 0.02445381 -0.9882545 -0.1508471 -0.02445769 -0.9897201 -0.1033319 -0.09887701 -0.990426 -0.02632665 -0.1355115 -0.9904284 0.02632522 -0.1354938 -0.9897235 0.103316 -0.09886008 -0.988259 0.1508184 -0.0244522 -0.9882591 0.1508187 0.02445226 -0.9897235 0.1033162 0.0988602 -0.9904285 0.02632522 0.1354936 -0.4101601 -0.3825523 0.8279025 -0.4364502 -0.1826432 0.8809953 -0.4344039 -0.2059813 0.8768495 -0.4101724 -0.3825589 0.8278933 -0.4009424 -0.9028709 0.1551432 -0.3843609 -0.8654592 0.321321 -0.3843397 -0.865463 0.3213363 -0.3999456 -0.9006582 0.1698777 -0.4009383 -0.9028741 -0.1551351 -0.3999631 -0.9006525 -0.1698663 -0.3843481 -0.8654604 -0.3213329 -0.3843677 -0.8654453 -0.3213503 -0.436478 -0.182648 -0.8809805 -0.4101715 -0.3825571 -0.8278947 -0.4101715 -0.3825684 -0.8278895 -0.4344252 -0.2060006 -0.8768343 -0.4364643 0.1826365 -0.8809898 -0.434421 0.2059836 -0.8768405 -0.4101648 0.3825547 -0.827899 -0.410187 0.3825798 -0.8278765 -0.400906 0.9028875 -0.1551401 -0.384329 0.8654929 -0.3212681 -0.3843091 0.8654797 -0.3213278 -0.3999126 0.9006683 -0.1699014 -0.4008979 0.9028959 0.1551135 -0.399926 0.9006701 0.1698612 -0.3843144 0.8654781 0.3213257 -0.3843375 0.8654429 0.321393 -0.4364537 0.1826391 0.8809944 -0.4101658 0.3825582 0.827897 -0.4101569 0.3825433 0.8279081 -0.4343948 0.2059696 0.8768568 0 -0.6497837 -0.7601193 0 -0.6497768 -0.7601252 0 -0.6497722 -0.760129 0 -0.6497653 -0.7601349 0 -1 0 0 -0.6732987 0.7393706 0 -0.6733062 0.7393638 0 -0.6733107 0.7393597 0 -0.6733181 0.739353 0 0 -1 0 0 1 -0.5822468 0.6331837 0.5099678 -0.5839449 0.6432069 0.495271 -0.5845577 0.6470674 0.4894858 -0.5817083 0.6301762 0.5142894 0.1230963 -0.3234453 0.938206 0.2519818 -0.289722 0.9233452 0.2549096 -0.2973257 0.9201188 0.1232603 -0.3208007 0.9390921 0.6508848 -0.7591766 0 0.6508902 -0.759172 0 0.6508939 -0.7591689 0 0.6508811 -0.7591798 0 0.1219074 -0.324417 -0.9380257 0.2556207 -0.2854197 -0.9236849 0.2598799 -0.2876712 -0.921796 0.1176202 -0.3229541 -0.9390773 -0.5908144 0.6400479 -0.4911996 -0.5908144 0.6400479 -0.4911997 -0.574274 0.6356763 -0.5158731 -0.574274 0.6356763 -0.5158731 0.001273036 0.8569346 0.5154238 0.001261055 0.8569289 0.5154331 0.001256644 0.8569269 0.5154365 0.00127685 0.8569363 0.5154208 -5.42068e-4 -0.3652616 0.9309048 -5.35758e-4 -0.3652384 0.9309139 -0.001561403 -0.9999989 0 -0.001561403 -0.9999989 0 -0.001561403 -0.9999989 0 -0.001561403 -0.9999989 0 -5.6333e-4 -0.3652592 -0.9309057 -5.70462e-4 -0.3652437 -0.9309118 0.001277089 0.8569332 -0.515426 0.001277089 0.8569332 -0.515426 0.001255989 0.8569526 -0.5153938 0.001255989 0.8569527 -0.5153938 0.001255989 0.8569527 -0.5153938 -0.8720791 6.62078e-4 0.4893646 -0.8720791 6.62078e-4 0.4893646 -0.8720791 6.62078e-4 0.4893646 -0.872043 6.4769e-4 0.4894289 -0.872043 6.47691e-4 0.489429 -0.872043 6.4769e-4 0.489429 0.3877762 -3.04563e-4 0.9217535 0.3877763 -3.04563e-4 0.9217536 0.3877763 -3.04563e-4 0.9217536 0.3877148 -2.94128e-4 0.9217794 0.3877148 -2.94128e-4 0.9217793 0.9999997 -7.89196e-4 0 0.9999997 -7.89197e-4 0 0.3877512 -2.94171e-4 -0.9217641 0.3877512 -2.94171e-4 -0.921764 0.3876975 -3.04517e-4 -0.9217866 0.3876975 -3.04517e-4 -0.9217867 0.3876975 -3.04517e-4 -0.9217867 -0.8720871 6.5044e-4 -0.4893503 -0.8720871 6.5044e-4 -0.4893503 -0.8720872 6.5044e-4 -0.4893503 -0.8720505 6.59072e-4 -0.4894155 -0.8720505 6.59072e-4 -0.4894155 -0.8720506 6.59072e-4 -0.4894155 0.9999734 -0.0072999 -1.31171e-5 0.9999734 -0.0072999 -1.31171e-5 0.9999735 -0.007286906 0 0.9999735 -0.007286906 0 0.9999735 -0.007286906 0 0.9999734 -0.007291018 1.31175e-5 0.9999735 -0.007291018 1.31175e-5 0.9999735 -0.007291018 1.31175e-5 0.4053442 -0.9141643 0 0.4053569 -0.9141585 0 0.405351 -0.9141612 0 0.4053472 -0.9141628 0 0.4053209 -0.9141745 0 0 -0.6497607 -0.7601389 0 -0.6497586 -0.7601407 0 -0.6497554 -0.7601433 0 -0.6497638 -0.7601363 0 -0.6732953 0.7393737 0 -0.6732971 0.7393721 0 -0.6733 0.7393695 0 -0.6732923 0.7393764 0.5845511 0.6470656 0.4894959 0.5839323 0.6431976 0.4952979 0.5822185 0.6331554 0.5100354 0.5816749 0.6301417 0.5143692 -0.2549104 -0.297308 0.9201243 -0.2519833 -0.2897123 0.9233478 -0.12312 -0.3234371 0.9382058 -0.1232652 -0.3208123 0.9390875 -0.6509007 -0.7591629 0 -0.6508988 -0.7591646 0 -0.6508958 -0.7591671 0 -0.6508939 -0.7591689 0 -0.259881 -0.2876726 -0.9217953 -0.2556239 -0.2854217 -0.9236834 -0.1219043 -0.3244168 -0.9380263 -0.117636 -0.3229549 -0.939075 0.5907883 0.6400138 -0.4912754 0.5907884 0.6400138 -0.4912755 0.5907883 0.6400138 -0.4912754 0.5742449 0.6356562 -0.5159303 -0.001255989 0.8569172 0.5154529 -0.001260519 0.8569175 0.5154522 -0.001272857 0.8569184 0.5154505 -0.001276791 0.8569188 0.51545 5.36367e-4 -0.3653267 0.9308794 5.35165e-4 -0.3653208 0.9308816 0.001481056 -0.9999989 0 0.001481056 -0.9999989 2.09862e-5 0.001481056 -0.9999989 6.81568e-5 0.001481056 -0.9999989 8.91433e-5 5.39768e-4 -0.3653114 -0.9308853 5.40933e-4 -0.3653116 -0.9308852 -0.001277089 0.8569253 -0.5154391 -0.001277089 0.8569254 -0.5154391 -0.001277089 0.8569254 -0.5154391 -0.001255989 0.8569256 -0.5154388 -0.001255989 0.8569256 -0.5154388 -0.001255989 0.8569255 -0.5154389 0.8720802 6.68012e-4 0.4893628 0.8720802 6.68011e-4 0.4893628 0.8720801 6.68011e-4 0.4893627 0.8720031 6.4218e-4 0.4895001 0.8720031 6.4218e-4 0.4895 -0.3877664 -3.085e-4 0.9217577 -0.3877664 -3.085e-4 0.9217577 -0.3877067 -2.97582e-4 0.9217827 -0.3877068 -2.97582e-4 0.9217827 -0.3877068 -2.97582e-4 0.9217828 -0.9999997 -7.9546e-4 0 -0.9999997 -7.9546e-4 0 -0.3877541 -2.97629e-4 -0.9217628 -0.3877542 -2.97629e-4 -0.9217629 -0.387754 -2.97629e-4 -0.9217628 -0.3876923 -3.08447e-4 -0.9217888 -0.3876923 -3.08447e-4 -0.9217889 -0.3876923 -3.08447e-4 -0.9217889 0.872083 6.39472e-4 -0.4893578 0.8720829 6.39472e-4 -0.4893578 0.872083 6.39472e-4 -0.4893577 0.8720097 6.70888e-4 -0.4894883 0.8720097 6.70888e-4 -0.4894882 -0.9999734 -0.007301628 2.28177e-6 -0.9999734 -0.007301628 2.28177e-6 -0.9999734 -0.007299363 2.96149e-5 -0.9999734 -0.007299363 2.96149e-5 -0.9999734 -0.007299363 2.96149e-5 -0.9999732 -0.007320046 -2.05364e-5 -0.9999733 -0.007320046 -2.05364e-5 -0.9999733 -0.007320046 -2.05364e-5 -0.405241 -0.91421 0 -0.4052383 -0.9142111 0 -0.4053323 -0.9141695 0 -0.4053309 -0.9141702 0 -0.4055355 -0.9140794 0 0 0.6497649 -0.7601353 0 0.6497654 -0.7601349 0 0.6497656 -0.7601346 0 0.6497661 -0.7601343 0 1 0 0 0.6733037 0.7393661 0 0.6733032 0.7393665 0 0.673303 0.7393668 0 0.6733025 0.7393672 0 -2.37692e-6 -1 0 -2.37692e-6 -1 0 -2.37692e-6 -1 0 -2.37692e-6 -1 0 2.37692e-6 1 0 2.37692e-6 1 0 2.37692e-6 1 0 2.37692e-6 1 0.5822224 -0.6331683 0.5100149 0.583927 -0.6432042 0.4952955 0.5845423 -0.6470699 0.4895007 0.5816816 -0.6301567 0.5143434 -0.1231076 0.323453 0.9382019 -0.2519793 0.2897123 0.9233489 -0.2549023 0.2973036 0.920128 -0.1232697 0.3208208 0.939084 -0.6508942 0.7591686 0 -0.6508946 0.7591683 0 -0.6508948 0.759168 0 -0.6508939 0.7591689 0 -0.121913 0.3244422 -0.9380162 -0.2556198 0.2854231 -0.923684 -0.2598742 0.2876719 -0.9217974 -0.1176319 0.3229829 -0.939066 0.5908012 -0.6400323 -0.4912359 0.5908012 -0.6400323 -0.4912359 0.5908012 -0.6400323 -0.4912358 0.5742438 -0.6356676 -0.5159176 0.5742438 -0.6356675 -0.5159175 -0.001264929 -0.8568942 0.5154908 -0.001264631 -0.8568962 0.5154877 -0.001264512 -0.8568968 0.5154864 -0.001265048 -0.8568936 0.5154918 5.42347e-4 0.3653223 0.930881 5.38823e-4 0.3653116 0.9308852 0.001526951 0.9999989 0 0.001526951 0.9999989 0 5.54312e-4 0.3653134 -0.9308844 5.58214e-4 0.3653023 -0.9308889 -0.001264691 -0.8569015 -0.5154786 -0.001264691 -0.8569015 -0.5154786 -0.001264691 -0.8569015 -0.5154786 -0.00126481 -0.8569067 -0.5154703 -0.00126481 -0.8569066 -0.5154703 0.872078 -6.65039e-4 0.4893665 0.8720114 -6.42185e-4 0.4894851 0.8720115 -6.42185e-4 0.4894851 0.8720115 -6.42185e-4 0.4894852 -0.3877615 3.08501e-4 0.9217597 -0.3877615 3.08501e-4 0.9217598 -0.387704 2.97575e-4 0.9217839 -0.387704 2.97575e-4 0.9217839 -0.387704 2.97575e-4 0.9217839 -0.9999997 7.90049e-4 0 -0.9999997 7.94602e-4 0 -0.9999997 7.95458e-4 0 -0.9999997 7.89194e-4 0 -0.3877643 2.94181e-4 -0.9217585 -0.3877643 2.94181e-4 -0.9217585 -0.3877643 2.94181e-4 -0.9217586 -0.3876923 3.08446e-4 -0.9217889 -0.3876923 3.08446e-4 -0.9217889 -0.3876923 3.08446e-4 -0.9217888 0.8720843 -6.42214e-4 -0.4893555 0.8720842 -6.42214e-4 -0.4893554 0.8720161 -6.64967e-4 -0.489477 0.8720161 -6.64967e-4 -0.4894769 0.872016 -6.64967e-4 -0.4894769 -0.9999734 0.007301151 2.10694e-5 -0.9999734 0.007301151 2.10694e-5 -0.9999734 0.007301151 2.10694e-5 -0.9999733 0.007309913 0 -0.9999733 0.007309913 0 -0.9999734 0.007309913 0 -0.9999735 0.007292211 -2.10698e-5 -0.9999735 0.007292211 -2.10698e-5 -0.9999734 0.007292211 -2.10698e-5 -0.4053404 0.9141659 0 -0.4053497 0.9141618 0 -0.4053456 0.9141636 0 -0.4053426 0.9141649 0 -0.4053233 0.9141734 0 0 0.6497655 -0.7601348 0 0.649766 -0.7601344 0 0.6497666 -0.7601339 0 0.6732988 0.7393706 0 0.6732997 0.7393698 0 0.6733011 0.7393684 0 0.6732973 0.739372 0 -2.37694e-6 -1 0 -2.37695e-6 -1 0 -2.37693e-6 -1 0 -2.37696e-6 -1 0 2.37695e-6 1 0 2.37694e-6 1 0 2.37695e-6 1 0 2.37694e-6 1 -0.5845507 -0.64709 0.4894639 -0.5839359 -0.6432265 0.4952562 -0.5822323 -0.6331956 0.5099695 -0.5816919 -0.6301857 0.5142962 0.2549001 0.2973225 0.9201225 0.2519749 0.2897219 0.9233472 0.1231074 0.3234463 0.9382042 0.1232692 0.3208134 0.9390865 0.6508699 0.7591894 0 0.6508716 0.7591879 0 0.6508741 0.7591857 0 0.6508758 0.7591843 0 0.2598713 0.2876726 -0.921798 0.2556127 0.285422 -0.9236863 0.1219038 0.3244321 -0.938021 0.1176192 0.3229732 -0.9390709 -0.5908088 -0.6400577 -0.4911936 -0.5908088 -0.6400578 -0.4911936 -0.5908088 -0.6400577 -0.4911936 -0.5742579 -0.6357001 -0.5158618 0.001265227 -0.8569259 0.5154381 0.001261591 -0.856919 0.5154495 0.001251578 -0.8569003 0.5154807 0.001248359 -0.8568944 0.5154907 -5.41305e-4 0.3653325 0.930877 -5.39561e-4 0.3653255 0.9308797 -0.001502573 0.9999989 0 -0.001502573 0.9999989 0 -0.001502573 0.9999989 0 -0.001502573 0.9999989 0 -5.47226e-4 0.3653153 -0.9308837 -5.49155e-4 0.3653077 -0.9308867 0.001248061 -0.8569332 -0.515426 0.001248061 -0.8569333 -0.515426 0.00126481 -0.8569078 -0.5154682 0.00126481 -0.8569079 -0.5154682 0.00126481 -0.8569079 -0.5154682 -0.8720906 -6.67997e-4 0.489344 -0.8720907 -6.67997e-4 0.489344 -0.8720394 -6.44943e-4 0.4894353 -0.8720394 -6.44943e-4 0.4894354 -0.8720393 -6.44943e-4 0.4894354 0.3877719 3.08495e-4 0.9217554 0.3877718 3.08495e-4 0.9217553 0.387709 2.97563e-4 0.9217819 0.3877089 2.97563e-4 0.9217818 0.387709 2.97563e-4 0.9217818 0.9999997 7.95453e-4 2.96227e-5 0.9999998 7.95453e-4 2.96227e-5 0.9999997 7.95452e-4 2.96227e-5 0.9999997 7.95453e-4 0 0.9999998 7.95453e-4 0 0.9999997 7.95452e-4 0 0.3877574 2.95888e-4 -0.9217615 0.3877573 2.95888e-4 -0.9217615 0.3877573 2.95888e-4 -0.9217615 0.3876862 3.06468e-4 -0.9217914 0.3876862 3.06468e-4 -0.9217914 0.3876861 3.06468e-4 -0.9217914 -0.8720985 -6.477e-4 -0.4893301 -0.8720985 -6.477e-4 -0.4893302 -0.8720984 -6.477e-4 -0.4893302 -0.8720477 -6.64977e-4 -0.4894207 -0.8720476 -6.64977e-4 -0.4894207 -0.8720476 -6.64977e-4 -0.4894207 0.9999738 0.007246196 8.41327e-6 0.9999738 0.007246196 8.41327e-6 0.9999737 0.007253527 0 0.9999738 0.007253527 0 0.9999738 0.007246434 -8.41354e-6 0.9999738 0.007246434 -8.41354e-6 0.9999738 0.007246434 -8.41354e-6 0.4053317 0.9141697 8.94106e-6 0.4053052 0.9141815 2.5408e-6 0.4053367 0.9141675 3.32823e-6 0.4053229 0.9141736 0 0.4053847 0.9141462 0 2.62345e-4 1 0 2.62345e-4 1 0 2.62345e-4 1 0 2.62345e-4 1 0 -1.3714e-4 -1 0 2.76382e-7 -1 0 -9.10688e-5 -1 0 6.54409e-7 -1 0 -1.36912e-4 -1 0 -9.14129e-5 -1 0 7.38039e-7 -1 0 1.41154e-7 -1 0 -9.1413e-5 -1 0 1.34995e-7 -1 0 -2.83474e-4 -1 3.46105e-7 -2.83474e-4 -1 1.96203e-7 -2.83474e-4 -1 3.22954e-7 -2.83474e-4 -1 1.73053e-7 7.17211e-7 -1 0 -9.10266e-5 -1 0 -1.36938e-4 -1 0 6.75231e-7 -1 0 -1.3714e-4 -1 0 2.75528e-7 -1 0 0 0.006801247 -0.9999769 0 0.006801247 -0.9999769 1.91603e-6 0.006803274 -0.9999769 1.91603e-6 0.006803274 -0.9999769 1.97529e-6 0.006798863 -0.9999769 1.97529e-6 0.006798863 -0.9999769 1.97529e-6 0.006798863 -0.9999769 -1.22763e-6 0.006801247 -0.9999769 -1.22763e-6 0.006801247 -0.9999769 -1 3.73587e-4 0 -1 3.73587e-4 0 -1 3.73587e-4 0 -1 3.73707e-4 0 -1 3.78779e-4 0 -1 3.77368e-4 0 -1 3.70254e-4 0 -1 3.70254e-4 0 -1 3.70254e-4 0 -1 3.70943e-4 0 0 -0.004468679 0.9999901 0 -0.004468679 0.9999901 -1.35321e-6 -0.004471838 0.9999901 -1.35321e-6 -0.004471838 0.9999901 -1.35321e-6 -0.004471838 0.9999901 -1.3355e-6 -0.00447005 0.9999901 -1.3355e-6 -0.00447005 0.9999901 -1.3355e-6 -0.00447005 0.9999901 0 -0.004473388 0.9999901 0.9999994 0.001158177 0 0.9999994 0.001165151 0 0.9999994 0.001160383 0 0.9999994 0.001153707 0 0.9999994 0.001151502 0 0.9999994 0.001155734 0 0.0752179 -0.9953086 -0.06085276 0.0752021 -0.9953108 0.06083774 -0.07548958 -0.9952889 -0.06083953 -0.07548844 -0.9952889 0.06083959 0.02962696 -0.9889882 0.1449989 0.1159357 -0.9873894 0.1078015 0.1726704 -0.9846263 0.02638292 0.1727073 -0.9846196 -0.0263915 0.1159588 -0.9873836 -0.1078293 0.02963274 -0.9889826 -0.1450357 -0.02996402 -0.9889778 -0.1450011 -0.1159334 -0.9873892 -0.1078053 -0.1726661 -0.984627 -0.02638614 -0.1726625 -0.9846277 0.02638471 -0.1159285 -0.9873898 0.1078064 -0.02996373 -0.9889774 0.1450033 0.1963481 -0.4113153 0.8900939 0.2215014 -0.4090682 0.885212 0.4101707 -0.3825804 0.8278842 0.4101844 -0.3825939 0.8278712 0.8876304 -0.3429595 0.3073942 0.8876354 -0.3429397 0.3074017 0.9223186 -0.3563363 0.149509 0.9206017 -0.35566 0.1612403 0.9223111 -0.3563565 -0.1495068 0.920592 -0.3556874 -0.1612352 0.8876308 -0.3429529 -0.3074004 0.8876338 -0.3429404 -0.3074056 0.4101737 -0.3825811 -0.8278825 0.4101715 -0.3825778 -0.8278852 0.196352 -0.4113249 -0.8900886 0.2214992 -0.4090685 -0.8852124 -0.1965118 -0.4113009 -0.8900645 -0.2215728 -0.409054 -0.8852007 -0.4101638 -0.3825736 -0.8278908 -0.4101667 -0.3825737 -0.8278894 -0.8876277 -0.342956 -0.3074058 -0.8876279 -0.3429471 -0.3074149 -0.9223142 -0.3563448 -0.1495153 -0.9205946 -0.355675 -0.1612486 -0.9223155 -0.356342 0.1495143 -0.9205952 -0.3556756 0.1612437 -0.8876313 -0.3429378 0.3074157 -0.8876312 -0.3429337 0.3074204 -0.4101736 -0.3825623 0.8278912 -0.4101598 -0.3825683 0.8278952 -0.1965115 -0.4113037 0.8900632 -0.221563 -0.4090587 0.8852011 0.07521599 -0.9953089 -0.06084972 0.0752182 -0.9953086 0.06085264 -0.07548743 -0.9952892 -0.06083905 -0.07548898 -0.9952889 0.06083929 0.02963292 -0.9889827 0.1450356 0.1159591 -0.987384 0.1078258 0.1727082 -0.9846194 0.02638918 0.1727054 -0.9846199 -0.02639007 0.1159555 -0.9873851 -0.1078192 0.02963048 -0.9889842 -0.1450254 -0.02996492 -0.988977 -0.145006 -0.1159306 -0.9873895 -0.1078072 -0.1726595 -0.9846283 -0.02638107 -0.1726637 -0.9846274 0.02638494 -0.1159292 -0.9873896 0.1078068 -0.02996367 -0.9889776 0.1450023 0.1963418 -0.411293 0.8901056 0.2214926 -0.4090481 0.8852236 0.4101564 -0.3825591 0.8279011 0.4101721 -0.3825772 0.8278852 0.8876286 -0.3429621 0.3073965 0.887631 -0.3429519 0.3074008 0.9223165 -0.3563416 0.1495089 0.9205976 -0.3556718 0.161238 0.9223136 -0.3563491 -0.1495099 0.9205931 -0.3556836 -0.1612375 0.8876324 -0.342945 -0.3074048 0.8876324 -0.3429425 -0.3074075 0.410168 -0.382564 -0.8278932 0.4101631 -0.3825739 -0.827891 0.1963491 -0.411313 -0.8900948 0.2214925 -0.4090655 -0.8852155 -0.196508 -0.4112951 -0.8900679 -0.2215678 -0.4090484 -0.8852047 -0.4101557 -0.3825688 -0.827897 -0.4101582 -0.3825689 -0.8278957 -0.8876339 -0.3429359 -0.3074103 -0.8876323 -0.3429349 -0.3074159 -0.9223166 -0.3563387 -0.1495158 -0.9205955 -0.3556733 -0.1612469 -0.9223169 -0.356339 0.1495125 -0.9205948 -0.3556777 0.1612405 -0.8876314 -0.3429424 0.3074101 -0.8876273 -0.3429509 0.3074127 -0.4101489 -0.3825488 0.8279096 -0.4101483 -0.3825536 0.8279077 -0.196506 -0.4112781 0.8900763 -0.2215627 -0.4090344 0.8852124 1.46777e-5 -0.03541916 -0.9993726 4.63126e-6 -0.03542327 -0.9993725 0 -0.03542155 -0.9993725 -4.63119e-6 -0.03542369 -0.9993724 -1.46773e-5 -0.03542053 -0.9993726 -0.6143261 -0.7890492 0.002185285 -0.6143277 -0.789048 0.002185225 -0.6120953 -0.7820318 0.1173279 -0.6125806 -0.7829835 0.108083 -0.9569795 0.2901547 -8.03609e-4 -0.9569794 0.2901547 -8.03609e-4 -0.9569794 0.2901546 -8.03608e-4 -0.9569795 0.2901548 -8.03728e-4 -0.9569794 0.2901548 -8.03728e-4 0 0.9999962 -0.002769887 0 0.9999963 -0.002769887 0 0.9898533 -0.1420939 0 0.9898532 -0.1420942 0.9569752 0.2901688 -8.03725e-4 0.9569752 0.2901688 -8.03725e-4 0.9564556 0.2884696 -0.04447489 0.9565915 0.2886678 -0.04004746 0.956971 0.2901827 -8.03721e-4 0.614326 -0.7890493 0.002183794 0.614326 -0.7890493 0.002183794 0.614326 -0.7890494 0.002183794 0.6120861 -0.7820384 0.1173308 0.6124452 -0.7827345 0.1106243 0.6143549 -0.7890268 0.002185285 -0.6115315 -0.781047 0.1264706 -0.6109353 -0.779941 0.1358314 -0.9544714 0.2864887 -0.08311742 -0.9544714 0.2864887 -0.08311742 -0.9544714 0.2864887 -0.08311742 -0.9544818 0.286454 -0.08311766 -0.9544819 0.286454 -0.08311766 0 0.9862399 -0.1653203 0 0.9862399 -0.1653207 0.9562073 0.288149 -0.05135941 0.9564092 0.2884058 -0.04586505 0.6109315 -0.7799454 0.135823 0.6115341 -0.7810464 0.1264623 -0.6109183 -0.7875265 -0.08112251 -0.6252602 -0.7765147 -0.07794064 -0.9570187 0.2896673 -0.01443213 -0.9570186 0.2896673 -0.01443213 -0.9570186 0.2896673 -0.01443213 -0.9570099 0.2896959 -0.01443219 -0.95701 0.2896959 -0.01443219 -0.95701 0.2896959 -0.01443219 0 0.9993144 -0.03702408 0.003499746 0.99943 -0.03358048 0.9424726 0.2915958 0.1634548 0.9364712 0.2997895 0.1820657 0.6054323 -0.7705475 0.1992701 0.6023685 -0.7811856 0.1640163 -0.637259 -0.7253429 -0.2603433 -0.6467852 -0.7061428 -0.2881516 -0.8804101 0.2527459 -0.4012454 -0.88041 0.2527458 -0.4012453 -0.769707 0.3723048 -0.5185946 -0.769707 0.3723048 -0.5185946 -0.001606822 0.9999948 -0.002821445 5.61102e-4 0.9999923 -0.003881692 0.873189 0.3233712 0.3646534 0.860375 0.34948 0.3709699 0.5589292 -0.7754541 0.2937164 0.5496017 -0.7861695 0.2826227 -0.03957617 -0.8378713 -0.5444315 -0.03805625 -0.8267502 -0.5612807 -0.05804216 -0.7984248 -0.5992906 -0.03771734 -0.7703521 -0.6365023 -0.1745193 0.232356 -0.9568457 -0.1745193 0.232356 -0.9568457 -0.1745193 0.232356 -0.9568458 -0.3400863 0.01083856 -0.9403318 -0.3400864 0.01083856 -0.9403318 -0.3400863 0.01083856 -0.9403318 -0.01218307 0.9999185 0.003846883 -0.01166909 0.9999153 0.005778491 0.2964063 0.4203962 0.8575608 0.1330463 0.5201714 0.8436353 0.3289136 0.5275563 0.7832627 0.2889672 0.5834792 0.7589795 0.1488912 -0.7897378 0.5951016 0.07837271 -0.7486173 0.658354 0.2020927 -0.6444326 0.7374721 0.1722281 -0.4921199 0.8533203 0 -0.8394066 -0.543504 0 -0.8394065 -0.5435041 0 0.1095581 -0.9939804 0 0.1095581 -0.9939805 0 0.1095581 -0.9939805 0 0.109559 -0.9939804 0 0.109559 -0.9939803 0 0.109559 -0.9939804 0 1 -1.4545e-6 0 0.5495072 0.8354891 0 0.5495067 0.8354894 0 -0.7397587 0.6728723 -0.8702908 -0.3931143 -0.2967408 -0.8702957 -0.3931105 -0.2967318 -0.870298 -0.3931086 -0.2967275 -0.8703027 -0.3931047 -0.2967185 0.09301733 0.04201459 -0.9947776 0.09301733 0.04201459 -0.9947777 0.09301733 0.04201459 -0.9947777 0.09301346 0.04201501 -0.994778 0.09301346 0.04201501 -0.994778 0.875773 0.3955965 -0.2766321 0.8757724 0.3955988 -0.2766304 0.875772 0.3956006 -0.276629 0.8757715 0.395603 -0.2766273 0.55636 0.2513158 0.7920253 0.5563609 0.2513169 0.7920243 0.5563617 0.251318 0.7920233 0.5563626 0.2513189 0.7920224 -0.6043413 -0.2729911 0.7484968 -0.6043403 -0.2729892 0.7484984 -0.6043394 -0.2729878 0.7484996 -0.6043383 -0.2729859 0.7485011 0 -0.03542053 -0.9993726 -4.05227e-6 -0.03542202 -0.9993725 -1.28427e-5 -0.03541868 -0.9993726 4.0522e-6 -0.03542226 -0.9993725 1.28428e-5 -0.03541946 -0.9993726 0.6120551 -0.7820623 0.1173335 0.6143503 -0.7890304 0.002183616 0.6143515 -0.7890295 0.002183496 0.6125432 -0.7830122 0.1080876 0.9569808 0.2901504 -8.02893e-4 0.9569867 0.290131 -8.02898e-4 0.9569869 0.2901301 -8.02898e-4 0.9569805 0.2901513 -8.02893e-4 0 0.9898527 -0.1420972 0 0.9999962 -0.002767264 0 0.9999962 -0.002767264 0 0.9898527 -0.1420971 -0.9566199 0.2887082 -0.0390625 -0.9569727 0.2901768 -8.03006e-4 -0.9569727 0.2901769 -8.03006e-4 -0.9564565 0.2884668 -0.04447519 -0.6143671 -0.7890173 0.002186 -0.6143671 -0.7890173 0.002186 -0.6143671 -0.7890173 0.002186 -0.614332 -0.7890446 0.002183318 -0.6124272 -0.7827488 0.1106221 -0.6120707 -0.7820508 0.117329 0.6115561 -0.7810289 0.1264643 0.6109594 -0.7799232 0.1358252 0.9544746 0.28648 -0.08311212 0.9544745 0.28648 -0.08311212 0.9544745 0.28648 -0.08311212 0.9544797 0.2864627 -0.08311265 0.9544797 0.2864627 -0.08311265 0.9544798 0.2864627 -0.08311265 0 0.9862401 -0.1653192 0 0.98624 -0.1653195 -0.9562069 0.2881506 -0.05135899 -0.9564089 0.2884069 -0.0458644 -0.6109586 -0.7799239 0.1358243 -0.6115607 -0.7810255 0.1264629 0.6108998 -0.7875431 -0.08110225 0.6252398 -0.7765324 -0.07792913 0.9570145 0.289681 -0.01442831 0.9570146 0.289681 -0.01442831 0.9570146 0.289681 -0.01442831 0.957023 0.2896531 -0.01442956 0.957023 0.2896531 -0.01442956 0 0.9993143 -0.03702849 -0.003498911 0.9994297 -0.03358912 -0.9424733 0.2915942 0.1634536 -0.9364743 0.2997807 0.1820645 -0.6054279 -0.7705498 0.1992745 -0.6023597 -0.7811933 0.1640124 0.637248 -0.7253538 -0.2603402 0.6467752 -0.7061504 -0.2881554 0.8804052 0.2527257 -0.4012684 0.8804053 0.2527257 -0.4012686 0.7697045 0.37229 -0.5186091 0.7697045 0.37229 -0.5186091 0.001612961 0.9999947 -0.002841949 -5.53128e-4 0.9999923 -0.003901302 -0.8732051 0.3233402 0.3646422 -0.8604027 0.3494283 0.3709543 -0.5589035 -0.7754766 0.2937057 -0.5495707 -0.7861973 0.2826056 0.05804121 -0.7984206 -0.599296 0.03805482 -0.8267477 -0.5612844 0.03957664 -0.8378693 -0.5444344 0.03771662 -0.7703453 -0.6365107 0.1745131 0.2323512 -0.956848 0.1745131 0.2323513 -0.956848 0.1745131 0.2323513 -0.956848 0.3400833 0.01081353 -0.9403333 0.3400832 0.01081353 -0.9403333 0.01167362 0.9999153 0.005763411 0.01218646 0.9999184 0.003830432 -0.3289266 0.5275279 0.7832763 -0.1330494 0.5201621 0.8436406 -0.2964029 0.4203898 0.857565 -0.288986 0.5834465 0.7589977 -0.2020859 -0.6444511 0.7374579 -0.07836896 -0.7486178 0.6583538 -0.1488828 -0.7897383 0.595103 -0.1722249 -0.4921436 0.8533073 0 -0.8394033 -0.5435091 0 -0.8394031 -0.5435095 0 0.1095495 -0.9939814 0 0.1095495 -0.9939814 0 0.1095494 -0.9939814 0 0.1095497 -0.9939814 0 1 -1.92097e-5 0 1 -2.06644e-5 0 0.549502 0.8354924 0 0.5495024 0.8354922 0 -0.7397594 0.6728716 0 -0.7397615 0.6728692 0.8702883 -0.393124 -0.2967355 0.8702899 -0.3931217 -0.2967336 0.8702935 -0.3931169 -0.2967294 0.8702847 -0.3931288 -0.2967397 -0.09300118 0.04201096 -0.9947794 -0.09300118 0.04201096 -0.9947794 -0.09300118 0.04201096 -0.9947794 -0.09300088 0.04201036 -0.9947794 -0.09300088 0.04201036 -0.9947794 -0.8757744 0.3956045 -0.276616 -0.8757739 0.3956048 -0.2766171 -0.8757733 0.3956053 -0.2766185 -0.875775 0.395604 -0.2766146 -0.5563582 0.2513195 0.7920253 -0.5563567 0.2513183 0.7920268 -0.5563552 0.2513172 0.7920282 -0.5563597 0.2513206 0.792024 0.6043338 -0.2729894 0.7485035 0.6043355 -0.2729932 0.7485007 0.6043375 -0.2729979 0.7484974 0.6043318 -0.2729847 0.7485069 -7.33905e-6 0.03540724 -0.999373 -2.3157e-6 0.03540879 -0.999373 6.20374e-7 0.0354073 -0.999373 2.8945e-6 0.03540819 -0.999373 9.17354e-6 0.03540527 -0.9993731 0.6143229 0.7890519 0.002184569 0.6143234 0.7890514 0.00218445 0.6120676 0.7820535 0.1173264 0.6125512 0.7830067 0.1080825 0.9569836 -0.2901409 -8.03971e-4 0.9569837 -0.2901409 -8.03971e-4 0.9569836 -0.2901409 -8.03971e-4 0.9569836 -0.2901408 -8.03015e-4 0.9569836 -0.2901408 -8.03015e-4 0 -0.9999962 -0.002769291 0 -0.9999962 -0.002769172 0 -0.9898537 -0.14209 0 -0.9898539 -0.1420899 -0.9569794 -0.2901548 -8.03011e-4 -0.9569794 -0.2901548 -8.03011e-4 -0.9564626 -0.2884469 -0.0444709 -0.9565984 -0.2886453 -0.040044 -0.9569794 -0.2901549 -8.03012e-4 -0.6143385 0.7890396 0.002180635 -0.6143385 0.7890397 0.002180635 -0.6143385 0.7890396 0.002180635 -0.6120948 0.7820318 0.1173307 -0.6124551 0.7827267 0.1106239 -0.614359 0.7890237 0.002182602 0.6114811 0.781084 0.1264858 0.6108853 0.7799776 0.1358459 0.954482 -0.2864555 -0.08311235 0.9544818 -0.2864555 -0.08311235 0.9544773 -0.2864716 -0.08310949 0.9544773 -0.2864716 -0.08310949 0.9544774 -0.2864716 -0.08310949 0 -0.9862407 -0.1653161 0 -0.9862406 -0.1653171 -0.9562141 -0.2881268 -0.05135822 -0.9564157 -0.2883847 -0.04586434 -0.6109123 0.7799596 0.1358278 -0.6115165 0.7810592 0.126468 0.6109136 0.7875279 -0.0811451 0.6252456 0.7765269 -0.07793503 0.9570181 -0.2896692 -0.01443344 0.957018 -0.2896692 -0.01443344 0.957018 -0.2896692 -0.01443344 0.9570131 -0.2896855 -0.01443767 0 -0.9993146 -0.03702104 -0.003500938 -0.9994305 -0.03356462 -0.9424734 -0.2915924 0.1634563 -0.9364718 -0.299789 0.1820639 -0.6054457 0.770533 0.1992855 -0.6023805 0.7811731 0.1640317 0.6372352 0.7253668 -0.2603353 0.6467544 0.7061809 -0.2881272 0.8804053 -0.2527305 -0.4012654 0.8804053 -0.2527305 -0.4012655 0.8804053 -0.2527305 -0.4012654 0.769715 -0.3723016 -0.5185852 0.769715 -0.3723016 -0.5185851 0.001577675 -0.9999948 -0.002801477 -5.93484e-4 -0.9999924 -0.003850996 -0.8731794 -0.3233876 0.3646618 -0.8603597 -0.3495041 0.3709825 -0.5589147 0.7754698 0.2937024 -0.5495784 0.7861948 0.2825976 0.03957116 0.8378646 -0.544442 0.03805416 0.8267456 -0.5612875 0.05804896 0.7984418 -0.5992673 0.03773754 0.7703753 -0.636473 0.1745193 -0.2323646 -0.9568437 0.1745193 -0.2323646 -0.9568436 0.1745193 -0.2323646 -0.9568436 0.3400705 -0.01083827 -0.9403375 0.3400705 -0.01083827 -0.9403375 0.01215595 -0.9999188 0.003837168 0.01163947 -0.9999157 0.005758523 -0.2964107 -0.4203872 0.8575636 -0.1330534 -0.520167 0.8436369 -0.3289254 -0.5275713 0.7832475 -0.2889762 -0.5835056 0.758956 -0.1488886 0.7897273 0.5951161 -0.07837277 0.7485999 0.6583738 -0.202097 0.6444625 0.7374448 -0.1722365 0.4921669 0.8532915 0 0.8393948 -0.5435223 0 0.8393896 -0.5435303 0 -0.1095563 -0.9939806 0 -0.1095591 -0.9939804 0 -0.109562 -0.99398 0 -0.1095648 -0.9939797 0 -1 3.14886e-5 0 -1 8.21658e-6 0 -0.5495101 0.8354872 0 -0.5495067 0.8354893 0 0.7397544 0.672877 0 0.7397437 0.6728889 0.8703048 0.3931189 -0.2966935 0.8702946 0.3931269 -0.2967131 0.8702897 0.3931307 -0.2967225 0.8702794 0.3931386 -0.2967422 -0.09299093 -0.04201447 -0.9947801 -0.09299093 -0.04201447 -0.9947801 -0.09301185 -0.04201406 -0.9947782 -0.09301185 -0.04201406 -0.9947783 -0.09301185 -0.04201406 -0.9947783 -0.8757732 -0.3955999 -0.2766262 -0.8757724 -0.3956022 -0.2766259 -0.8757717 -0.3956038 -0.2766256 -0.8757708 -0.395606 -0.2766254 -0.5563531 -0.251318 0.7920295 -0.5563605 -0.2513242 0.7920223 -0.5563686 -0.2513309 0.7920144 -0.556376 -0.2513371 0.7920072 0.6043331 0.2730008 0.7484999 0.6043307 0.2729948 0.7485041 0.6043287 0.2729898 0.7485074 0.6043263 0.2729837 0.7485116 0 0.03540253 -0.9993731 5.21029e-6 0.03540426 -0.9993731 1.65134e-5 0.0354014 -0.9993733 -5.21025e-6 0.03540408 -0.9993731 -1.65129e-5 0.0354008 -0.9993732 -0.6121298 0.7820059 0.1173205 -0.6143521 0.789029 0.002186417 -0.6143503 0.7890305 0.002186596 -0.6126129 0.7829593 0.1080749 -0.9569926 -0.2901111 -8.03023e-4 -0.9569927 -0.2901112 -8.03023e-4 -0.9569677 -0.2901937 -8.07849e-4 -0.9569676 -0.2901937 -8.07849e-4 -0.9569677 -0.2901938 -8.07849e-4 0 -0.9898524 -0.142099 0 -0.9999963 -0.002769112 0 -0.9999962 -0.002769291 0 -0.9898526 -0.1420987 0.9569848 -0.2901369 -8.04927e-4 0.9569849 -0.2901369 -8.04928e-4 0.9569848 -0.2901368 -8.04927e-4 0.956981 -0.2901498 -8.03081e-4 0.9565985 -0.2886447 -0.04004514 0.956463 -0.2884458 -0.04447215 0.6143404 0.7890381 0.002182602 0.6143404 0.7890381 0.002182602 0.6143404 0.7890381 0.002182602 0.6144011 0.7889909 0.002188444 0.6124952 0.7826958 0.1106207 0.612135 0.7820006 0.1173285 -0.6115503 0.7810324 0.1264703 -0.6109489 0.7799304 0.1358308 -0.9544663 -0.2865038 -0.08312475 -0.9544664 -0.2865038 -0.08312475 -0.9544746 -0.2864788 -0.08311635 -0.9544745 -0.2864788 -0.08311635 0 -0.9862395 -0.1653229 0 -0.9862393 -0.1653239 0.9562202 -0.2881071 -0.05135381 0.9564225 -0.2883625 -0.04585969 0.6109538 0.7799283 0.1358214 0.6115549 0.7810302 0.1264614 -0.6109284 0.7875161 -0.08114773 -0.6252549 0.7765192 -0.07793802 -0.9570136 -0.2896838 -0.01443338 -0.9570136 -0.2896838 -0.01443338 -0.9570137 -0.2896838 -0.01443338 -0.9570148 -0.28968 -0.01443338 -0.9570147 -0.2896799 -0.01443338 -0.9570148 -0.2896799 -0.01443338 0 -0.9993152 -0.0370059 0.003506779 -0.9994306 -0.03356051 0.9424835 -0.2915598 0.1634556 0.9364792 -0.2997677 0.1820606 0.6054518 0.7705343 0.1992616 0.6023788 0.7811796 0.1640071 -0.6372446 0.7253631 -0.2603225 -0.6467638 0.7061793 -0.2881104 -0.8804109 -0.2527425 -0.4012454 -0.880411 -0.2527425 -0.4012454 -0.7697227 -0.3722723 -0.5185948 -0.7697226 -0.3722723 -0.5185948 -0.7697225 -0.3722723 -0.5185948 -0.001573562 -0.9999949 -0.00279349 5.98565e-4 -0.9999924 -0.003864824 0.8731722 -0.3234103 0.3646591 0.8603373 -0.34956 0.3709821 0.5588976 0.7754926 0.2936748 0.5495527 0.7862219 0.2825722 -0.05806028 0.7984491 -0.5992562 -0.0380637 0.8267633 -0.5612607 -0.0395807 0.8378882 -0.544405 -0.03774273 0.7703766 -0.6364711 -0.1745256 -0.2323352 -0.9568496 -0.1745256 -0.2323352 -0.9568497 -0.3400582 -0.01083451 -0.940342 -0.3400582 -0.01083451 -0.940342 -0.3400582 -0.01083451 -0.940342 -0.0116592 -0.9999154 0.005776166 -0.01218003 -0.9999185 0.003849565 0.3289134 -0.5275624 0.7832585 0.1330472 -0.5201861 0.8436261 0.2964016 -0.4204151 0.8575531 0.288969 -0.5834826 0.7589764 0.2020714 0.6444666 0.7374483 0.07836395 0.7486584 0.6583083 0.1488743 0.7897675 0.5950663 0.1722094 0.4921472 0.8533083 0 0.839421 -0.5434818 0 0.8394316 -0.5434654 0 -0.109531 -0.9939834 0 -0.1095292 -0.9939836 0 -0.1095275 -0.9939839 0 -0.1095327 -0.9939832 0 -1 6.16233e-6 0 -1 2.36165e-5 0 -0.5495319 0.8354729 0 -0.5495374 0.8354691 0 0.7397848 0.6728436 0 0.7397708 0.6728589 -0.8702913 0.3931377 -0.2967083 -0.8702923 0.393135 -0.2967089 -0.8702944 0.3931297 -0.2967101 -0.8702893 0.3931432 -0.2967071 0.09298539 -0.04200398 -0.9947811 0.09298402 -0.04200404 -0.9947813 0.09298205 -0.04200404 -0.9947814 0.09298735 -0.04200398 -0.994781 0.8757709 -0.3956058 -0.2766252 0.875771 -0.3956056 -0.2766251 0.8757711 -0.3956053 -0.2766249 0.8757708 -0.395606 -0.2766254 0.5563762 -0.251331 0.792009 0.556374 -0.2513289 0.7920112 0.5563721 -0.2513269 0.7920133 0.5563782 -0.2513331 0.792007 -0.6043481 0.2729992 0.7484884 -0.6043497 0.273002 0.7484861 -0.6043516 0.2730055 0.7484833 -0.6043461 0.2729957 0.7484912 1 1.53994e-7 0 1 1.72579e-7 0 1 1.53817e-7 0 1 1.72756e-7 0 -1 -1.49409e-7 0 -1 -1.77164e-7 0 -1 -1.49145e-7 0 -1 -1.77428e-7 0 0 -1 0 0 -1 0 0 -1 0 0.9721764 -0.1741926 0.1566208 0.9711042 0.1657232 0.1717343 0.9723871 -0.1632027 0.1668182 0.9705208 0.184408 0.1551878 0.9711042 0.1657239 -0.1717334 0.9705206 0.1844092 -0.1551868 0.9721761 -0.1741952 -0.1566202 0.9723869 -0.1632043 -0.1668181 -0.9721774 -0.1741942 0.1566129 -0.9723883 -0.1631993 0.1668143 -0.9711039 0.1657246 0.1717345 -0.9705206 0.1844083 0.155189 -0.9711056 0.165719 -0.1717303 -0.9705225 0.1844007 -0.1551858 -0.9721772 -0.1741935 -0.1566144 -0.9723882 -0.1631998 -0.1668148 0 0 -1 0 0 -1 0 0 -1 0 0 -1 0 0 1 0 0 1 0.1776938 -0.9664843 0.1852916 -0.1804691 -0.9650213 0.1901704 0.2004445 -0.965636 0.1654366 -0.2120841 -0.9634272 0.163794 -0.1804655 -0.9650222 -0.1901692 -0.2120802 -0.963427 -0.1638003 0.1776889 -0.9664854 -0.1852907 0.2004389 -0.965636 -0.1654433 1 1.24458e-6 0 1 9.51076e-7 0 1 6.00973e-6 0 0 1 0 0 1 0 0 1 0 1 3.14905e-6 0 1 -2.01783e-6 0 -1 0 4.94288e-6 -1 0 4.94284e-6 -1 0 4.94291e-6 -1 0 4.94281e-6 1 -2.40397e-5 0 1 2.23208e-6 0 -1 6.52332e-6 3.91921e-6 -1 9.33331e-7 2.73771e-6 -1 -1.20195e-5 0 -1 1.13665e-5 4.94286e-6 -0.9996622 0 -0.02599126 -0.9996622 0 -0.02599126 1 0 0 1 0 0 0.9997718 0 0.02136343 0.9997718 0 0.02136343 -0.1950828 0 -0.9807868 -0.1950828 0 -0.9807868 -0.1950828 0 -0.9807869 -0.1950829 0 -0.9807869 0.2211478 0 0.9752404 0.2211479 0 0.9752404 0.2211476 0 0.9752404 0.2211475 0 0.9752404 -0.9999896 0 -0.004569292 -0.9999896 0 -0.004569292 -0.9999896 0 -0.004569292 -0.9999896 0 -0.004569292 0.9999988 0 -0.00156027 0.9999989 0 -0.00156027 0.9999988 0 -0.00156027 0.9999989 0 -0.00156027 -0.9996622 0 0.02599126 -0.9996622 0 0.02599126 0.9997718 0 -0.02136343 0.9997718 0 -0.02136343 -0.1950817 0 0.9807871 -0.1950817 0 0.980787 -0.1950815 0 0.9807871 -0.1950814 0 0.980787 0.2211489 0 -0.9752401 0.2211488 0 -0.9752401 0.221149 0 -0.9752401 0.2211487 0 -0.9752401 -0.9999896 0 0.004569292 -0.9999896 0 0.004569232 -0.9999896 0 0.004569292 -0.9999896 0 0.004569292 0.9999989 0 0.00156027 0.9999989 0 0.00156027 0.9999989 0 0.00156027 0.9999989 0 0.00156027 0 1 -2.13249e-7 0 1 0 0 -1 3.54789e-7 0 -1 -4.33501e-7 0 1 0 0 1 0 0 -1 -2.25905e-6 0 -1 -2.52688e-6 0 1 8.60212e-7 0 1 9.94621e-7 0 -1 -6.43289e-7 0 -1 -7.43804e-7 0 1 2.13247e-7 0 1 0 0 -1 -3.54784e-7 0 -1 4.33506e-7 0 1 0 0 1 0 0 -1 2.25903e-6 0 -1 2.52682e-6 0 1 -8.60211e-7 0 1 -9.94621e-7 0 -1 6.43288e-7 0 -1 7.43804e-7 -0.9996622 0 -0.02599126 -1 0 0 -0.9996622 0 -0.02599126 1 0 0 1 0 0 0.9997718 0 0.02136337 0.9997718 0 0.02136337 -0.1950836 0 -0.9807866 -0.1950836 0 -0.9807866 -0.1950835 0 -0.9807866 -0.1950837 0 -0.9807867 0.221148 0 0.9752403 0.2211481 0 0.9752403 0.2211478 0 0.9752404 0.2211477 0 0.9752404 -0.9999896 0 -0.004569292 -0.9999896 0 -0.004569292 -0.9999896 0 -0.004569292 -0.9999896 0 -0.004569292 0.9999989 0 -0.00156027 0.9999989 0 -0.00156027 0.9999989 0 -0.00156027 0.9999989 0 -0.00156027 -0.9996622 0 0.02599126 -0.9996622 0 0.02599126 0.9997718 0 -0.02136337 0.9997718 0 -0.02136337 -0.1950827 0 0.9807868 -0.1950826 0 0.9807868 -0.1950827 0 0.9807868 -0.1950827 0 0.9807868 0.2211492 0 -0.97524 0.2211489 0 -0.9752402 0.2211494 0 -0.97524 0.2211487 0 -0.9752401 -0.9999896 0 0.004569292 -0.9999896 0 0.004569292 -0.9999896 0 0.004569232 -0.9999896 0 0.004569232 0.9999989 0 0.00156027 0.9999989 0 0.00156027 0.9999989 0 0.00156027 -9.58504e-7 1 -1.74859e-6 0 1 0 -8.11375e-7 1 -9.19345e-7 9.58504e-7 -1 -7.31557e-6 0 -1 0 8.11375e-7 -1 -5.29067e-6 -9.6964e-7 1 4.51834e-6 -9.21687e-7 1 4.99617e-6 9.6964e-7 -1 -8.08381e-7 9.21687e-7 -1 0 0 1 2.54325e-7 0 1 2.94062e-7 0 -1 0 0 -1 0 -9.58498e-7 1 1.74858e-6 -8.11371e-7 1 9.19332e-7 9.58498e-7 -1 7.31552e-6 8.11371e-7 -1 5.29062e-6 -9.6965e-7 1 -4.5183e-6 -9.21683e-7 1 -4.99604e-6 9.6965e-7 -1 8.08386e-7 9.21683e-7 -1 0 0 1 -2.54325e-7 0 1 -2.94062e-7 0 -1 0 0 -1 0 -1 0 0 -0.9996622 0 -0.02599114 -1 0 0 -0.9996622 0 -0.02599114 1 0 0 0.9997718 0 0.02136331 0.9997718 0 0.02136296 -0.1950798 0 -0.9807875 -0.1950847 0 -0.9807864 -0.1950772 0 -0.9807879 -0.1950873 0 -0.9807859 0.2211501 0 0.9752398 0.2211501 0 0.9752398 -0.9999896 0 -0.004569292 -0.9999896 0 -0.004569232 -0.9999896 0 -0.004569351 -0.9999896 0 -0.004569172 0.9999988 0 -0.00156027 0.9999989 0 -0.00156027 -0.9996622 0 0.02599114 -0.9996622 0 0.02599114 0.9997718 0 -0.02136337 0.9997718 0 -0.02136296 -0.1950786 0 0.9807876 -0.195076 0 0.9807882 -0.1950836 0 0.9807866 -0.1950863 0 0.9807861 0.2211512 0 -0.9752396 0.2211511 0 -0.9752396 0.2211513 0 -0.9752396 0.2211511 0 -0.9752396 -0.9999896 0 0.004569292 -0.9999896 0 0.004569351 -0.9999896 0 0.004569232 -0.9999896 0 0.004569172 0.9999988 0 0.00156027 0.9999988 0 0.00156027 0.9999989 0 0.00156027 0.9999989 0 0.00156027 0 1 2.97106e-5 0 1 2.26929e-5 0 -1 -1.70892e-5 0 -1 -5.22515e-6 0 1 2.87423e-6 0 1 -2.94371e-7 0 -1 -1.76861e-5 0 -1 -1.24795e-5 0 1 -5.26599e-6 0 1 -6.08881e-6 0 -1 2.60162e-5 0 -1 3.48723e-5 0 1 -2.9711e-5 0 1 -2.26931e-5 0 -1 1.70896e-5 0 -1 5.22537e-6 0 1 -2.8743e-6 0 1 2.94371e-7 0 -1 1.76855e-5 0 -1 1.24791e-5 0 1 5.26599e-6 0 1 6.08881e-6 0 -1 -2.60163e-5 0 -1 -3.48723e-5 -0.9996622 0 -0.02599108 -0.9996622 0 -0.02599108 1 0 0 0.9997718 0 0.02136337 0.9997718 0 0.02136379 -0.1950852 0 -0.9807863 -0.1950854 0 -0.9807862 -0.1950852 0 -0.9807864 -0.1950855 0 -0.9807862 0.2211478 0 0.9752404 0.2211477 0 0.9752404 0.221148 0 0.9752403 -0.9999896 0 -0.004569292 -0.9999896 0 -0.004569292 0.9999989 0 -0.00156027 -0.9996622 0 0.02599108 -0.9996622 0 0.02599108 0.9997718 0 -0.02136373 -0.1950842 0 0.9807865 -0.1950842 0 0.9807866 0.2211489 0 -0.9752401 0.2211489 0 -0.9752401 -0.9999896 0 0.004569292 -0.9999896 0 0.004569292 0.9999988 0 0.00156027 0.9999989 0 0.00156027 0.9999989 0 0.00156027 0 1 6.8838e-6 0 1 -1.63192e-6 0 -1 2.68301e-5 0 -1 0 0 -1 2.42802e-5 0 1 -7.51685e-5 0 1 -7.90564e-5 0 -1 2.87421e-6 0 -1 -9.49985e-7 0 1 1.17289e-5 0 1 1.35614e-5 0 -1 -1.69949e-5 0 -1 -1.96503e-5 0 1 -6.8838e-6 0 1 1.63195e-6 0 -1 -2.68301e-5 0 -1 -2.42802e-5 0 1 7.51678e-5 0 1 7.90544e-5 0 -1 -2.87424e-6 0 -1 9.49984e-7 0 1 -1.17289e-5 0 1 -1.35614e-5 0 -1 1.69949e-5 0 -1 1.96503e-5 -1 0 0 -0.9996622 0 -0.02599126 -0.9996622 0 -0.02599114 1 0 0 0.9997718 0 0.02136337 0.9997718 0 0.02136337 -0.1950821 0 -0.9807869 -0.1950832 0 -0.9807868 -0.1950815 0 -0.980787 -0.1950837 0 -0.9807866 0.221147 0 0.9752405 0.2211463 0 0.9752407 0.2211484 0 0.9752402 0.2211491 0 0.9752401 -0.9999896 0 -0.004575788 -0.9999896 0 -0.004575788 -0.9999896 0 -0.004575788 -0.9999896 0 -0.004575788 -0.9996622 0 0.02599114 0.9997718 0 -0.02136337 0.9997718 0 -0.02136337 -0.1950807 0 0.9807872 -0.1950799 0 0.9807873 -0.195082 0 0.980787 -0.1950827 0 0.9807869 0.221148 0 -0.9752403 0.2211494 0 -0.9752401 0.2211472 0 -0.9752405 0.2211501 0 -0.9752398 -0.9999896 0 0.004575788 -0.9999896 0 0.004575788 0 1 1.54289e-5 0 1 1.21403e-5 0 -1 -2.85333e-6 0 -1 1.144e-6 0 1 1.43712e-6 0 1 -1.2377e-7 0 -1 1.84326e-5 0 -1 1.97472e-5 0 1 -2.21412e-6 0 1 -2.56007e-6 0 -1 -3.23142e-6 0 -1 -3.73632e-6 0 1 -1.54288e-5 0 1 -1.21402e-5 0 -1 2.85331e-6 0 -1 -1.14403e-6 0 1 -1.43712e-6 0 1 1.2377e-7 0 -1 -1.84324e-5 0 -1 -1.97467e-5 0 1 2.21412e-6 0 1 2.56007e-6 0 -1 3.23142e-6 0 -1 3.73632e-6 -1 0 0 -0.9996622 0 -0.02599138 1 0 0 -0.1950838 0 -0.9807866 -0.195084 0 -0.9807866 -0.1950841 0 -0.9807866 0.221147 0 0.9752406 0.2211481 0 0.9752403 0.2211487 0 0.9752401 -0.9999896 0 -0.004575788 -0.9999896 0 -0.004575788 -0.9999896 0 -0.004575729 -0.9999896 0 -0.004575788 0.9999989 0 -0.00156027 0.9999989 0 -0.00156027 0.9999989 0 -0.00156027 0.9999989 0 -0.00156027 -0.9996622 0 0.02599138 0.9997718 0 -0.02136337 0.9997718 0 -0.02136337 -0.9999896 0 0.004575788 -0.9999896 0 0.004575729 -0.9999896 0 0.004575788 -0.9999896 0 0.004575788 0.9999989 0 0.00156027 0.9999989 0 0.00156027 0.9999989 0 0.00156027 0.9999989 0 0.00156027 0 1 -2.17092e-5 0 1 -1.62256e-5 0 -1 -2.51361e-5 0 -1 -1.58755e-5 0 1 -2.15567e-6 0 1 3.77999e-7 0 -1 1.62769e-5 0 -1 1.96736e-5 0 1 6.76204e-6 0 1 7.81859e-6 0 -1 -4.54792e-6 0 -1 -5.25852e-6 0 1 2.1709e-5 0 1 1.62254e-5 0 -1 2.5136e-5 0 -1 1.58753e-5 0 1 2.15569e-6 0 1 -3.77999e-7 0 -1 -1.62767e-5 0 -1 -1.96731e-5 0 1 -6.76204e-6 0 1 -7.81859e-6 0 -1 4.54792e-6 0 -1 5.25852e-6 -1 0 0 -0.9996622 0 -0.02599143 -1 0 0 1 0 0 0.9997718 0 0.02136337 0.9997718 0 0.02136337 -0.1950823 0 -0.980787 -0.1950823 0 -0.9807869 0.22115 0 0.9752398 0.2211498 0 0.9752399 0.2211497 0 0.9752399 0.9999988 0 -0.00156027 0.9999989 0 -0.00156027 0.9999988 0 -0.00156027 -0.9996622 0 0.02599143 0.9997718 0 -0.02136337 -0.1950812 0 0.9807872 -0.1950812 0 0.9807872 -0.1950811 0 0.9807872 -0.1950811 0 0.9807872 -0.9999896 0 0.004569232 -0.9999896 0 0.004569292 -0.9999896 0 0.004569351 0.9999988 0 0.00156027 0.9999988 0 0.00156027 0.9999989 0 0.00156033 0 1 2.1428e-5 0 1 0 0 1 1.30498e-5 0 -1 -2.51515e-5 0 -1 -1.54104e-5 0 1 2.15568e-6 0 1 -6.15527e-7 0 -1 2.80222e-5 0 -1 3.30736e-5 0 1 -1.10115e-5 0 1 -1.27321e-5 0 -1 3.31453e-6 0 -1 6.22764e-6 0 1 -2.14283e-5 0 1 -1.30499e-5 0 -1 2.51518e-5 0 -1 1.54105e-5 0 1 -2.15574e-6 0 1 6.15526e-7 0 -1 -2.80221e-5 0 -1 -3.30728e-5 0 1 1.10115e-5 0 1 1.27321e-5 0 -1 -3.31456e-6 0 -1 -6.22764e-6 -1 0 0 -1 0 0 0.9997718 0 0.02136373 -0.195084 0 -0.9807866 -0.1950817 0 -0.9807871 -0.1950805 0 -0.9807873 0.2211478 0 0.9752404 -0.9999896 0 -0.004575788 -0.9999896 0 -0.004575788 0.9999989 0 -0.00156027 0.9999989 0 -0.00156027 0.9999989 0 -0.00156027 -0.9996622 0 0.02599108 -0.9996622 0 0.02599108 0.9997718 0 -0.02136373 0.9997718 0 -0.02136379 -0.1950829 0 0.9807869 -0.1950805 0 0.9807872 -0.1950793 0 0.9807875 -0.9999896 0 0.004575788 -0.9999896 0 0.004575788 0.9999988 0 0.00156027 0.9999989 0 0.00156027 0 1 -5.74077e-5 0 1 0 0 1 -3.98066e-5 0 -1 2.3138e-5 0 -1 0 0 -1 2.09897e-5 0 1 2.44288e-5 0 1 3.31e-5 0 -1 2.15567e-6 0 -1 2.34159e-7 0 1 3.79273e-6 0 1 6.78072e-6 0 -1 4.18888e-6 0 -1 4.84337e-6 0 1 5.74085e-5 0 1 3.9807e-5 0 -1 -2.31382e-5 0 -1 -2.09898e-5 0 1 -2.44286e-5 0 1 -3.30991e-5 0 -1 -2.15573e-6 0 -1 -2.34159e-7 0 1 -3.79276e-6 0 1 -6.78072e-6 0 -1 -4.18887e-6 0 -1 -4.84337e-6 0.9996625 0 -0.02597928 0.9996625 0 -0.02597928 -1 0 0 -0.9997718 0 0.02136343 -1 0 0 -0.9997718 0 0.02136349 0.1950832 0 -0.9807868 0.195083 0 -0.9807868 0.1950833 0 -0.9807867 0.1950834 0 -0.9807867 -0.2211501 0 0.9752398 -0.2211503 0 0.9752398 -0.22115 0 0.9752398 -0.2211503 0 0.9752398 0.9999896 0 -0.004588782 0.9999896 0 -0.004588782 0.9999896 0 -0.004588782 0.9999896 0 -0.004588782 -0.9999988 0 -0.001552522 -0.9999988 0 -0.001552522 -0.9999989 0 -0.001552522 -0.9999989 0 -0.001552522 0.9996625 0 0.02597928 0.9996625 0 0.02597928 -0.9997718 0 -0.02136343 -0.9997718 0 -0.02136349 0.1950821 0 0.980787 0.1950821 0 0.980787 -0.2211512 0 -0.9752396 -0.2211512 0 -0.9752396 -0.2211514 0 -0.9752396 -0.2211515 0 -0.9752395 0.9999896 0 0.004588782 0.9999896 0 0.004588782 0.9999896 0 0.004588782 0.9999896 0 0.004588782 -0.9999989 0 0.001552581 -0.9999989 0 0.001552581 -0.9999989 0 0.001552581 -0.9999989 0 0.001552581 0 1 -1.35682e-6 0 1 -1.01416e-6 0 -1 1.14361e-6 0 -1 1.00694e-6 0 1 -1.34729e-7 0 1 0 0 -1 0 0 -1 0 0 1 -2.76733e-7 0 1 -3.19975e-7 0 -1 5.38508e-7 0 -1 6.22653e-7 0 1 1.35683e-6 0 1 1.01416e-6 0 -1 -1.14361e-6 0 -1 -1.00694e-6 0 1 1.3473e-7 0 1 0 0 -1 0 0 -1 0 0 1 2.76733e-7 0 1 3.19975e-7 0 -1 -5.38508e-7 0 -1 -6.22653e-7 1 0 0 1 0 0 0.9996625 0 -0.02597928 0.9996625 0 -0.02597922 -1 0 0 -0.9997718 0 0.02136337 -1 0 0 -0.9997718 0 0.02136337 0.195083 0 -0.9807868 0.1950828 0 -0.9807868 0.1950833 0 -0.9807868 0.1950835 0 -0.9807868 -0.2211502 0 0.9752398 -0.2211504 0 0.9752397 -0.2211501 0 0.9752398 -0.2211505 0 0.9752397 0.9999896 0 -0.004588782 0.9999895 0 -0.004588782 0.9999896 0 -0.004588782 0.9999896 0 -0.004588782 -0.9999989 0 -0.001552522 -0.9999989 0 -0.001552522 -0.9999989 0 -0.001552522 -0.9999989 0 -0.001552522 0.9996625 0 0.02597928 0.9996625 0 0.02597922 -0.9997718 0 -0.02136337 -0.9997718 0 -0.02136337 0.1950821 0 0.9807869 0.1950821 0 0.9807869 0.1950821 0 0.980787 0.1950821 0 0.980787 -0.2211515 0 -0.9752395 -0.2211515 0 -0.9752395 -0.2211515 0 -0.9752395 0.9999896 0 0.004588782 0.9999896 0 0.004588782 -0.9999988 0 0.001552581 -0.9999989 0 0.001552581 -0.9999989 0 0.001552581 -9.58513e-7 1 -8.202e-7 0 1 0 -8.11426e-7 1 -9.07687e-7 9.58513e-7 -1 1.78522e-6 8.11426e-7 -1 6.21716e-7 -9.69604e-7 1 0 -9.21687e-7 1 0 9.69604e-7 -1 -4.51814e-6 9.21687e-7 -1 -4.94097e-6 0 1 -1.36123e-6 0 1 -1.57393e-6 0 -1 7.3297e-7 0 -1 8.475e-7 -9.58513e-7 1 8.202e-7 -8.11425e-7 1 9.07686e-7 9.58513e-7 -1 -1.78522e-6 8.11425e-7 -1 -6.21721e-7 -9.69605e-7 1 0 -9.21673e-7 1 0 9.69605e-7 -1 4.51805e-6 9.21673e-7 -1 4.9408e-6 0 1 1.36123e-6 0 1 1.57393e-6 0 -1 -7.32969e-7 0 -1 -8.475e-7 1 0 0 1 0 0 0.9996625 0 -0.02597939 0.9996625 0 -0.02597939 -1 0 0 -0.9997718 0 0.02136331 -0.9997718 0 0.02136296 0.1950847 0 -0.9807865 0.1950873 0 -0.9807859 0.1950798 0 -0.9807875 0.1950772 0 -0.9807879 -0.2211501 0 0.9752398 0.9999895 0 -0.004588782 0.9999896 0 -0.004588723 0.9999895 0 -0.004588782 0.9999896 0 -0.004588842 -0.9999988 0 -0.001552522 -0.9999989 0 -0.001552522 0.9996625 0 0.02597939 -0.9997718 0 -0.02136337 -0.9997718 0 -0.02136296 0.1950836 0 0.9807867 0.1950787 0 0.9807876 0.1950861 0 0.9807862 0.1950762 0 0.9807881 -0.2211513 0 -0.9752396 -0.2211511 0 -0.9752396 -0.2211511 0 -0.9752396 0.9999896 0 0.004588723 0.9999896 0 0.004588782 0.9999896 0 0.004588723 0.9999896 0 0.004588842 -0.9999988 0 0.001552522 -0.9999989 0 0.001552522 -0.9999988 0 0.001552522 -0.9999989 0 0.001552522 0 1 -6.687e-5 0 1 0 0 1 -6.12696e-5 0 -1 1.93831e-5 0 -1 8.4018e-6 0 1 -5.7485e-6 0 1 -5.352e-7 0 -1 2.87425e-6 0 -1 -4.8168e-7 0 1 -9.57348e-6 0 1 -1.10694e-5 0 -1 -8.61613e-6 0 -1 -9.96245e-6 0 1 6.687e-5 0 1 6.12695e-5 0 -1 -1.93831e-5 0 -1 -8.40176e-6 0 1 5.7485e-6 0 1 5.352e-7 0 -1 -2.87425e-6 0 -1 4.8168e-7 0 1 9.57347e-6 0 1 1.10694e-5 0 -1 8.61612e-6 0 -1 9.96245e-6 0.9996625 0 -0.02597886 0.9996626 0 -0.02597826 -0.9997718 0 0.02136337 -1 0 0 -0.9997718 0 0.02136379 0.1950777 0 -0.9807878 0.195075 0 -0.9807884 0.1950829 0 -0.9807869 0.1950855 0 -0.9807862 -0.2211478 0 0.9752403 -0.221148 0 0.9752403 -0.2211477 0 0.9752404 -0.2211481 0 0.9752403 0.9999896 0 -0.004588782 -0.9999989 0 -0.001552522 -0.9999989 0 -0.001552522 0.9996625 0 0.02597886 0.9996626 0 0.02597826 -0.9997718 0 -0.02136373 0.1950767 0 0.9807881 0.1950815 0 0.9807871 0.195074 0 0.9807886 0.1950842 0 0.9807866 -0.2211489 0 -0.9752401 0.9999896 0 0.004588782 0.9999896 0 0.004588782 -0.9999988 0 0.001552522 -0.9999989 0 0.001552522 -0.9999989 0 0.001552522 0 1 3.43002e-5 0 1 2.90454e-5 0 -1 -3.76817e-5 0 -1 -2.45139e-5 0 1 2.87425e-6 0 1 7.0914e-7 0 -1 -4.31137e-6 0 -1 0 0 1 1.26849e-5 0 1 1.46669e-5 0 -1 2.39337e-7 0 -1 2.76735e-7 0 1 -3.43002e-5 0 1 -2.90454e-5 0 -1 3.76817e-5 0 -1 2.45138e-5 0 1 -2.87425e-6 0 1 -7.0914e-7 0 -1 4.31138e-6 0 -1 0 0 1 -1.26848e-5 0 1 -1.46669e-5 0 -1 -2.39337e-7 0 -1 -2.76735e-7 1 0 0 0.9996625 0 -0.02597922 0.9996625 0 -0.02597939 -1 0 0 -0.9997718 0 0.02136337 -0.9997718 0 0.02136337 0.1950821 0 -0.9807869 0.1950815 0 -0.980787 0.1950837 0 -0.9807866 -0.2211498 0 0.9752398 -0.2211512 0 0.9752395 -0.2211491 0 0.9752401 -0.2211519 0 0.9752393 0.9999896 0 -0.004588782 0.9999896 0 -0.004588782 0.9999896 0 -0.004588782 0.9999895 0 -0.004588782 -0.9999989 0 -0.001552522 -0.9999989 0 -0.001552522 -0.9999989 0 -0.001552581 0.9996625 0 0.02597922 0.9996625 0 0.02597939 -0.9997718 0 -0.02136337 -0.9997718 0 -0.02136337 0.1950807 0 0.9807872 0.195082 0 0.9807869 0.1950799 0 0.9807873 0.1950827 0 0.9807869 -0.2211508 0 -0.9752396 -0.2211501 0 -0.9752398 -0.2211522 0 -0.9752394 -0.221153 0 -0.9752392 0.9999896 0 0.004588723 0.9999896 0 0.004588723 -0.9999988 0 0.001552581 -0.9999989 0 0.001552522 -0.9999988 0 0.001552581 -0.9999989 0 0.001552581 0 1 1.8618e-6 0 1 0 0 1 3.96982e-6 0 -1 -5.73718e-7 0 -1 -7.93963e-7 0 1 -3.70281e-6 0 1 -3.44246e-6 0 -1 -2.4084e-7 0 1 7.2925e-7 0 1 2.04092e-6 0 -1 -4.30807e-6 0 -1 -4.98123e-6 0 1 -1.8618e-6 0 1 -3.96981e-6 0 -1 5.73718e-7 0 -1 7.93963e-7 0 1 3.70286e-6 0 1 3.44255e-6 0 -1 2.4084e-7 0 1 -7.29215e-7 0 1 -2.04092e-6 0 -1 4.30806e-6 0 -1 4.98123e-6 1 0 0 0.9996625 0 -0.02597939 -1 0 0 -0.2211511 0 0.9752396 -0.2211495 0 0.9752399 -0.2211487 0 0.9752401 -0.9999989 0 -0.001552581 0.9996625 0 0.02597939 -0.9997718 0 -0.02136337 -0.9997718 0 -0.02136337 0.1950808 0 0.9807872 0.1950802 0 0.9807874 -0.9999988 0 0.001552581 -0.9999989 0 0.001552581 0 1 -2.0718e-5 0 1 -1.5761e-5 0 -1 1.5847e-5 0 -1 0 0 -1 9.02317e-6 0 1 2.06975e-5 0 1 2.29939e-5 0 -1 -1.90639e-6 0 -1 -3.20663e-6 0 1 -7.4606e-6 0 1 -9.82409e-6 0 -1 4.94756e-6 0 -1 6.91837e-6 0 1 2.0718e-5 0 1 1.5761e-5 0 -1 -1.5847e-5 0 -1 -9.02314e-6 0 1 -2.06972e-5 0 1 -2.29933e-5 0 -1 1.90644e-6 0 -1 3.20673e-6 0 1 7.46056e-6 0 1 9.82409e-6 0 -1 -4.94752e-6 0 -1 -6.91837e-6 -1 0 0 -0.9997718 0 0.02136337 -0.9997718 0 0.02136337 0.1950823 0 -0.9807869 0.1950823 0 -0.9807869 -0.22115 0 0.9752398 -0.2211498 0 0.9752399 -0.2211497 0 0.9752399 0.9999895 0 -0.004588723 -0.9999988 0 -0.001552581 -0.9999988 0 -0.001552581 -0.9999989 0 -0.001552581 -0.9999989 0 -0.001552581 -0.9997718 0 -0.02136337 0.1950812 0 0.9807871 0.1950811 0 0.9807871 0.1950812 0 0.9807872 0.1950811 0 0.9807872 0.9999896 0 0.004588723 -0.9999988 0 0.001552581 -0.9999989 0 0.001552581 -0.9999989 0 0.001552581 0 1 1.25604e-5 0 1 8.17108e-6 0 -1 2.26381e-6 0 -1 -1.47271e-6 0 1 1.43712e-6 0 1 -3.9471e-7 0 -1 7.18562e-7 0 -1 2.4753e-7 0 1 -7.06044e-6 0 1 -8.16368e-6 0 -1 4.42773e-6 0 -1 5.11959e-6 0 1 -1.25604e-5 0 1 -8.17106e-6 0 -1 -2.26381e-6 0 -1 1.47272e-6 0 1 -1.43713e-6 0 1 3.9471e-7 0 -1 -7.18563e-7 0 -1 -2.4753e-7 0 1 7.06043e-6 0 1 8.16368e-6 0 -1 -4.42773e-6 0 -1 -5.11959e-6 1 0 0 0.9996625 0 -0.02597934 0.9996626 0 -0.02597934 -0.9997718 0 0.02136373 0.1950839 0 -0.9807866 0.1950852 0 -0.9807864 0.1950817 0 -0.9807871 0.1950805 0 -0.9807873 -0.2211492 0 0.9752401 -0.221152 0 0.9752395 -0.2211534 0 0.975239 -0.9999989 0 -0.001552522 -0.9999989 0 -0.001552522 -0.9999989 0 -0.001552522 0.9996625 0 0.02597934 0.9996625 0 0.02597934 -0.9997718 0 -0.02136373 -0.9997718 0 -0.02136379 0.1950829 0 0.9807869 0.1950805 0 0.9807872 0.1950793 0 0.9807875 -0.2211503 0 -0.9752397 -0.2211531 0 -0.9752391 -0.2211546 0 -0.9752388 0.9999896 0 0.004588782 -0.9999989 0 0.001552522 0 1 3.68464e-5 0 1 0 0 1 2.51708e-5 0 -1 9.43045e-6 0 -1 0 0 -1 1.68113e-5 0 1 -3.39891e-5 0 1 -4.01964e-5 0 -1 3.83005e-5 0 -1 4.00626e-5 0 1 -6.10309e-6 0 1 -7.05674e-6 0 -1 3.70972e-6 0 -1 4.28939e-6 0 1 -3.68464e-5 0 1 -2.51707e-5 0 -1 -9.43045e-6 0 -1 -1.68113e-5 0 1 3.39891e-5 0 1 4.01958e-5 0 -1 -3.83005e-5 0 -1 -4.0062e-5 0 1 6.10309e-6 0 1 7.05674e-6 0 -1 -3.70972e-6 0 -1 -4.28939e-6 0 1 1.37609e-7 0 0.9995902 -0.02863007 0 0.9995901 -0.02862977 0 -1 0 0 -0.999723 0.02353739 0 -0.999723 0.02353727 0 0.1775447 -0.9841127 0 0.1775431 -0.9841131 0 0.1775454 -0.9841127 0 0.1775425 -0.9841132 0 -0.2014636 0.979496 0 -0.2014636 0.9794961 0 0.9999873 -0.005056738 0 0.9999873 -0.005056738 0 0.9999873 -0.005056798 0 0.9999873 -0.005056738 0 -0.9999986 -0.001703143 0 -0.9999986 -0.001703143 0 -0.9999986 -0.001703083 0 -0.9999986 -0.001703083 0 0.9995901 0.02863031 0 -0.999723 -0.02353763 0 0.1775429 0.9841132 0 0.1775422 0.9841132 0 0.1775449 0.9841127 0 0.1775457 0.9841126 0 -0.2014642 -0.9794959 0 -0.2014661 -0.9794955 0 -0.2014636 -0.9794961 0 -0.2014667 -0.9794954 0 0.9999873 0.005056738 0 0.9999873 0.005056798 0 0.9999873 0.005056679 0 0.9999873 0.005056679 0 -0.9999986 0.00170505 0 -0.9999986 0.001704216 0 -0.9999986 0.001706123 0 -0.9999986 0.001703143 1 -1.58938e-6 0 1 -4.48176e-7 0 -1 3.17877e-6 0 -1 1.47863e-6 0 1 7.43684e-6 0 1 6.02904e-6 0 -1 -1.19298e-7 0 -1 -1.54714e-6 0 1 -2.63264e-5 0 1 -3.21299e-5 0 -1 1.03239e-6 0 1 -1.58939e-6 0 1 -4.48167e-7 0 -1 -3.17877e-6 0 -1 -2.0609e-6 0 1 7.43676e-6 0 1 6.02893e-6 0 -1 -3.88349e-6 0 -1 -3.09063e-6 0 1 -2.63263e-5 0 1 -3.21297e-5 0 -1 -1.03239e-6 0 0 1 -1.10562e-6 0 0.9995889 -0.02867269 0 1 -2.35477e-6 0 0.9995889 -0.02867239 0 -1 7.93519e-7 0 -1 0 0 -0.9997222 0.02357441 0 -0.9997221 0.02357602 0 0.1775447 -0.9841127 0 0.1775444 -0.9841128 0 0.1775457 -0.9841126 0 -0.2014624 0.9794963 0 -0.201462 0.9794964 0 -0.2014635 0.9794961 0 -0.2014639 0.979496 0 0.9999874 -0.005033791 0 0.9999874 -0.005033791 0 0.9999874 -0.00503385 0 0.9999874 -0.005033791 0 -0.9999986 -0.001732289 0 -0.9999986 -0.001733422 0 -0.9999986 -0.001731514 0 -0.9999986 -0.001730382 0 0.9995889 0.02867048 0 0.9995889 0.02867269 0 -0.9997222 -0.02357232 0 -0.9997223 -0.0235722 0 0.1775429 0.9841132 0 0.1775425 0.9841132 0 0.1775439 0.9841129 0 0.1775444 0.9841128 0 -0.2014633 -0.9794961 0 -0.2014658 -0.9794955 0 -0.2014623 -0.9794963 0 0.9999874 0.005033791 0 0.9999874 0.005033791 0 -0.9999985 0.001730382 0 -0.9999985 0.001730382 0 -0.9999986 0.001730382 0 -0.9999986 0.001730382 -1 -1.5894e-6 0 -1 -1.32156e-6 0 1 -5.3758e-6 0 1 -4.63606e-6 0 -1 1.03922e-5 0 -1 6.79924e-6 0 1 -1.54857e-6 0 -1 -2.37454e-5 0 -1 -3.21296e-5 0 1 -1.5894e-6 0 1 -1.03043e-6 0 -1 1.5894e-6 0 -1 1.32157e-6 0 1 -5.52557e-6 0 1 -4.63607e-6 0 -1 7.52701e-6 0 -1 6.95489e-6 0 1 -1.54858e-6 0 -1 1.54858e-6 0 0 1 0 0 0.9995889 -0.02867281 0 0.9995889 -0.02867269 0 -1 0 0 -0.9997222 0.02357244 0 -0.9997222 0.02357256 0 0.1775439 -0.9841129 0 0.1775447 -0.9841127 0 0.1775436 -0.9841129 0 0.177545 -0.9841127 0 -0.2014631 0.9794962 0 -0.201463 0.9794962 0 -0.2014632 0.9794962 0 -0.2014633 0.9794961 0 0.9999874 -0.00503385 0 -0.9999985 -0.001730382 0 -0.9999986 -0.001730382 0 0.9995889 0.02867293 0 -0.9997222 -0.02357256 0 0.1775436 0.984113 0 0.1775436 0.9841129 0 0.1775434 0.984113 0 0.1775434 0.984113 0 -0.2014643 -0.9794959 0 -0.2014636 -0.9794961 0 -0.2014646 -0.9794959 0 -0.2014633 -0.9794961 0 0.9999874 0.00503385 0 0.9999874 0.00503385 0 -0.9999986 0.001731514 0 -0.9999986 0.001732349 0 -0.9999986 0.001733422 1 7.94773e-6 0 1 2.37497e-6 0 1 1.21682e-5 0 1 -5.3758e-6 0 1 -4.63606e-6 0 -1 -5.3758e-6 0 -1 -4.63606e-6 0 -1 -1.54857e-6 0 1 -1.5894e-6 0 1 -1.03043e-6 0 1 5.22587e-6 0 1 4.63606e-6 0 -1 -7.16763e-6 0 -1 -4.48205e-6 0 1 1.54858e-6 0 -1 2.5294e-5 0 -1 3.21297e-5 0 0 1 -1.03919e-6 0 0.9995889 -0.02867084 0 1 -2.0843e-6 0 0.9995889 -0.02867323 0 -1 8.43929e-7 0 -0.9997222 0.02357333 0 -0.9997221 0.02357655 0 0.1775442 -0.9841128 0 0.1775459 -0.9841125 0 0.1775436 -0.984113 0 0.1775465 -0.9841125 0 -0.2014619 0.9794964 0 -0.2014618 0.9794964 0 -0.2014621 0.9794964 0 -0.2014621 0.9794963 0 0.9999874 -0.00503391 0 0.9999874 -0.00503391 0 0.9999874 -0.00503391 0 0.9999874 -0.00503385 0 -0.9999986 -0.001732349 0 -0.9999986 -0.001733481 0 -0.9999986 -0.001731514 0 0.999589 0.02866876 0 0.9995889 0.02867323 0 -0.9997223 -0.02357119 0 -0.9997221 -0.02357274 0 0.1775434 0.984113 0 0.1775433 0.984113 0 0.1775435 0.9841129 0 0.1775436 0.984113 0 -0.2014628 -0.9794963 0 -0.2014644 -0.979496 0 -0.2014621 -0.9794963 0 -0.201465 -0.9794958 0 0.9999874 0.00503391 0 0.9999874 0.005033969 0 0.9999874 0.00503385 0 -0.9999985 0.001730442 0 -0.9999985 0.001730442 0 -0.9999986 0.001730442 0 -0.9999986 0.001730442 1 -1.74848e-5 0 1 -4.74995e-6 0 1 -2.53667e-5 0 1 -1.49848e-7 0 -1 -3.58387e-6 0 -1 -3.0907e-6 0 -1 -1.03238e-6 0 1 1.5894e-6 0 1 4.48161e-7 0 1 6.89843e-6 0 1 4.63449e-6 0 -1 -7.16764e-6 0 -1 -6.18142e-6 0 1 3.09715e-6 0 -1 -2.06477e-6 0 0 1 0 0 0.9995889 -0.02867263 0 1 0 0 0.9995889 -0.02867263 0 -1 0 0 -1 0 0 -0.9997222 0.02357059 0 -0.9997222 0.02357226 0 0.1775445 -0.9841129 0 0.1775445 -0.9841129 0 -0.2014629 0.9794962 0 -0.2014628 0.9794963 0 -0.2014632 0.9794961 0 0.9999874 -0.005033791 0 0.9999874 -0.005033791 0 0.9999874 -0.005033791 0 0.9999874 -0.005033791 0 -0.9999986 -0.001730382 0 -0.9999986 -0.001730382 0 -0.9999986 -0.001730382 0 -0.9999986 -0.001730382 0 0.9995889 0.02867287 0 0.9995889 0.02867287 0 -0.9997223 -0.02357077 0 -0.9997222 -0.02357244 0 0.1775433 0.984113 0 -0.2014641 -0.979496 0 -0.2014635 -0.9794961 0 -0.2014644 -0.979496 0 -0.2014632 -0.9794962 0 0.9999874 0.005033791 0 0.9999874 0.005033791 0 -0.9999986 0.001732587 0 -0.9999986 0.001734256 0 -0.9999986 0.001730382 0 -0.9999986 0.001736462 1 3.97349e-7 0 1 0 0 -1 -7.94699e-7 0 -1 -5.15216e-7 0 1 -3.65116e-6 0 1 -3.47747e-6 0 -1 -1.86686e-6 0 -1 -1.54535e-6 0 1 -7.74284e-7 0 -1 -5.1619e-7 0 1 3.9735e-7 0 1 0 0 1 0 0 1 -3.86732e-7 0 -1 8.95953e-7 0 -1 7.72677e-7 0 1 2.58096e-7 0 -1 2.58096e-7 0 0 1 -1.0724e-6 0 0.9995889 -0.02867054 0 1 -2.28478e-6 0 0.9995889 -0.02867281 0 -1 8.01228e-7 0 -1 0 0 -0.9997222 0.0235747 0 -0.9997221 0.02357637 0 0.1775443 -0.9841129 0 0.1775446 -0.9841128 0 0.1775442 -0.9841128 0 0.1775447 -0.9841127 0 -0.2014635 0.9794961 0 -0.2014636 0.979496 0 -0.2014633 0.9794961 0 -0.2014632 0.9794962 0 0.9999874 -0.00503385 0 0.9999874 -0.00503385 0 0.9999874 -0.00503385 0 -0.9999985 -0.001734256 0 -0.9999986 -0.001736462 0 -0.9999985 -0.001732587 0 0.999589 0.0286684 0 0.9995889 0.02867311 0 -0.9997222 -0.02357262 0 -0.9997222 -0.02357262 0 0.1775432 0.9841131 0 0.1775431 0.9841131 0 0.1775434 0.984113 0 0.1775434 0.984113 0 -0.2014648 -0.9794958 0 -0.2014639 -0.979496 0 -0.2014651 -0.9794957 0 -0.2014636 -0.979496 0 0.9999874 0.00503385 0 -0.9999986 0.001730382 0 -0.9999986 0.001730382 0 -0.9999986 0.001730382 0 -0.9999986 0.001730382 1 1.45566e-7 0 -1 -4.76855e-6 0 -1 -1.18749e-6 0 -1 -6.59929e-6 0 1 -1.68718e-6 0 1 -1.15859e-6 0 -1 -1.86686e-6 0 -1 -1.12051e-6 0 -1 6.32349e-6 0 -1 8.0324e-6 0 -1 7.947e-7 0 -1 5.15216e-7 0 1 -1.79191e-6 0 1 -1.54536e-6 0 -1 -8.21031e-7 0 -1 -3.47835e-7 0 1 -5.16192e-7 0 -1 6.58165e-6 0 -1 8.0325e-6 0 0.0071401 0.9999746 5.69762e-6 0.007134854 0.9999746 4.40017e-6 0.0071401 0.9999746 -1.13955e-5 0.007132232 0.9999747 -2.27909e-5 0.00713098 0.9999746 -1.27493e-5 0.00713098 0.9999747 1.91241e-5 0.007135868 0.9999746 2.88922e-5 -0.007179856 -0.9999743 -4.55818e-5 -0.007160246 -0.9999744 -3.35384e-7 -0.007179856 -0.9999743 -5.69789e-6 -0.007144927 -0.9999746 -4.4624e-5 -0.007156968 -0.9999745 -7.977e-5 -0.007144927 -0.9999745 5.0999e-5 -0.007167637 -0.9999743 6.46946e-5 0.007200062 0.9999741 2.84895e-6 0.007206618 0.9999741 1.68058e-7 0.007200121 0.9999741 2.84903e-5 0.007216453 0.999974 1.13956e-5 0.007210612 0.999974 6.37469e-6 0.007210612 0.999974 -9.56195e-6 0.007208824 0.999974 -1.97403e-5 -0.007159948 -0.9999744 1.13953e-5 -0.007193922 -0.9999741 1.67584e-7 -0.007159948 -0.9999744 2.84883e-6 -0.007218897 -0.999974 1.59367e-5 -0.007211744 -0.999974 2.84886e-5 -0.007218956 -0.999974 -1.91243e-5 -0.007187783 -0.9999742 -2.09515e-5 0.007199764 0.9999741 -2.84877e-6 0.007206618 0.9999741 -1.67582e-7 0.007199764 0.9999741 1.70932e-5 0.007216632 0.999974 1.13957e-5 0.007210791 0.9999741 6.37492e-6 0.007210791 0.9999741 -3.18747e-6 0.007208824 0.999974 -1.36387e-5 -0.007160305 -0.9999744 1.13958e-5 -0.00716865 -0.9999744 1.67697e-7 -0.007160246 -0.9999744 2.84898e-6 -0.007175028 -0.9999743 -3.18742e-6 -0.007172167 -0.9999743 -5.69786e-6 -0.007174968 -0.9999743 0 -0.007166564 -0.9999744 -2.647e-6 0.007184803 0.9999742 3.56115e-7 0.007182002 0.9999743 1.4796e-7 0.007184743 0.9999743 -1.06831e-5 0.007176935 0.9999743 -8.54659e-6 0.007180392 0.9999743 -4.78098e-6 0.007180333 0.9999743 4.78095e-6 0.007180571 0.9999743 9.86999e-6 -0.007184922 -0.9999742 6.76613e-6 -0.007170379 -0.9999743 0 -0.007184982 -0.9999743 0 -0.007159948 -0.9999744 0 -0.007160007 -0.9999744 0 -0.007160007 -0.9999744 0 -0.00717163 -0.9999744 -3.05424e-6 0.007184982 0.9999742 1.78067e-7 0.00718218 0.9999743 0 0.007184922 0.9999742 -1.10395e-5 0.007177114 0.9999743 -9.25902e-6 0.007180571 0.9999743 -5.17965e-6 0.007180631 0.9999743 4.98051e-6 0.007180809 0.9999742 1.0061e-5 -0.007170081 -0.9999743 2.49281e-6 -0.007176935 -0.9999743 0 -0.007170081 -0.9999743 0 -0.007182061 -0.9999743 2.98807e-6 -0.007179915 -0.9999743 5.34156e-6 -0.007182061 -0.9999743 -2.98808e-6 -0.007175385 -0.9999743 -4.05948e-6 0.007140219 0.9999746 0 0.007160246 0.9999744 0 0.007140219 0.9999746 0 0.007171988 0.9999743 0 0.007174789 0.9999743 0 0.007174789 0.9999743 0 0.007157206 0.9999744 0 -0.007199704 -0.9999741 0 -0.007181107 -0.9999743 4.40023e-6 -0.007199704 -0.9999741 5.69767e-6 -0.007166743 -0.9999744 -6.37474e-6 -0.007176756 -0.9999743 -1.13956e-5 -0.007166802 -0.9999744 1.27495e-5 -0.007187426 -0.9999742 1.7497e-5 0.8546512 -0.005045175 0.5191782 0.854658 -0.005046665 0.519167 0.8546522 -0.005045413 0.5191764 0.854659 -0.005046904 0.5191652 -0.3622133 0.002139806 0.9320928 -0.3622133 0.002139806 0.9320929 -0.3622017 0.002137124 0.9320974 -0.3622017 0.002137124 0.9320974 -0.3622018 0.002137124 0.9320974 -0.9999826 0.005904972 0 -0.9999825 0.005907535 0 -0.9999826 0.005905389 0 -0.9999826 0.005907952 0 -0.3622102 0.002141594 -0.932094 -0.3622198 0.00214082 -0.9320904 -0.3622116 0.002141475 -0.9320935 -0.3622212 0.0021407 -0.9320898 0.8546494 -0.005048453 -0.519181 0.8546589 -0.005045711 -0.5191657 0.8546509 -0.005047976 -0.5191785 0.8546603 -0.005045235 -0.5191633 0.8546567 -0.005050063 0.519169 0.8546566 -0.005050063 0.5191692 0.8546567 -0.005050063 0.519169 0.8546566 -0.005050063 0.5191693 -0.3622201 0.002138972 0.9320902 -0.3622201 0.002138972 0.9320902 -0.3622208 0.0021407 0.9320899 -0.3622208 0.0021407 0.9320899 -0.9999825 0.005907952 0 -0.9999826 0.005907952 0 -0.9999825 0.005907952 0 -0.3622238 0.002138912 -0.9320887 -0.3622268 0.002139747 -0.9320876 -0.3622242 0.002139031 -0.9320886 -0.3622272 0.002139866 -0.9320874 0.8546594 -0.005048394 -0.5191647 0.8546573 -0.005051195 -0.519168 0.854659 -0.005048871 -0.5191652 0.8546571 -0.005051612 -0.5191686 0.8546462 -0.005045175 0.5191864 0.8546552 -0.005050778 0.5191714 0.8546476 -0.005046069 0.519184 0.8546568 -0.005051672 0.519169 -0.3622151 0.0021407 0.9320921 -0.3622049 0.002139091 0.9320961 -0.3622137 0.002140462 0.9320927 -0.3622034 0.002138853 0.9320967 -0.9999826 0.00590533 0 -0.9999825 0.005907535 0 -0.9999826 0.005904912 0 -0.3622112 0.002138912 -0.9320936 -0.3622086 0.002140462 -0.9320947 -0.3622108 0.002139151 -0.9320938 -0.3622082 0.002140641 -0.9320948 0.8546478 -0.005051553 -0.5191839 0.8546568 -0.005046069 -0.5191691 0.8546492 -0.005050718 -0.5191815 0.8546581 -0.005045175 -0.5191667 0.8546516 -0.005048453 0.5191773 0.854656 -0.005048453 0.5191701 0.8546525 -0.005048453 0.5191761 0.8546568 -0.005048453 0.519169 -0.3622151 0.0021407 0.9320922 -0.3622151 0.0021407 0.9320921 -0.3622151 0.0021407 0.9320922 -0.3622153 0.00214076 0.932092 -0.3622153 0.00214076 0.9320921 -0.3622153 0.00214076 0.932092 -0.9999825 0.005910992 0 -0.9999826 0.005910992 0 -0.9999826 0.005910992 0 -0.9999825 0.005910992 0 -0.3622122 0.0021407 -0.9320933 -0.362221 0.002139985 -0.9320898 -0.3622134 0.002140581 -0.9320928 -0.3622222 0.002139866 -0.9320893 0.8546519 -0.005048394 -0.5191771 0.854657 -0.005047023 -0.5191685 0.8546527 -0.005048215 -0.5191758 0.8546578 -0.005046844 -0.5191673 0.8546463 -0.005051553 0.5191861 0.8546457 -0.00504601 0.5191872 0.8546463 -0.005050659 0.5191863 0.8546456 -0.005045115 0.5191874 -0.362214 0.002138912 0.9320925 -0.362214 0.002138912 0.9320925 -0.362214 0.002138912 0.9320926 -0.3622045 0.002138912 0.9320962 -0.3622046 0.002138912 0.9320962 -0.3622046 0.002138912 0.9320963 -0.9999827 0.005904912 0 -0.9999827 0.00590229 0 -0.9999826 0.005904436 0 -0.9999826 0.005901873 0 -0.3622133 0.002138018 -0.9320929 -0.3622117 0.002139568 -0.9320935 -0.3622131 0.002138257 -0.932093 -0.3622114 0.002139747 -0.9320936 0.8546481 -0.005051553 -0.5191832 0.8546472 -0.00504601 -0.5191848 0.854648 -0.005050659 -0.5191835 0.854647 -0.005045115 -0.519185 0.8546487 -0.005046725 0.5191823 0.8546514 -0.005046784 0.5191778 0.8546491 -0.005046725 0.5191816 0.8546519 -0.005046784 0.5191771 -0.3622109 0.002139806 0.9320937 -0.3622069 0.002138257 0.9320954 -0.3622103 0.002139568 0.932094 -0.3622063 0.002138018 0.9320955 -0.9999826 0.005901873 0 -0.9999827 0.005904495 0 -0.9999826 0.00590229 0 -0.9999826 0.005904912 0 -0.3622109 0.002138018 -0.9320937 -0.362211 0.002139568 -0.9320937 -0.3622109 0.002138257 -0.9320937 -0.3622109 0.002139806 -0.9320937 0.8546492 -0.005048394 -0.5191814 0.8546523 -0.005045592 -0.5191764 0.8546497 -0.005047917 -0.5191806 0.8546527 -0.005045115 -0.5191756 0 -0.3407859 -0.940141 0 -0.3407859 -0.940141 0 -0.3407859 -0.940141 0 -0.3407841 -0.9401417 0 -0.340784 -0.9401416 0 -0.3407697 -0.9401469 0 -0.3407697 -0.9401468 0.001749932 -0.01115655 0.9999363 0.001749932 -0.01115655 0.9999362 0.4868162 -0.009038627 0.8734577 0.2506997 -0.01043933 0.9680086 0.4868237 -0.009030103 0.8734537 0.2506126 -0.0104441 0.9680312 -0.001710653 -0.01116085 0.9999363 -0.001710653 -0.01116096 0.9999363 2.6213e-4 -1 0 2.6213e-4 -1 0 2.6213e-4 -1 0 -9.14372e-5 1 4.47003e-6 0 1 6.76972e-6 -1.37156e-4 1 1.00019e-5 -9.14377e-5 1 -1.96859e-7 -1.37156e-4 1 1.93381e-6 0 1 7.9165e-7 0 1 6.26347e-6 -9.14376e-5 1 0 -2.83144e-4 1 0 -2.83339e-4 1 0 -2.83109e-4 1 0 -2.83374e-4 1 0 0 1 0 -9.14375e-5 1 0 -1.37156e-4 1 0 -1.37156e-4 1 0 0 -0.00679636 -0.9999769 0 -0.00679636 -0.999977 1.8833e-6 -0.00679934 -0.9999769 1.8833e-6 -0.00679934 -0.9999769 1.8833e-6 -0.00679934 -0.9999769 1.96697e-6 -0.006794214 -0.999977 1.96697e-6 -0.006794214 -0.9999769 1.96697e-6 -0.006794214 -0.999977 0 -0.006797313 -0.9999769 0 -0.006797313 -0.9999769 0 -0.006797313 -0.9999769 -1 -3.73592e-4 5.05629e-6 -1 -3.73592e-4 5.05629e-6 -1 -3.64959e-4 0 -1 -3.64959e-4 0 -1 -3.66765e-4 -6.55944e-7 -1 -3.66765e-4 -6.55944e-7 -1 -3.71928e-4 0 0 0.00446546 0.9999901 0 0.00446546 0.9999901 -1.38633e-6 0.00446695 0.9999901 -1.38787e-6 0.00446707 0.9999901 -1.38631e-6 0.00446695 0.9999901 -1.38791e-6 0.00446707 0.9999901 0 0.004468619 0.9999901 0 0.004468619 0.9999901 0.9999994 -0.001158475 0 0.9999994 -0.001159369 0 0.9999994 -0.001158177 0 0.9999994 -0.001156151 0 0.9999994 -0.001156985 0 0.9999994 -0.00115776 0 -0.07545435 0.9952934 -0.06080901 0.07523512 0.9953069 0.06085926 0.0752353 0.9953086 -0.06083047 -0.07545495 0.995294 0.06079894 0.1159843 0.9873788 0.1078466 0.02964043 0.9889797 0.1450539 0.1727458 0.9846129 0.02639174 0.172746 0.9846135 -0.02636259 0.1159849 0.9873819 -0.107818 0.02964049 0.9889864 -0.1450089 -0.02995216 0.9889888 -0.1449284 -0.1158797 0.9874062 -0.1077079 -0.1725842 0.984642 -0.02636402 -0.172586 0.9846417 0.02636408 -0.1158773 0.9874023 0.1077455 -0.0299496 0.9889914 0.1449105 0.4101563 0.3825646 0.8278987 0.2214901 0.4090408 0.8852276 0.1963483 0.4112955 0.8901031 0.4101473 0.3825592 0.8279057 0.9223136 0.3563484 0.1495102 0.8876324 0.3429464 0.307403 0.8876268 0.3429548 0.3074097 0.9205961 0.355678 0.1612327 0.9223118 0.3563523 -0.1495131 0.9205935 0.3556831 -0.1612367 0.8876318 0.3429472 -0.3074037 0.8876387 0.3429369 -0.3073955 0.1963474 0.4113235 -0.8900903 0.4101674 0.3825652 -0.8278929 0.4101372 0.3825649 -0.8279079 0.2215158 0.4090696 -0.8852078 -0.1965048 0.411254 -0.8900877 -0.221566 0.4090141 -0.885221 -0.4101504 0.3825531 -0.8279069 -0.4101626 0.3825626 -0.8278965 -0.9223144 0.3563405 -0.1495245 -0.8876236 0.342942 -0.3074334 -0.8876236 0.3429518 -0.3074222 -0.9205944 0.3556702 -0.1612597 -0.9223171 0.356335 0.1495215 -0.9205964 0.3556683 0.1612524 -0.8876292 0.3429285 0.3074319 -0.8876286 0.3429238 0.3074394 -0.1965199 0.4113121 0.8900576 -0.4101753 0.3825793 0.8278825 -0.4101939 0.3825574 0.8278834 -0.2215691 0.4090768 0.8851911 -0.07545381 0.9952934 -0.06080943 0.07523441 0.9953064 0.06086915 0.07523518 0.9953076 -0.0608499 -0.07545286 0.9952948 0.06079018 0.1159857 0.9873754 0.1078755 0.02964001 0.9889796 0.1450549 0.1727452 0.9846121 0.02642148 0.1727468 0.9846118 -0.02642142 0.1159851 0.9873756 -0.1078752 0.02963995 0.9889861 -0.1450107 -0.02994894 0.9889892 -0.1449265 -0.1158747 0.9874072 -0.1077047 -0.1725847 0.9846419 -0.02636325 -0.1725809 0.9846425 0.02636319 -0.115876 0.9874067 0.1077072 -0.02995032 0.9889953 0.1448835 0.4101417 0.3825536 0.827911 0.2214879 0.4090303 0.8852329 0.1963257 0.4112609 0.890124 0.4101865 0.3825989 0.8278678 0.9223148 0.3563448 0.1495125 0.8876332 0.3429406 0.3074072 0.8876302 0.3429412 0.307415 0.9205957 0.3556787 0.1612343 0.9223206 0.3563275 -0.149518 0.9205968 0.3556727 -0.1612408 0.8876303 0.3429446 -0.3074111 0.8876243 0.3429699 -0.3074002 0.1963433 0.4113302 -0.8900882 0.4101591 0.3825761 -0.827892 0.410132 0.3825582 -0.8279137 0.2215095 0.4090875 -0.8852012 -0.1965078 0.411264 -0.8900824 -0.22156 0.4090169 -0.8852212 -0.4101452 0.3825523 -0.8279098 -0.4101372 0.3825483 -0.8279157 -0.9223166 0.3563357 -0.149523 -0.8876283 0.3429328 -0.3074297 -0.8876262 0.3429439 -0.3074239 -0.9205977 0.355664 -0.1612545 -0.9223172 0.3563346 0.1495214 -0.9205965 0.3556681 0.1612525 -0.8876292 0.3429287 0.3074321 -0.8876279 0.3429247 0.3074402 -0.1965018 0.4112808 0.890076 -0.41014 0.3825443 0.827916 -0.4101409 0.382534 0.8279204 -0.2215576 0.4090391 0.8852115 -1 1.59986e-7 0 -1 -2.77394e-6 0 -1 -3.85678e-7 0 -1 2.46444e-6 0 1 1.1522e-6 0 1 2.46442e-6 0 1 2.46444e-6 0 -1 0 0 -1 -1.73372e-7 0 -1 -1.78131e-7 0 -1 0 0 -1 0 0 1 -1.59977e-7 0 1 -2.46444e-6 0 1 3.85646e-7 0 1 2.77395e-6 0 0.2004307 0.965641 0.1654235 -0.1804669 0.9650228 0.1901655 0.1776819 0.9664893 0.1852771 -0.2120808 0.9634285 0.1637904 -0.1804625 0.9650241 -0.1901624 -0.2120761 0.9634288 -0.1637948 0.200435 0.9656379 -0.1654371 0.1776852 0.9664874 -0.1852843 0 0.8379675 0.5457202 0 0.8379549 0.5457395 0 0.8379648 0.5457243 0 0.8379522 0.5457437 0 -0.3407849 0.9401413 0 -0.3407846 0.9401415 0 -0.3407849 0.9401413 0 -0.3407844 0.9401414 0 -0.3407812 -0.9401427 0 -0.3407812 -0.9401428 0 -0.3407812 -0.9401428 0 0.8379504 -0.5457465 0 0.8379621 -0.5457286 0 0.8379529 -0.5457426 0 0.8379645 -0.5457248 0 0.8379666 0.5457217 0 0.8379545 0.5457403 0 0.8379639 0.5457256 0 0.8379518 0.5457442 0 -0.340795 0.9401376 0 -0.3407802 0.9401431 0 -0.340792 0.9401387 0 -0.3407772 0.9401441 0 -0.3407848 -0.9401414 0 -0.3407848 -0.9401414 0 0.8379498 -0.5457476 0 0.8379617 -0.545729 0 0.8379523 -0.5457435 0 0.8379644 -0.545725 0 0.8379651 0.5457239 0 0.8379525 0.5457432 0 0.8379624 0.545728 0 0.8379499 0.5457474 0 -0.3407917 0.9401389 0 -0.3407821 0.9401423 0 -0.3407897 0.9401397 0 -0.3407931 -0.9401383 0 -0.3407931 -0.9401384 0 0.8379499 -0.5457474 0 0.8379614 -0.5457295 0 0.8379523 -0.5457435 0 0.8379639 -0.5457258 0 -1 0 0 -1 2.69286e-7 0 -0.9995905 -0.02861618 0 -0.99959 -0.02863556 0 1 0 0 0.999722 0.02357816 0 0.9997224 0.02356463 0 -0.1775425 -0.9841132 0 -0.1775422 -0.9841132 0 -0.1775433 -0.984113 0 -0.1775436 -0.9841129 0 0.2014623 0.9794963 0 0.2014604 0.9794967 0 0.2014629 0.9794962 0 0.2014598 0.9794968 0 -0.9999873 -0.005038917 0 -0.9999874 -0.005038857 0 -0.9999873 -0.005038917 0 -0.9999874 -0.005038917 0 0.9999986 -0.001721262 0 0.9999986 -0.001721322 0 0.9999986 -0.001721262 0 0.9999986 -0.001721322 0 -0.9995905 0.02861618 0 -0.99959 0.02863502 0 0.999722 -0.02357834 0 0.9997223 -0.02356499 0 -0.1775425 0.9841132 0 -0.1775433 0.984113 0 -0.1775422 0.9841132 0 -0.1775436 0.9841129 0 0.2014629 -0.9794962 0 0.2014629 -0.9794962 0 -0.9999873 0.005038917 0 -0.9999873 0.005038917 0 -0.9999874 0.005038857 0 -0.9999874 0.005038917 0 0.9999985 0.001721322 0 0.9999986 0.001721262 0 0.9999985 0.001721322 0 0.9999985 0.001721322 1 1.58956e-5 0 1 9.49998e-6 0 1 2.43365e-5 0 -1 -3.17874e-6 0 -1 4.75001e-6 0 -1 -1.47861e-6 0 1 -1.07516e-5 0 1 -7.57263e-6 0 -1 7.28703e-6 0 -1 7.7284e-6 0 1 2.42604e-5 0 1 3.21284e-5 0 -1 1.03238e-6 0 1 1.58956e-5 0 1 2.43366e-5 0 -1 1.58956e-5 0 -1 2.43366e-5 0 1 -1.07514e-5 0 1 -7.57264e-6 0 -1 -7.16762e-6 0 -1 -6.18134e-6 0 1 2.42605e-5 0 1 3.21285e-5 0 -1 -2.06478e-6 0 0 -1 0 0 -0.9995895 -0.02865391 0 -0.99959 -0.02863478 0 1 0 0 0.9997209 0.02362626 0 1 0 0 0.9997209 0.0236262 0 -0.1775438 -0.9841129 0 -0.1775429 -0.9841132 0 -0.177546 -0.9841125 0 -0.1775469 -0.9841124 0 0.2014638 0.9794961 0 0.2014632 0.9794961 0 0.2014639 0.979496 0 -0.9999874 -0.00503242 0 -0.9999874 -0.005024969 0 -0.9999874 -0.005018472 0 0.9999985 -0.001745522 0 0.9999985 -0.001745522 0 0.9999986 -0.001745522 0 0.9999986 -0.001745522 0 -0.9995894 0.02865403 0 0.9997209 -0.02362632 0 0.9997209 -0.0236262 0 -0.1775425 0.9841132 0 -0.1775456 0.9841126 0 -0.1775413 0.9841135 0 -0.1775469 0.9841124 0 0.2014653 -0.9794957 0 0.2014656 -0.9794956 0 0.2014647 -0.9794958 0 0.2014645 -0.9794959 0 -0.9999874 0.00503242 0 -0.9999874 0.005024909 0 -0.9999875 0.005018413 0 0.9999986 0.001745522 0 0.9999986 0.001745522 0 0.9999986 0.001745522 0 0.9999986 0.001745522 1 -6.35809e-6 0 1 -4.75003e-6 0 1 -1.11377e-5 0 -1 2.91129e-7 0 1 1.94178e-6 0 1 1.54535e-6 0 -1 -6.95822e-6 0 -1 -3.70854e-6 0 1 5.16189e-7 0 -1 2.47767e-5 0 -1 3.21284e-5 0 1 -6.35811e-6 0 1 -1.14289e-5 0 -1 1.5894e-6 0 -1 1.03042e-6 0 1 0 0 1 -7.73465e-7 0 -1 -1.64206e-6 0 -1 -1.54536e-6 0 1 5.16192e-7 0 -1 -5.16192e-7 0 0 -1 1.36423e-7 0 -1 1.3405e-7 0 -0.9995889 -0.02867281 0 -0.9995889 -0.02867293 0 1 0 0 0.9997212 0.02361297 0 1 0 0 0.9997209 0.02362656 0 -0.1775454 -0.9841127 0 -0.1775453 -0.9841127 0 -0.1775458 -0.9841125 0 -0.1775459 -0.9841125 0 0.2014639 0.979496 0 -0.9999873 -0.005046427 0 -0.9999873 -0.005059301 0 -0.9999874 -0.005031466 0 -0.9999875 -0.005018532 0 0.9999985 -0.001738965 0 0.9999985 -0.001752078 0 0.9999985 -0.001769781 0 -0.9995889 0.02867311 0 -0.9995889 0.02867323 0 0.9997212 -0.02361303 0 0.9997209 -0.02362656 0 -0.1775441 0.9841129 0 -0.1775454 0.9841127 0 -0.1775459 0.9841125 0 0.2014644 -0.979496 0 0.2014639 -0.979496 0 0.2014652 -0.9794957 0 -0.9999874 0.005046427 0 -0.9999874 0.005031466 0 -0.9999873 0.005059301 0 -0.9999875 0.005018532 0 0.9999986 0.001739025 0 0.9999986 0.001721322 0 0.9999985 0.001752138 0 0.9999985 0.00176984 -1 -2.37502e-6 0 1 7.16774e-6 0 1 6.18141e-6 0 -1 3.58387e-6 0 -1 3.09071e-6 0 1 2.06476e-6 0 -1 1.03238e-6 0 1 -1.5894e-6 0 1 -1.03042e-6 0 -1 -6.35811e-6 0 -1 -1.11378e-5 0 1 -3.73367e-6 0 1 -3.09071e-6 0 -1 5.52558e-6 0 -1 4.63607e-6 0 1 -1.03238e-6 0 -1 1.54858e-6 0 0 -1 1.35829e-7 0 -0.9995899 -0.02863562 0 -0.9995911 -0.02859795 0 1 0 0 0.999722 0.02358233 0 0.9997217 0.02359586 0 -0.1775453 -0.9841127 0 -0.1775434 -0.984113 0 -0.1775427 -0.9841132 0 0.201465 0.9794957 0 0.201465 0.9794958 0 -0.9999874 -0.005045473 0 -0.9999874 -0.005039036 0 -0.9999873 -0.005052924 0 -0.9999873 -0.005059361 0 0.9999986 -0.001712501 0 0.9999986 -0.001705944 0 0.9999985 -0.001721322 0 0.9999986 -0.001697063 0 -0.99959 0.02863591 0 -0.9995911 0.02859848 0 0.999722 -0.02358257 0 0.9997216 -0.02359622 0 -0.1775434 0.984113 0 -0.1775453 0.9841127 0 -0.1775427 0.9841132 0 0.201465 -0.9794958 0 0.201465 -0.9794958 0 -0.9999873 0.005045413 0 -0.9999873 0.005052924 0 -0.9999873 0.005059361 0 0.9999985 0.001712501 0 0.9999986 0.001705944 0 0.9999986 0.001697063 -1 -3.17878e-6 0 -1 -2.06089e-6 0 1 -1.07516e-5 0 1 -9.27203e-6 0 -1 -2.99694e-7 0 -1 1.69936e-6 0 1 -3.09715e-6 0 -1 2.73593e-5 0 -1 3.21304e-5 0 -1 3.17878e-6 0 -1 2.64316e-6 0 1 3.58381e-6 0 1 3.09068e-6 0 -1 4.30256e-6 0 -1 4.63768e-6 0 1 1.03239e-6 0 0 -1 0 0 -1 0 0 -0.9995889 -0.02867269 0 -0.9995889 -0.02867275 0 1 0 0 0.9997214 0.02360898 0 1 0 0 0.9997217 0.02359551 0 -0.1775456 -0.9841126 0 -0.1775456 -0.9841126 0 -0.1775453 -0.9841127 0 0.2014634 0.9794961 0 0.2014644 0.9794959 0 0.2014647 0.9794958 0 -0.9999873 -0.005046367 0 -0.9999873 -0.005059301 0 -0.9999874 -0.005031406 0 -0.9999875 -0.005018532 0 0.9999985 -0.001738965 0 0.9999985 -0.001752078 0 0.9999986 -0.001721322 0 0.9999985 -0.001769781 0 -0.9995889 0.02867287 0 -0.9995889 0.02867293 0 0.9997214 -0.0236091 0 0.9997217 -0.02359569 0 -0.1775443 0.9841128 0 -0.1775441 0.9841128 0 -0.1775444 0.9841128 0 -0.177544 0.9841129 0 0.2014641 -0.979496 0 0.2014638 -0.979496 0 0.2014651 -0.9794957 0 -0.9999874 0.005046367 0 -0.9999874 0.005031406 0 -0.9999873 0.005059301 0 -0.9999875 0.005018472 0 0.9999986 0.001738965 0 0.9999985 0.001721322 0 0.9999985 0.001752078 0 0.9999985 0.001769781 1 7.947e-7 0 1 3.69648e-7 0 -1 3.9735e-7 0 -1 2.57606e-7 0 1 -2.71774e-6 0 1 -2.27995e-6 0 -1 0 0 1 6.32323e-6 0 1 8.03209e-6 0 -1 -3.9735e-7 0 -1 -2.57606e-7 0 1 -1.79191e-6 0 1 -1.12051e-6 0 -1 8.58492e-7 0 -1 7.72678e-7 0 1 6.32323e-6 0 1 8.03212e-6 0 0 -1 0 0 -1 0 0 -0.9995889 -0.02867287 0 -0.9995889 -0.02867281 0 1 0 0 0.9997213 0.02360922 0 1 0 0 0.9997217 0.02359569 0 -0.1775456 -0.9841126 0 -0.1775448 -0.9841128 0 -0.1775444 -0.9841128 0 0.2014638 0.9794961 0 0.2014632 0.9794962 0 -0.9999874 -0.005032479 0 -0.9999874 -0.005025029 0 -0.9999875 -0.005018532 0 0.9999985 -0.001745581 0 0.9999985 -0.001745522 0 0.9999986 -0.001745581 0 0.9997214 -0.02360928 0 0.9997217 -0.0235958 0 -0.1775446 0.9841127 0 -0.1775451 0.9841127 0 -0.1775428 0.9841132 0 0.2014648 -0.9794958 0 -0.9999874 0.005032479 0 -0.9999874 0.005024969 0 0.9999986 0.001745581 0 0.9999986 0.001745581 1 -7.947e-7 0 1 -6.60777e-7 0 -1 4.76844e-6 0 -1 1.1875e-6 0 -1 6.59929e-6 0 1 2.50822e-6 0 1 1.93127e-6 0 -1 1.86686e-6 0 -1 1.12051e-6 0 1 1.03238e-6 0 -1 -6.32323e-6 0 -1 -8.03209e-6 0 -1 -7.947e-7 0 -1 -6.60776e-7 0 1 1.79191e-6 0 1 1.54536e-6 0 -1 -1.79694e-7 0 -1 -3.86733e-7 0 0 1 1.65238e-5 0 1 0 0 1 8.52089e-6 -2.25117e-4 -1 2.37661e-4 0 -1 3.79891e-4 -1.12994e-5 -1 3.79557e-4 -1.07596e-4 -1 1.04404e-4 0 1 2.55558e-5 0 1 -9.84125e-6 0 -1 -2.57088e-5 0 -1 -8.49039e-6 0 1 8.3128e-6 0 1 -2.2924e-5 0.001091182 -0.999999 -9.61136e-4 6.34794e-4 -0.9999997 -4.95602e-4 0 1 2.28304e-7 -4.61856e-5 -1 -2.90717e-5 -4.34262e-5 -1 -2.80496e-5 0 1 -1.73581e-5 0 1 -1.22547e-5 -0.001017212 -0.9999992 -7.78086e-4 -6.37486e-4 -0.9999997 -5.01954e-4 0 1 -9.8863e-6 0 1 4.43028e-6 0 -1 -4.43028e-6 0 1 3.43537e-6 0 1 1.41721e-5 2.70326e-4 -1 2.49711e-4 1.10112e-4 -1 9.47252e-5 1.23253e-5 -1 3.63751e-4 0 -1 3.63077e-4 -0.9999992 0 -0.001259982 -0.9690483 0 -0.2468714 -0.9999992 0 -0.001259982 -0.9690571 0 -0.2468369 0.9999898 0 -0.004532337 0.9999898 0 -0.004532337 0.969758 0 0.2440684 0.9697657 0 0.2440385 -0.7710756 0 -0.6367437 -0.7710836 0 -0.6367341 0.7710765 0 0.6367427 0.7710745 0 0.636745 -0.6349197 0 -0.7725782 -0.6349316 0 -0.7725684 0.6349222 0 0.7725761 0.6349162 0 0.7725811 0.001093864 0 -0.9999994 0.002299785 0 -0.9999974 0.001093864 0 -0.9999995 0.002299785 0 -0.9999974 -1.36458e-5 0 1 -1.36609e-5 0 1 2.48402e-7 0 1 2.27328e-7 0 1 0.003505468 0 -0.9999939 0.003505468 0 -0.9999939 1.32255e-5 0 1 1.31677e-5 0 1 0.6349245 0 -0.7725743 0.7710753 0 -0.6367441 0.6349273 0 -0.7725719 0.7710747 0 -0.6367447 -0.6349136 0 0.7725833 -0.6349162 0 0.7725811 -0.7710762 0 0.6367431 -0.7710744 0 0.6367451 0.9690389 0 -0.2469084 0.9690468 0 -0.2468771 -0.9696553 0 0.2444761 -0.9696624 0 0.2444483 0.9999991 0 -0.001325607 0.9999992 0 -0.001325607 -0.9999933 0 -0.003677904 -0.9999933 0 -0.003677904 0 1 -1.4118e-5 0 1 0 0 1 -7.37114e-6 -2.2512e-4 -1 2.36461e-4 -1.12996e-5 -1 3.79496e-4 -1.07597e-4 -1 1.17804e-4 0 1 1.47777e-5 0 1 8.49057e-6 0 -1 5.54224e-6 0 -1 -2.71544e-6 0 1 3.28493e-6 0 1 -2.566e-5 0.001091182 -0.999999 -9.66013e-4 6.34798e-4 -0.9999997 -5.48294e-4 0 1 0 -4.61876e-5 -1 -2.89945e-5 -4.3427e-5 -1 -2.80496e-5 -0.001017212 -0.9999992 -7.78087e-4 -6.37485e-4 -0.9999997 -5.01953e-4 0 1 2.26635e-5 0 1 1.32892e-5 0 -1 4.4303e-6 0 1 7.78796e-6 0 1 1.31039e-5 2.70323e-4 -1 2.53914e-4 1.10111e-4 -1 1.22017e-4 0 1 9.24453e-7 0 1 1.07822e-6 1.23249e-5 -1 3.65733e-4 0 -1 3.65246e-4 -0.9690469 0 -0.2468771 -0.9690557 0 -0.2468426 0.9999898 0 -0.004532575 0.9999898 0 -0.004532575 0.969758 0 0.2440683 0.9697657 0 0.2440384 -0.7710777 0 -0.6367412 -0.7710818 0 -0.6367361 0.7710707 0 0.6367495 0.7710725 0 0.6367474 -0.6349288 0 -0.7725706 0.6349136 0 0.7725833 0.002299785 0 -0.9999974 0.6349195 0 -0.7725784 0.7710714 0 -0.6367487 0.634913 0 -0.7725837 0.771077 0 -0.6367418 -0.6349185 0 0.7725791 -0.6349299 0 0.7725699 -0.7710797 0 0.6367388 0.9690393 0 -0.2469064 0.9690482 0 -0.2468716 -0.9696555 0 0.2444759 -0.9696625 0 0.2444479 0.9999991 0 -0.001326084 0.9999992 0 -0.001326084 -0.9999933 0 -0.003678619 -0.9999933 0 -0.003678619 0 1 0 0 1 0 -0.7071078 0 0.7071058 -0.7071059 0 0.7071078 -0.7071058 0 0.7071078 0.7071078 0 0.7071058 0.7071059 0 0.7071078 0.7071058 0 0.7071078 0 -1 0 0 -1 0 0 1 0 0 1 0 -0.7071079 0 0.7071058 0.7071079 0 0.7071058 0 -1 0 0 -1 0</float_array>
          <technique_common>
            <accessor source="#Cube_003-mesh-normals-array" count="3479" stride="3">
              <param name="X" type="float"/>
              <param name="Y" type="float"/>
              <param name="Z" type="float"/>
            </accessor>
          </technique_common>
        </source>
        <source id="Cube_003-mesh-map-0">
          <float_array id="Cube_003-mesh-map-0-array" count="16254">0 0 0 0 0 0 0 0 0 0 0 0 0 0 0 0 0 0 0 0 0 0 0 0 0 0 0 0 0 0 0 0 0 0 0 0 0 0 0 0 0 0 0 0 0 0 0 0 0 0 0 0 0 0 0 0 0 0 0 0 0 0 0 0 0 0 0 0 0 0 0 0 0 0 0 0 0 0 0 0 0 0 0 0 0 0 0 0 0 0 0 0 0 0 0 0 0 0 0 0 0 0 0 0 0 0 0 0 0 0 0 0 0 0 0 0 0 0 0 0 0 0 0 0 0 0 0 0 0 0 0 0 0 0 0 0 0 0 0 0 0 0 0 0 0 0 0 0 0 0 0 0 0 0 0 0 0 0 0 0 0 0 0 0 0 0 0 0 0 0 0 0 0 0 0 0 0 0 0 0 0 0 0 0 0 0 0 0 0 0 0 0 0 0 0 0 0 0 0 0 0 0 0 0 0 0 0 0 0 0 0 0 0 0 0 0 0 0 0 0 0 0 0 0 0 0 0 0 0 0 0 0 0 0 0 0 0 0 0 0 0 0 0 0 0 0 0 0 0 0 0 0 0 0 0 0 0 0 0 0 0 0 0 0 0 0 0 0 0 0 0 0 0 0 0 0 0 0 0 0 0 0 0 0 0 0 0 0 0 0 0 0 0 0 0 0 0 0 0 0 0 0 0 0 0 0 0 0 0 0 0 0 0 0 0 0 0 0 0 0 0 0 0 0 0 0 0 0 0 0 0 0 0 0 0 0 0 0 0 0 0 0 0 0 0 0 0 0 0 0 0 0 0 0 0 0 0 0 0 0 0 0 0 0 0 0 0 0 0 0 0 0 0 0 0 0 0 0 0 0 0 0 0 0 0 0 0 0 0 0 0 0 0 0 0 0 0 0 0 0 0 0 0 0 0 0 0 0 0 0 0 0 0 0 0 0 0 0 0 0 0 0 0 0 0 0 0 0 0 0 0 0 0 0 0 0 0 0 0 0 0 0 0 0 0 0 0 0 0 0 0 0 0 0 0 0 0 0 0 0 0 0 0 0 0 0 0 0 0 0 0 0 0 0 0 0 0 0 0 0 0 0 0 0 0 0 0 0 0 0 0 0 0 0 0 0 0 0 0 0 0 0 0 0 0 0 0 0 0 0 0 0 0 0 0 0 0 0 0 0 0 0 0 0 0 0 0 0 0 0 0 0 0 0 0 0 0 0 0 0 0 0 0 0 0 0 0 0 0 0 0 0 0 0 0 0 0 0 0 0 0 0 0 0 0 0 0 0 0 0 0 0 0 0 0 0 0 0 0 0 0 0 0 0 0 0 0 0 0 0 0 0 0 0 0 0 0 0 0 0 0 0 0 0 0 0 0 0 0 0 0 0 0 0 0 0 0 0 0 0 0 0 0 0 0 0 0 0 0 0 0 0 0 0 0 0 0 0 0 0 0 0 0 0 0 0 0 0 0 0 0 0 0 0 0 0 0 0 0 0 0 0 0 0 0 0 0 0 0 0 0 0 0 0 0 0 0 0 0 0 0 0 0 0 0 0 0 0 0 0 0 0 0 0 0 0 0 0 0 0 0 0 0 0 0 0 0 0 0 0 0 0 0 0 0 0 0 0 0 0 0 0 0 0 0 0 0 0 0 0 0 0 0 0 0 0 0 0 0 0 0 0 0 0 0 0 0 0 0 0 0 0 0 0 0 0 0 0 0 0 0 0 0 0 0 0 0 0 0 0 0 0 0 0 0 0 0 0 0 0 0 0 0 0 0 0 0 0 0 0 0 0 0 0 0 0 0 0 0 0 0 0 0 0 0 0 0 0 0 0 0 0 0 0 0 0 0 0 0 0 0 0 0 0 0 0 0 0 0 0 0 0 0 0 0 0 0 0 0 0 0 0 0 0 0 0 0 0 0 0 0 0 0 0 0 0 0 0 0 0 0 0 0 0 0 0 0 0 0 0 0 0 0 0 0 0 0 0 0 0 0 0 0 0 0 0 0 0 0 0 0 0 0 0 0 0 0 0 0 0 0 0 0 0 0 0 0 0 0 0 0 0 0 0 0 0 0 0 0 0 0 0 0 0 0 0 0 0 0 0 0 0 0 0 0 0 0 0 0 0 0 0 0 0 0 0 0 0 0 0 0 0 0 0 0 0 0 0 0 0 0 0 0 0 0 0 0 0 0 0 0 0 0 0 0 0 0 0 0 0 0 0 0 0 0 0 0 0 0 0 0 0 0 0 0 0 0 0 0 0 0 0 0 0 0 0 0 0 0 0 0 0 0 0 0 0 0 0 0 0 0 0 0 0 0 0 0 0 0 0 0 0 0 0 0 0 0 0 0 0 0 0 0 0 0 0 0 0 0 0 0 0 0 0 0 0 0 0 0 0 0 0 0 0 0 0 0 0 0 0 0 0 0 0 0 0 0 0 0 0 0 0 0 0 0 0 0 0 0 0 0 0 0 0 0 0 0 0 0 0 0 0 0 0 0 0 0 0 0 0 0 0 0 0 0 0 0 0 0 0 0 0 0 0 0 0 0 0 0 0 0 0 0 0 0 0 0 0 0 0 0 0 0 0 0 0 0 0 0 0 0 0 0 0 0 0 0 0 0 0 0 0 0 0 0 0 0 0 0 0 0 0 0 0 0 0 0 0 0 0 0 0 0 0 0 0 0 0 0 0 0 0 0 0 0 0 0 0 0 0 0 0 0 0 0 0 0 0 0 0 0 0 0 0 0 0 0 0 0 0 0 0 0 0 0 0 0 0 0 0 0 0 0 0 0 0 0 0 0 0 0 0 0 0 0 0 0 0 0 0 0 0 0 0 0 0 0 0 0 0 0 0 0 0 0 0 0 0 0 0 0 0 0 0 0 0 0 0 0 0 0 0 0 0 0 0 0 0 0 0 0 0 0 0 0 0 0 0 0 0 0 0 0 0 0 0 0 0 0 0 0 0 0 0 0 0 0 0 0 0 0 0 0 0 0 0 0 0 0 0 0 0 0 0 0 0 0 0 0 0 0 0 0 0 0 0 0 0 0 0 0 0 0 0 0 0 0 0 0 0 0 0 0 0 0 0 0 0 0 0 0 0 0 0 0 0 0 0 0 0 0 0 0 0 0 0 0 0 0 0 0 0 0 0 0 0 0 0 0 0 0 0 0 0 0 0 0 0 0 0 0 0 0 0 0 0 0 0 0 0 0 0 0 0 0 0 0 0 0 0 0 0 0 0 0 0 0 0 0 0 0 0 0 0 0 0 0 0 0 0 0 0 0 0 0 0 0 0 0 0 0 0 0 0 0 0 0 0 0 0 0 0 0 0 0 0 0 0 0 0 0 0 0 0 0 0 0 0 0 0 0 0 0 0 0 0 0 0 0 0 0 0 0 0 0 0 0 0 0 0 0 0 0 0 0 0 0 0 0 0 0 0 0 0 0 0 0 0 0 0 0 0 0 0 0 0 0 0 0 0 0 0 0 0 0 0 0 0 0 0 0 0 0 0 0 0 0 0 0 0 0 0 0 0 0 0 0 0 0 0 0 0 0 0 0 0 0 0 0 0 0 0 0 0 0 0 0 0 0 0 0 0 0 0 0 0 0 0 0 0 0 0 0 0 0 0 0 0 0 0 0 0 0 0 0 0 0 0 0 0 0 0 0 0 0 0 0 0 0 0 0 0 0 0 0 0 0 0 0 0 0 0 0 0 0 0 0 0 0 0 0 0 0 0 0 0 0 0 0 0 0 0 0 0 0 0 0 0 0 0 0 0 0 0 0 0 0 0 0 0 0 0 0 0 0 0 0 0 0 0 0 0 0 0 0 0 0 0 0 0 0 0 0 0 0 0 0 0 0 0 0 0 0 0 0 0 0 0 0 0 0 0 0 0 0 0 0 0 0 0 0 0 0 0 0 0 0 0 0 0 0 0 0 0 0 0 0 0 0 0 0 0 0 0 0 0 0 0 0 0 0 0 0 0 0 0 0 0 0 0 0 0 0 0 0 0 0 0 0 0 0 0 0 0 0 0 0 0 0 0 0 0 0 0 0 0 0 0 0 0 0 0 0 0 0 0 0 0 0 0 0 0 0 0 0 0 0 0 0 0 0 0 0 0 0 0 0 0 0 0 0 0 0 0 0 0 0 0 0 0 0 0 0 0 0 0 0 0 0 0 0 0 0 0 0 0 0 0 0 0 0 0 0 0 0 0 0 0 0 0 0 0 0 0 0 0 0 0 0 0 0 0 0 0 0 0 0 0 0 0 0 0 0 0 0 0 0 0 0 0 0 0 0 0 0 0 0 0 0 0 0 0 0 0 0 0 0 0 0 0 0 0 0 0 0 0 0 0 0 0 0 0 0 0 0 0 0 0 0 0 0 0 0 0 0 0 0 0 0 0 0 0 0 0 0 0 0 0 0 0 0 0 0 0 0 0 0 0 0 0 0 0 0 0 0 0 0 0 0 0 0 0 0 0 0 0 0 0 0 0 0 0 0 0 0 0 0 0 0 0 0 0 0 0 0 0 0 0 0 0 0 0 0 0 0 0 0 0 0 0 0 0 0 0 0 0 0 0 0 0 0 0 0 0 0 0 0 0 0 0 0 0 0 0 0 0 0 0 0 0 0 0 0 0 0 0 0 0 0 0 0 0 0 0 0 0 0 0 0 0 0 0 0 0 0 0 0 0 0 0 0 0 0 0 0 0 0 0 0 0 0 0 0 0 0 0 0 0 0 0 0 0 0 0 0 0 0 0 0 0 0 0 0 0 0 0 0 0 0 0 0 0 0 0 0 0 0 0 0 0 0 0 0 0 0 0 0 0 0 0 0 0 0 0 0 0 0 0 0 0 0 0 0 0 0 0 0 0 0 0 0 0 0 0 0 0 0 0 0 0 0 0 0 0 0 0 0 0 0 0 0 0 0 0 0 0 0 0 0 0 0 0 0 0 0 0 0 0 0 0 0 0 0 0 0 0 0 0 0 0 0 0 0 0 0 0 0 0 0 0 0 0 0 0 0 0 0 0 0 0 0 0 0 0 0 0 0 0 0 0 0 0 0 0 0 0 0 0 0 0 0 0 0 0 0 0 0 0 0 0 0 0 0 0 0 0 0 0 0 0 0 0 0 0 0 0 0 0 0 0 0 0 0 0 0 0 0 0 0 0 0 0 0 0 0 0 0 0 0 0 0 0 0 0 0 0 0 0 0 0 0 0 0 0 0 0 0 0 0 0 0 0 0 0 0 0 0 0 0 0 0 0 0 0 0 0 0 0 0 0 0 0 0 0 0 0 0 0 0 0 0 0 0 0 0 0 0 0 0 0 0 0 0 0 0 0 0 0 0 0 0 0 0 0 0 0 0 0 0 0 0 0 0 0 0 0 0 0 0 0 0 0 0 0 0 0 0 0 0 0 0 0 0 0 0 0 0 0 0 0 0 0 0 0 0 0 0 0 0 0 0 0 0 0 0 0 0 0 0 0 0 0 0 0 0 0 0 0 0 0 0 0 0 0 0 0 0 0 0 0 0 0 0 0 0 0 0 0 0 0 0 0 0 0 0 0 0 0 0 0 0 0 0 0 0 0 0 0 0 0 0 0 0 0 0 0 0 0 0 0 0 0 0 0 0 0 0 0 0 0 0 0 0 0 0 0 0 0 0 0 0 0 0 0 0 0 0 0 0 0 0 0 0 0 0 0 0 0 0 0 0 0 0 0 0 0 0 0 0 0 0 0 0 0 0 0 0 0 0 0 0 0 0 0 0 0 0 0 0 0 0 0 0 0 0 0 0 0 0 0 0 0 0 0 0 0 0 0 0 0 0 0 0 0 0 0 0 0 0 0 0 0 0 0 0 0 0 0 0 0 0 0 0 0 0 0 0 0 0 0 0 0 0 0 0 0 0 0 0 0 0 0 0 0 0 0 0 0 0 0 0 0 0 0 0 0 0 0 0 0 0 0 0 0 0 0 0 0 0 0 0 0 0 0 0 0 0 0 0 0 0 0 0 0 0 0 0 0 0 0 0 0 0 0 0 0 0 0 0 0 0 0 0 0 0 0 0 0 0 0 0 0 0 0 0 0 0 0 0 0 0 0 0 0 0 0 0 0 0 0 0 0 0 0 0 0 0 0 0 0 0 0 0 0 0 0 0 0 0 0 0 0 0 0 0 0 0 0 0 0 0 0 0 0 0 0 0 0 0 0 0 0 0 0 0 0 0 0 0 0 0 0 0 0 0 0 0 0 0 0 0 0 0 0 0 0 0 0 0 0 0 0 0 0 0 0 0 0 0 0 0 0 0 0 0 0 0 0 0 0 0 0 0 0 0 0 0 0 0 0 0 0 0 0 0 0 0 0 0 0 0 0 0 0 0 0 0 0 0 0 0 0 0 0 0 0 0 0 0 0 0 0 0 0 0 0 0 0 0 0 0 0 0 0 0 0 0 0 0 0 0 0 0 0 0 0 0 0 0 0 0 0 0 0 0 0 0 0 0 0 0 0 0 0 0 0 0 0 0 0 0 0 0 0 0 0 0 0 0 0 0 0 0 0 0 0 0 0 0 0 0 0 0 0 0 0 0 0 0 0 0 0 0 0 0 0 0 0 0 0 0 0 0 0 0 0 0 0 0 0 0 0 0 0 0 0 0 0 0 0 0 0 0 0 0 0 0 0 0 0 0 0 0 0 0 0 0 0 0 0 0 0 0 0 0 0 0 0 0 0 0 0 0 0 0 0 0 0 0 0 0 0 0 0 0 0 0 0 0 0 0 0 0 0 0 0 0 0 0 0 0 0 0 0 0 0 0 0 0 0 0 0 0 0 0 0 0 0 0 0 0 0 0 0 0 0 0 0 0 0 0 0 0 0 0 0 0 0 0 0 0 0 0 0 0 0 0 0 0 0 0 0 0 0 0 0 0 0 0 0 0 0 0 0 0 0 0 0 0 0 0 0 0 0 0 0 0 0 0 0 0 0 0 0 0 0 0 0 0 0 0 0 0 0 0 0 0 0 0 0 0 0 0 0 0 0 0 0 0 0 0 0 0 0 0 0 0 0 0 0 0 0 0 0 0 0 0 0 0 0 0 0 0 0 0 0 0 0 0 0 0 0 0 0 0 0 0 0 0 0 0 0 0 0 0 0 0 0 0 0 0 0 0 0 0 0 0 0 0 0 0 0 0 0 0 0 0 0 0 0 0 0 0 0 0 0 0 0 0 0 0 0 0 0 0 0 0 0 0 0 0 0 0 0 0 0 0 0 0 0 0 0 0 0 0 0 0 0 0 0 0 0 0 0 0 0 0 0 0 0 0 0 0 0 0 0 0 0 0 0 0 0 0 0 0 0 0 0 0 0 0 0 0 0 0 0 0 0 0 0 0 0 0 0 0 0 0 0 0 0 0 0 0 0 0 0 0 0 0 0 0 0 0 0 0 0 0 0 0 0 0 0 0 0 0 0 0 0 0 0 0 0 0 0 0 0 0 0 0 0 0 0 0 0 0 0 0 0 0 0 0 0 0 0 0 0 0 0 0 0 0 0 0 0 0 0 0 0 0 0 0 0 0 0 0 0 0 0 0 0 0 0 0 0 0 0 0 0 0 0 0 0 0 0 0 0 0 0 0 0 0 0 0 0 0 0 0 0 0 0 0 0 0 0 0 0 0 0 0 0 0 0 0 0 0 0 0 0 0 0 0 0 0 0 0 0 0 0 0 0 0 0 0 0 0 0 0 0 0 0 0 0 0 0 0 0 0 0 0 0 0 0 0 0 0 0 0 0 0 0 0 0 0 0 0 0 0 0 0 0 0 0 0 0 0 0 0 0 0 0 0 0 0 0 0 0 0 0 0 0 0 0 0 0 0 0 0 0 0 0 0 0 0 0 0 0 0 0 0 0 0 0 0 0 0 0 0 0 0 0 0 0 0 0 0 0 0 0 0 0 0 0 0 0 0 0 0 0 0 0 0 0 0 0 0 0 0 0 0 0 0 0 0 0 0 0 0 0 0 0 0 0 0 0 0 0 0 0 0 0 0 0 0 0 0 0 0 0 0 0 0 0 0 0 0 0 0 0 0 0 0 0 0 0 0 0 0 0 0 0 0 0 0 0 0 0 0 0 0 0 0 0 0 0 0 0 0 0 0 0 0 0 0 0 0 0 0 0 0 0 0 0 0 0 0 0 0 0 0 0 0 0 0 0 0 0 0 0 0 0 0 0 0 0 0 0 0 0 0 0 0 0 0 0 0 0 0 0 0 0 0 0 0 0 0 0 0 0 0 0 0 0 0 0 0 0 0 0 0 0 0 0 0 0 0 0 0 0 0 0 0 0 0 0 0 0 0 0 0 0 0 0 0 0 0 0 0 0 0 0 0 0 0 0 0 0 0 0 0 0 0 0 0 0 0 0 0 0 0 0 0 0 0 0 0 0 0 0 0 0 0 0 0 0 0 0 0 0 0 0 0 0 0 0 0 0 0 0 0 0 0 0 0 0 0 0 0 0 0 0 0 0 0 0 0 0 0 0 0 0 0 0 0 0 0 0 0 0 0 0 0 0 0 0 0 0 0 0 0 0 0 0 0 0 0 0 0 0 0 0 0 0 0 0 0 0 0 0 0 0 0 0 0 0 0 0 0 0 0 0 0 0 0 0 0 0 0 0 0 0 0 0 0 0 0 0 0 0 0 0 0 0 0 0 0 0 0 0 0 0 0 0 0 0 0 0 0 0 0 0 0 0 0 0 0 0 0 0 0 0 0 0 0 0 0 0 0 0 0 0 0 0 0 0 0 0 0 0 0 0 0 0 0 0 0 0 0 0 0 0 0 0 0 0 0 0 0 0 0 0 0 0 0 0 0 0 0 0 0 0 0 0 0 0 0 0 0 0 0 0 0 0 0 0 0 0 0 0 0 0 0 0 0 0 0 0 0 0 0 0 0 0 0 0 0 0 0 0 0 0 0 0 0 0 0 0 0 0 0 0 0 0 0 0 0 0 0 0 0 0 0 0 0 0 0 0 0 0 0 0 0 0 0 0 0 0 0 0 0 0 0 0 0 0 0 0 0 0 0 0 0 0 0 0 0 0 0 0 0 0 0 0 0 0 0 0 0 0 0 0 0 0 0 0 0 0 0 0 0 0 0 0 0 0 0 0 0 0 0 0 0 0 0 0 0 0 0 0 0 0 0 0 0 0 0 0 0 0 0 0 0 0 0 0 0 0 0 0 0 0 0 0 0 0 0 0 0 0 0 0 0 0 0 0 0 0 0 0 0 0 0 0 0 0 0 0 0 0 0 0 0 0 0 0 0 0 0 0 0 0 0 0 0 0 0 0 0 0 0 0 0 0 0 0 0 0 0 0 0 0 0 0 0 0 0 0 0 0 0 0 0 0 0 0 0 0 0 0 0 0 0 0 0 0 0 0 0 0 0 0 0 0 0 0 0 0 0 0 0 0 0 0 0 0 0 0 0 0 0 0 0 0 0 0 0 0 0 0 0 0 0 0 0 0 0 0 0 0 0 0 0 0 0 0 0 0 0 0 0 0 0 0 0 0 0 0 0 0 0 0 0 0 0 0 0 0 0 0 0 0 0 0 0 0 0 0 0 0 0 0 0 0 0 0 0 0 0 0 0 0 0 0 0 0 0 0 0 0 0 0 0 0 0 0 0 0 0 0 0 0 0 0 0 0 0 0 0 0 0 0 0 0 0 0 0 0 0 0 0 0 0 0 0 0 0 0 0 0 0 0 0 0 0 0 0 0 0 0 0 0 0 0 0 0 0 0 0 0 0 0 0 0 0 0 0 0 0 0 0 0 0 0 0 0 0 0 0 0 0 0 0 0 0 0 0 0 0 0 0 0 0 0 0 0 0 0 0 0 0 0 0 0 0 0 0 0 0 0 0 0 0 0 0 0 0 0 0 0 0 0 0 0 0 0 0 0 0 0 0 0 0 0 0 0 0 0 0 0 0 0 0 0 0 0 0 0 0 0 0 0 0 0 0 0 0 0 0 0 0 0 0 0 0 0 0 0 0 0 0 0 0 0 0 0 0 0 0 0 0 0 0 0 0 0 0 0 0 0 0 0 0 0 0 0 0 0 0 0 0 0 0 0 0 0 0 0 0 0 0 0 0 0 0 0 0 0 0 0 0 0 0 0 0 0 0 0 0 0 0 0 0 0 0 0 0 0 0 0 0 0 0 0 0 0 0 0 0 0 0 0 0 0 0 0 0 0 0 0 0 0 0 0 0 0 0 0 0 0 0 0 0 0 0 0 0 0 0 0 0 0 0 0 0 0 0 0 0 0 0 0 0 0 0 0 0 0 0 0 0 0 0 0 0 0 0 0 0 0 0 0 0 0 0 0 0 0 0 0 0 0 0 0 0 0 0 0 0 0 0 0 0 0 0 0 0 0 0 0 0 0 0 0 0 0 0 0 0 0 0 0 0 0 0 0 0 0 0 0 0 0 0 0 0 0 0 0 0 0 0 0 0 0 0 0 0 0 0 0 0 0 0 0 0 0 0 0 0 0 0 0 0 0 0 0 0 0 0 0 0 0 0 0 0 0 0 0 0 0 0 0 0 0 0 0 0 0 0 0 0 0 0 0 0 0 0 0 0 0 0 0 0 0 0 0 0 0 0 0 0 0 0 0 0 0 0 0 0 0 0 0 0 0 0 0 0 0 0 0 0 0 0 0 0 0 0 0 0 0 0 0 0 0 0 0 0 0 0 0 0 0 0 0 0 0 0 0 0 0 0 0 0 0 0 0 0 0 0 0 0 0 0 0 0 0 0 0 0 0 0 0 0 0 0 0 0 0 0 0 0 0 0 0 0 0 0 0 0 0 0 0 0 0 0 0 0 0 0 0 0 0 0 0 0 0 0 0 0 0 0 0 0 0 0 0 0 0 0 0 0 0 0 0 0 0 0 0 0 0 0 0 0 0 0 0 0 0 0 0 0 0 0 0 0 0 0 0 0 0 0 0 0 0 0 0 0 0 0 0 0 0 0 0 0 0 0 0 0 0 0 0 0 0 0 0 0 0 0 0 0 0 0 0 0 0 0 0 0 0 0 0 0 0 0 0 0 0 0 0 0 0 0 0 0 0 0 0 0 0 0 0 0 0 0 0 0 0 0 0 0 0 0 0 0 0 0 0 0 0 0 0 0 0 0 0 0 0 0 0 0 0 0 0 0 0 0 0 0 0 0 0 0 0 0 0 0 0 0 0 0 0 0 0 0 0 0 0 0 0 0 0 0 0 0 0 0 0 0 0 0 0 0 0 0 0 0 0 0 0 0 0 0 0 0 0 0 0 0 0 0 0 0 0 0 0 0 0 0 0 0 0 0 0 0 0 0 0 0 0 0 0 0 0 0 0 0 0 0 0 0 0 0 0 0 0 0 0 0 0 0 0 0 0 0 0 0 0 0 0 0 0 0 0 0 0 0 0 0 0 0 0 0 0 0 0 0 0 0 0 0 0 0 0 0 0 0 0 0 0 0 0 0 0 0 0 0 0 0 0 0 0 0 0 0 0 0 0 0 0 0 0 0 0 0 0 0 0 0 0 0 0 0 0 0 0 0 0 0 0 0 0 0 0 0 0 0 0 0 0 0 0 0 0 0 0 0 0 0 0 0 0 0 0 0 0 0 0 0 0 0 0 0 0 0 0 0 0 0 0 0 0 0 0 0 0 0 0 0 0 0 0 0 0 0 0 0 0 0 0 0 0 0 0 0 0 0 0 0 0 0 0 0 0 0 0 0 0 0 0 0 0 0 0 0 0 0 0 0 0 0 0 0 0 0 0 0 0 0 0 0 0 0 0 0 0 0 0 0 0 0 0 0 0 0 0 0 0 0 0 0 0 0 0 0 0 0 0 0 0 0 0 0 0 0 0 0 0 0 0 0 0 0 0 0 0 0 0 0 0 0 0 0 0 0 0 0 0 0 0 0 0 0 0 0 0 0 0 0 0 0 0 0 0 0 0 0 0 0 0 0 0 0 0 0 0 0 0 0 0 0 0 0 0 0 0 0 0 0 0 0 0 0 0 0 0 0 0 0 0 0 0 0 0 0 0 0 0 0 0 0 0 0 0 0 0 0 0 0 0 0 0 0 0 0 0 0 0 0 0 0 0 0 0 0 0 0 0 0 0 0 0 0 0 0 0 0 0 0 0 0 0 0 0 0 0 0 0 0 0 0 0 0 0 0 0 0 0 0 0 0 0 0 0 0 0 0 0 0 0 0 0 0 0 0 0 0 0 0 0 0 0 0 0 0 0 0 0 0 0 0 0 0 0 0 0 0 0 0 0 0 0 0 0 0 0 0 0 0 0 0 0 0 0 0 0 0 0 0 0 0 0 0 0 0 0 0 0 0 0 0 0 0 0 0 0 0 0 0 0 0 0 0 0 0 0 0 0 0 0 0 0 0 0 0 0 0 0 0 0 0 0 0 0 0 0 0 0 0 0 0 0 0 0 0 0 0 0 0 0 0 0 0 0 0 0 0 0 0 0 0 0 0 0 0 0 0 0 0 0 0 0 0 0 0 0 0 0 0 0 0 0 0 0 0 0 0 0 0 0 0 0 0 0 0 0 0 0 0 0 0 0 0 0 0 0 0 0 0 0 0 0 0 0 0 0 0 0 0 0 0 0 0 0 0 0 0 0 0 0 0 0 0 0 0 0 0 0 0 0 0 0 0 0 0 0 0 0 0 0 0 0 0 0 0 0 0 0 0 0 0 0 0 0 0 0 0 0 0 0 0 0 0 0 0 0 0 0 0 0 0 0 0 0 0 0 0 0 0 0 0 0 0 0 0 0 0 0 0 0 0 0 0 0 0 0 0 0 0 0 0 0 0 0 0 0 0 0 0 0 0 0 0 0 0 0 0 0 0 0 0 0 0 0 0 0 0 0 0 0 0 0 0 0 0 0 0 0 0 0 0 0 0 0 0 0 0 0 0 0 0 0 0 0 0 0 0 0 0 0 0 0 0 0 0 0 0 0 0 0 0 0 0 0 0 0 0 0 0 0 0 0 0 0 0 0 0 0 0 0 0 0 0 0 0 0 0 0 0 0 0 0 0 0 0 0 0 0 0 0 0 0 0 0 0 0 0 0 0 0 0 0 0 0 0 0 0 0 0 0 0 0 0 0 0 0 0 0 0 0 0 0 0 0 0 0 0 0 0 0 0 0 0 0 0 0 0 0 0 0 0 0 0 0 0 0 0 0 0 0 0 0 0 0 0 0 0 0 0 0 0 0 0 0 0 0 0 0 0 0 0 0 0 0 0 0 0 0 0 0 0 0 0 0 0 0 0 0 0 0 0 0 0 0 0 0 0 0 0 0 0 0 0 0 0 0 0 0 0 0 0 0 0 0 0 0 0 0 0 0 0 0 0 0 0 0 0 0 0 0 0 0 0 0 0 0 0 0 0 0 0 0 0 0 0 0 0 0 0 0 0 0 0 0 0 0 0 0 0 0 0 0 0 0 0 0 0 0 0 0 0 0 0 0 0 0 0 0 0 0 0 0 0 0 0 0 0 0 0 0 0 0 0 0 0 0 0 0 0 0 0 0 0 0 0 0 0 0 0 0 0 0 0 0 0 0 0 0 0 0 0 0 0 0 0 0 0 0 0 0 0 0 0 0 0 0 0 0 0 0 0 0 0 0 0 0 0 0 0 0 0 0 0 0 0 0 0 0 0 0 0 0 0 0 0 0 0 0 0 0 0 0 0 0 0 0 0 0 0 0 0 0 0 0 0 0 0 0 0 0 0 0 0 0 0 0 0 0 0 0 0 0 0 0 0 0 0 0 0 0 0 0 0 0 0 0 0 0 0 0 0 0 0 0 0 0 0 0 0 0 0 0 0 0 0 0 0 0 0 0 0 0 0 0 0 0 0 0 0 0 0 0 0 0 0 0 0 0 0 0 0 0 0 0 0 0 0 0 0 0 0 0 0 0 0 0 0 0 0 0 0 0 0 0 0 0 0 0 0 0 0 0 0 0 0 0 0 0 0 0 0 0 0 0 0 0 0 0 0 0 0 0 0 0 0 0 0 0 0 0 0 0 0 0 0 0 0 0 0 0 0 0 0 0 0 0 0 0 0 0 0 0 0 0 0 0 0 0 0 0 0 0 0 0 0 0 0 0 0 0 0 0 0 0 0 0 0 0 0 0 0 0 0 0 0 0 0 0 0 0 0 0 0 0 0 0 0 0 0 0 0 0 0 0 0 0 0 0 0 0 0 0 0 0 0 0 0 0 0 0 0 0 0 0 0 0 0 0 0 0 0 0 0 0 0 0 0 0 0 0 0 0 0 0 0 0 0 0 0 0 0 0 0 0 0 0 0 0 0 0 0 0 0 0 0 0 0 0 0 0 0 0 0 0 0 0 0 0 0 0 0 0 0 0 0 0 0 0 0 0 0 0 0 0 0 0 0 0 0 0 0 0 0 0 0 0 0 0 0 0 0 0 0 0 0 0 0 0 0 0 0 0 0 0 0 0 0 0 0 0 0 0 0 0 0 0 0 0 0 0 0 0 0 0 0 0 0 0 0 0 0 0 0 0 0 0 0 0 0 0 0 0 0 0 0 0 0 0 0 0 0 0 0 0 0 0 0 0 0 0 0 0 0 0 0 0 0 0 0 0 0 0 0 0 0 0 0 0 0 0 0 0 0 0 0 0 0 0 0 0 0 0 0 0 0 0 0 0 0 0 0 0 0 0 0 0 0 0 0 0 0 0 0 0 0 0 0 0 0 0 0 0 0 0 0 0 0 0 0 0 0 0 0 0 0 0 0 0 0 0 0 0 0 0 0 0 0 0 0 0 0 0 0 0 0 0 0 0 0 0 0 0 0 0 0 0 0 0 0 0 0 0 0 0 0 0 0 0 0 0 0 0 0 0 0 0 0 0 0 0 0 0 0 0 0 0 0 0 0 0 0 0 0 0 0 0 0 0 0 0 0 0 0 0 0 0 0 0 0 0 0 0 0 0 0 0 0 0 0 0 0 0 0 0 0 0 0 0 0 0 0 0 0 0 0 0 0 0 0 0 0 0 0 0 0 0 0 0 0 0 0 0 0 0 0 0 0 0 0 0 0 0 0 0 0 0 0 0 0 0 0 0 0 0 0 0 0 0 0 0 0 0 0 0 0 0 0 0 0 0 0 0 0 0 0 0 0 0 0 0 0 0 0 0 0 0 0 0 0 0 0 0 0 0 0 0 0 0 0 0 0 0 0 0 0 0 0 0 0 0 0 0 0 0 0 0 0 0 0 0 0 0 0 0 0 0 0 0 0 0 0 0 0 0 0 0 0 0 0 0 0 0 0 0 0 0 0 0 0 0 0 0 0 0 0 0 0 0 0 0 0 0 0 0 0 0 0 0 0 0 0 0 0 0 0 0 0 0 0 0 0 0 0 0 0 0 0 0 0 0 0 0 0 0 0 0 0 0 0 0 0 0 0 0 0 0 0 0 0 0 0 0 0 0 0 0 0 0 0 0 0 0 0 0 0 0 0 0 0 0 0 0 0 0 0 0 0 0 0 0 0 0 0 0 0 0 0 0 0 0 0 0 0 0 0 0 0 0 0 0 0 0 0 0 0 0 0 0 0 0 0 0 0 0 0 0 0 0 0 0 0 0 0 0 0 0 0 0 0 0 0 0 0 0 0 0 0 0 0 0 0 0 0 0 0 0 0 0 0 0 0 0 0 0 0 0 0 0 0 0 0 0 0 0 0 0 0 0 0 0 0 0 0 0 0 0 0 0 0 0 0 0 0 0 0 0 0 0 0 0 0 0 0 0 0 0 0 0 0 0 0 0 0 0 0 0 0 0 0 0 0 0 0 0 0 0 0 0 0 0 0 0 0 0 0 0 0 0 0 0 0 0 0 0 0 0 0 0 0 0 0 0 0 0 0 0 0 0 0 0 0 0 0 0 0 0 0 0 0 0 0 0 0 0 0 0 0 0 0 0 0 0 0 0 0 0 0 0 0 0 0 0 0 0 0 0 0 0 0 0 0 0 0 0 0 0 0 0 0 0 0 0 0 0 0 0 0 0 0 0 0 0 0 0 0 0 0 0 0 0 0 0 0 0 0 0 0 0 0 0 0 0 0 0 0 0 0 0 0 0 0 0 0 0 0 0 0 0 0 0 0 0 0 0 0 0 0 0 0 0 0 0 0 0 0 0 0 0 0 0 0 0 0 0 0 0 0 0 0 0 0 0 0 0 0 0 0 0 0 0 0 0 0 0 0 0 0 0 0 0 0 0 0 0 0 0 0 0 0 0 0 0 0 0 0 0 0 0 0 0 0 0 0 0 0 0 0 0 0 0 0 0 0 0 0 0 0 0 0 0 0 0 0 0 0 0 0 0 0 0 0 0 0 0 0 0 0 0 0 0 0 0 0 0 0 0 0 0 0 0 0 0 0 0 0 0 0 0 0 0 0 0 0 0 0 0 0 0 0 0 0 0 0 0 0 0 0 0 0 0 0 0 0 0 0 0 0 0 0 0 0 0 0 0 0 0 0 0 0 0 0 0 0 0 0 0 0 0 0 0 0 0 0 0 0 0 0 0 0 0 0 0 0 0 0 0 0 0 0 0 0 0 0 0 0 0 0 0 0 0 0 0 0 0 0 0 0 0 0 0 0 0 0 0 0 0 0 0 0 0 0 0 0 0 0 0 0 0 0 0 0 0 0 0 0 0 0 0 0 0 0 0 0 0 0 0 0 0 0 0 0 0 0 0 0 0 0 0 0 0 0 0 0 0 0 0 0 0 0 0 0 0 0 0 0 0 0 0 0 0 0 0 0 0 0 0 0 0 0 0 0 0 0 0 0 0 0 0 0 0 0 0 0 0 0 0 0 0 0 0 0 0 0 0 0 0 0 0 0 0 0 0 0 0 0 0 0 0 0 0 0 0 0 0 0 0 0 0 0 0 0 0 0 0 0 0 0 0 0 0 0 0 0 0 0 0 0 0 0 0 0 0 0 0 0 0 0 0 0 0 0 0 0 0 0 0 0 0 0 0 0 0 0 0 0 0 0 0 0 0 0 0 0 0 0 0 0 0 0 0 0 0 0 0 0 0 0 0 0 0 0 0 0 0 0 0 0 0 0 0 0 0 0 0 0 0 0 0 0 0 0 0 0 0 0 0 0 0 0 0 0 0 0 0 0 0 0 0 0 0 0 0 0 0 0 0 0 0 0 0 0 0 0 0 0 0 0 0 0 0 0 0 0 0 0 0 0 0 0 0 0 0 0 0 0 0 0 0 0 0 0 0 0 0 0 0 0 0 0 0 0 0 0 0 0 0 0 0 0 0 0 0 0 0 0 0 0 0 0 0 0 0 0 0 0 0 0 0 0 0 0 0 0 0 0 0 0 0 0 0 0 0 0 0 0 0 0 0 0 0 0 0 0 0 0 0 0 0 0 0 0 0 0 0 0 0 0 0 0 0 0 0 0 0 0 0 0 0 0 0 0 0 0 0 0 0 0 0 0 0 0 0 0 0 0 0 0 0 0 0 0 0 0 0 0 0 0 0 0 0 0 0 0 0 0 0 0 0 0 0 0 0 0 0 0 0 0 0 0 0 0 0 0 0 0 0 0 0 0 0 0 0 0 0 0 0 0 0 0 0 0 0 0 0 0 0 0 0 0 0 0 0 0 0 0 0 0 0 0 0 0 0 0 0 0 0 0 0 0 0 0 0 0 0 0 0 0 0 0 0 0 0 0 0 0 0 0 0 0 0 0 0 0 0 0 0 0 0 0 0 0 0 0 0 0 0 0 0 0 0 0 0 0 0 0 0 0 0 0 0 0 0 0 0 0 0 0 0 0 0 0 0 0 0 0 0 0 0 0 0 0 0 0 0 0 0 0 0 0 0 0 0 0 0 0 0 0 0 0 0 0 0 0 0 0 0 0 0 0 0 0 0 0 0 0 0 0 0 0 0 0 0 0 0 0 0 0 0 0 0 0 0 0 0 0 0 0 0 0 0 0 0 0 0 0 0 0 0 0 0 0 0 0 0 0 0 0 0 0 0 0 0 0 0 0 0 0 0 0 0 0 0 0 0 0 0 0 0 0 0 0 0 0 0 0 0 0 0 0 0 0 0 0 0 0 0 0 0 0 0 0 0 0 0 0 0 0 0 0 0 0 0 0 0 0 0 0 0 0 0 0 0 0 0 0 0 0 0 0 0 0 0 0 0 0 0 0 0 0 0 0 0 0 0 0 0 0 0 0 0 0 0 0 0 0 0 0 0 0 0 0 0 0 0 0 0 0 0 0 0 0 0 0 0 0 0 0 0 0 0 0 0 0 0 0 0 0 0 0 0 0 0 0 0 0 0 0 0 0 0 0 0 0 0 0 0 0 0 0 0 0 0 0 0 0 0 0 0 0 0 0 0 0 0 0 0 0 0 0 0 0 0 0 0 0 0 0 0 0 0 0 0 0 0 0 0 0 0 0 0 0 0 0 0 0 0 0 0 0 0 0 0 0 0 0 0 0 0 0 0 0 0 0 0 0 0 0 0 0 0 0 0 0 0 0 0 0 0 0 0 0 0 0 0 0 0 0 0 0 0 0 0 0 0 0 0 0 0 0 0 0 0 0 0 0 0 0 0 0 0 0 0 0 0 0 0 0 0 0 0 0 0 0 0 0 0 0 0 0 0 0 0 0 0 0 0 0 0 0 0 0 0 0 0 0 0 0 0 0 0 0 0 0 0 0 0 0 0 0 0 0 0 0 0 0 0 0 0 0 0 0 0 0 0 0 0 0 0 0 0 0 0 0 0 0 0 0 0 0 0 0 0 0 0 0 0 0 0 0 0 0 0 0 0 0 0 0 0 0 0 0 0 0 0 0 0 0 0 0 0 0 0 0 0 0 0 0 0 0 0 0 0 0 0 0 0 0 0 0 0 0 0 0 0 0 0 0 0 0 0 0 0 0 0 0 0 0 0 0 0 0 0 0 0 0 0 0 0 0 0 0 0 0 0 0 0 0 0 0 0 0 0 0 0 0 0 0 0 0 0 0 0 0 0 0 0 0 0 0 0 0 0 0 0 0 0 0 0 0 0 0 0 0 0 0 0 0 0 0 0 0 0 0 0 0 0 0 0 0 0 0 0 0 0 0 0 0 0 0 0 0 0 0 0 0 0 0 0 0 0 0 0 0 0 0 0 0 0 0 0 0 0 0 0 0 0 0 0 0 0 0 0 0 0 0 0 0 0 0 0 0 0 0 0 0 0 0 0 0 0 0 0 0 0 0 0 0 0 0 0 0 0 0 0 0 0 0 0 0 0 0 0 0 0 0 0 0 0 0 0 0 0 0 0 0 0 0 0 0 0 0 0 0 0 0 0 0 0 0 0 0 0 0 0 0 0 0 0 0 0 0 0 0 0 0 0 0 0 0 0 0 0 0 0 0 0 0 0 0 0 0 0 0 0 0 0 0 0 0 0 0 0 0 0 0 0 0 0 0 0 0 0 0 0 0 0 0 0 0 0 0 0 0 0 0 0 0 0 0 0 0 0 0 0 0 0 0 0 0 0 0 0 0 0 0 0 0 0 0 0 0 0 0 0 0 0 0 0 0 0 0 0 0 0 0 0 0 0 0 0 0 0 0 0 0 0 0 0 0 0 0 0 0 0 0 0 0 0 0 0 0 0 0 0 0 0 0 0 0 0 0 0 0 0 0 0 0 0 0 0 0 0 0 0 0 0 0 0 0 0 0 0 0 0 0 0 0 0 0 0 0 0 0 0 0 0 0 0 0 0 0 0 0 0 0 0 0 0 0 0 0 0 0 0 0 0 0 0 0 0 0 0 0 0 0 0 0 0 0 0 0 0 0 0 0 0 0 0 0 0 0 0 0 0 0 0 0 0 0 0 0 0 0 0 0 0 0 0 0 0 0 0 0 0 0 0 0 0 0 0 0 0 0 0 0 0 0 0 0 0 0 0 0 0 0 0 0 0 0 0 0 0 0 0 0 0 0 0 0 0 0 0 0 0 0 0 0 0 0 0 0 0 0 0 0 0 0 0 0 0 0 0 0 0 0 0 0 0 0 0 0 0 0 0 0 0 0 0 0 0 0 0 0 0 0 0 0 0 0 0 0 0 0 0 0 0 0 0 0 0 0 0 0 0 0 0 0 0 0 0 0 0 0 0 0 0 0 0 0 0 0 0 0 0 0 0 0 0 0 0 0 0 0 0 0 0 0 0 0 0 0 0 0 0 0 0 0 0 0 0 0 0 0 0 0 0 0 0 0 0 0 0 0 0 0 0 0 0 0 0 0 0 0 0 0 0 0 0 0 0 0 0 0 0 0 0 0 0 0 0 0 0 0 0 0 0 0 0 0 0 0 0 0 0 0 0 0 0 0 0 0 0 0 0 0 0 0 0 0 0 0 0 0 0 0 0 0 0 0 0 0 0 0 0 0 0 0 0 0 0 0 0 0 0 0 0 0 0 0 0 0 0 0 0 0 0 0 0 0 0 0 0 0 0 0 0 0 0 0 0 0 0 0 0 0 0 0 0 0 0 0 0 0 0 0 0 0 0 0 0 0 0 0 0 0 0 0 0 0 0 0 0 0 0 0 0 0 0 0 0 0 0 0 0 0 0 0 0 0 0 0 0 0 0 0 0 0 0 0 0 0 0 0 0 0 0 0 0 0 0 0 0 0 0 0 0 0 0 0 0 0 0 0 0 0 0 0 0 0 0 0 0 0 0 0 0 0 0 0 0 0 0 0 0 0 0 0 0 0 0 0 0 0 0 0 0 0 0 0 0 0 0 0 0 0 0 0 0 0 0 0 0 0 0 0 0 0 0 0 0 0 0 0 0 0 0 0 0 0 0 0 0 0 0 0 0 0 0 0 0 0 0 0 0 0 0 0 0 0 0 0 0 0 0 0 0 0 0 0 0 0 0 0 0 0 0 0 0 0 0 0 0 0 0 0 0 0 0 0 0 0 0 0 0 0 0 0 0 0 0 0 0 0 0 0 0 0 0 0 0 0 0 0 0 0 0 0 0 0 0 0 0 0 0 0 0 0 0 0 0 0 0 0 0 0 0 0 0 0 0 0 0 0 0 0 0 0 0 0 0 0 0 0 0 0 0 0 0 0 0 0 0 0 0 0 0 0 0 0 0 0 0 0 0 0 0 0 0 0 0 0 0 0 0 0 0 0 0 0 0 0 0 0 0 0 0 0 0 0 0 0 0 0 0 0 0 0 0 0 0 0 0 0 0 0 0 0 0 0 0 0 0 0 0 0 0 0 0 0 0 0 0 0 0 0 0 0 0 0 0 0 0 0 0 0 0 0 0 0 0 0 0 0 0 0 0 0 0 0 0 0 0 0 0 0 0 0 0 0 0 0 0 0 0 0 0 0 0 0 0 0 0 0 0 0 0 0 0 0 0 0 0 0 0 0 0 0 0 0 0 0 0 0 0 0 0 0 0 0 0 0 0 0 0 0 0 0 0 0 0 0 0 0 0 0 0 0 0 0 0 0 0 0 0 0 0 0 0 0 0 0 0 0 0 0 0 0 0 0 0 0 0 0 0 0 0 0 0 0 0 0 0 0 0 0 0 0 0 0 0 0 0 0 0 0 0 0 0 0 0 0 0 0 0 0 0 0 0 0 0 0 0 0 0 0 0 0 0 0 0 0 0 0 0 0 0 0 0 0 0 0 0 0 0 0 0 0 0 0 0 0 0 0 0 0 0 0 0 0 0 0 0 0 0 0 0 0 0 0 0 0 0 0 0 0 0 0 0 0 0 0 0 0 0 0 0 0 0 0 0 0 0 0 0 0 0 0 0 0 0 0 0 0 0 0 0 0 0 0 0 0 0 0 0 0 0 0 0 0 0 0 0 0 0 0 0 0 0 0 0 0 0 0 0 0 0 0 0 0 0 0 0 0 0 0 0 0 0 0 0 0 0 0 0 0 0 0 0 0 0 0 0 0 0 0 0 0 0 0 0 0 0 0 0 0 0 0 0 0 0 0 0 0 0 0 0 0 0 0 0 0 0 0 0 0 0 0 0 0 0 0 0 0 0 0 0 0 0 0 0 0 0 0 0 0 0 0 0 0 0 0 0 0 0 0 0 0 0 0 0 0 0 0 0 0 0 0 0 0 0 0 0 0 0 0 0 0 0 0 0 0 0 0 0 0 0 0 0 0 0 0 0 0 0 0 0 0 0 0 0 0 0 0 0 0 0 0 0 0 0 0 0 0 0 0 0 0 0 0 0 0 0 0 0 0 0 0 0 0 0 0 0 0 0 0 0 0 0 0 0 0 0 0 0 0 0 0 0 0 0 0 0 0 0 0 0 0 0 0 0 0 0 0 0 0 0 0 0 0 0 0 0 0 0 0 0 0 0 0 0 0 0 0 0 0 0 0 0 0 0 0 0 0 0 0 0 0 0 0 0 0 0 0 0 0 0 0 0 0 0 0 0 0 0 0 0 0 0 0 0 0 0 0 0 0 0 0 0 0 0 0 0 0 0 0 0 0 0 0 0 0 0 0 0 0 0 0 0 0 0 0 0 0 0 0 0 0 0 0 0 0 0 0 0 0 0 0 0 0 0 0 0 0 0 0 0 0 0 0 0 0 0 0 0 0 0 0 0 0 0 0 0 0 0 0 0 0 0 0 0 0 0 0 0 0 0 0 0 0 0 0 0 0 0 0 0 0 0 0 0 0 0 0 0 0 0 0 0 0 0 0 0 0 0 0 0 0 0 0 0 0 0 0 0 0 0 0 0 0 0 0 0 0 0 0 0 0 0 0 0 0 0 0 0 0 0 0 0 0 0 0 0 0 0 0 0 0 0 0 0 0 0 0 0 0 0 0 0 0 0 0 0 0 0 0 0 0 0 0 0 0 0 0 0 0 0 0 0 0 0 0 0 0 0 0 0 0 0 0 0 0 0 0 0 0 0 0 0 0 0 0 0 0 0 0 0 0 0 0 0 0 0 0 0 0 0 0 0 0 0 0 0 0 0 0 0 0 0 0 0 0 0 0 0 0 0 0 0 0 0 0 0 0 0 0 0 0 0 0 0 0 0 0 0 0 0 0 0 0 0 0 0 0 0 0 0 0 0 0 0 0 0 0 0 0 0 0 0 0 0 0 0 0 0 0 0 0 0 0 0 0 0 0 0 0 0 0 0 0 0 0 0 0 0 0 0 0 0 0 0 0 0 0 0 0 0 0 0 0 0 0 0 0 0 0 0 0 0 0 0 0 0 0 0 0 0 0 0 0 0 0 0 0 0 0 0 0 0 0 0 0 0 0 0 0 0 0 0 0 0 0 0 0 0 0 0 0 0 0 0 0 0 0 0 0 0 0 0 0 0 0 0 0 0 0 0 0 0 0 0 0 0 0 0 0 0 0 0 0 0 0 0 0 0 0 0 0 0 0 0 0 0 0 0 0 0 0 0 0 0 0 0 0 0 0 0 0 0 0 0 0 0 0 0 0 0 0 0 0 0 0 0 0 0 0 0 0 0 0 0 0 0 0 0 0 0 0 0 0 0 0 0 0 0 0 0 0 0 0 0 0 0 0 0 0 0 0 0 0 0 0 0 0 0 0 0 0 0 0 0 0 0 0 0 0 0 0 0 0 0 0 0 0 0 0 0 0 0 0 0 0 0 0 0 0 0 0 0 0 0 0 0 0 0 0 0 0 0 0 0 0 0 0 0 0 0 0 0 0 0 0 0 0 0 0 0 0 0 0 0 0 0 0 0 0 0 0 0 0 0 0 0 0 0 0 0 0 0 0 0 0 0 0 0 0 0 0 0 0 0 0 0 0 0 0 0 0 0 0 0 0 0 0 0 0 0 0 0 0 0 0 0 0 0 0 0 0 0 0 0 0 0 0 0 0 0 0 0 0 0 0 0 0 0 0 0 0 0 0 0 0 0 0 0 0 0 0 0 0 0 0 0 0 0 0 0 0 0 0 0 0 0 0 0 0 0 0 0 0 0 0 0 0 0 0 0 0 0 0 0 0 0 0 0 0 0 0 0 0 0 0 0 0 0 0 0 0 0 0 0 0 0 0 0 0 0 0 0 0 0 0 0 0 0 0 0 0 0 0 0 0 0 0 0 0 0 0 0 0 0 0 0 0 0 0 0 0 0 0 0 0 0 0 0 0 0 0 0 0 0 0 0 0 0 0 0 0 0 0 0 0 0 0 0 0 0 0 0 0 0 0 0 0 0 0 0 0 0 0 0 0 0 0 0 0 0 0 0 0 0 0 0 0 0 0 0 0 0 0 0 0 0 0 0 0 0 0 0 0 0 0 0 0 0 0 0 0 0 0 0 0 0 0 0 0 0 0 0 0 0 0 0 0 0 0 0 0 0 0 0 0 0 0 0 0 0 0 0 0 0 0 0 0 0 0 0 0 0 0 0 0 0 0 0 0 0 0 0 0 0 0 0 0 0 0 0 0 0 0 0 0 0 0 0 0 0 0 0 0 0 0 0 0 0 0 0 0 0 0 0 0 0 0 0 0 0 0 0 0 0 0 0 0 0 0 0 0 0 0 0 0 0 0 0 0 0 0 0 0 0 0 0 0 0 0 0 0 0 0 0 0 0 0 0 0 0 0 0 0 0 0 0 0 0 0 0 0 0 0 0 0 0 0 0 0 0 0 0 0 0 0 0 0 0 0 0 0 0 0 0 0 0 0 0 0 0 0 0 0 0 0 0 0 0 0 0 0 0 0 0 0 0 0 0 0 0 0 0 0 0 0 0 0 0 0 0 0 0 0 0 0 0 0 0 0 0 0 0 0 0 0 0 0 0 0 0 0 0 0 0 0 0 0 0 0 0 0 0 0 0 0 0 0 0 0 0 0 0 0 0 0 0 0 0 0 0 0 0 0 0 0 0 0 0 0 0 0 0 0 0 0 0 0 0 0 0 0 0 0 0 0 0 0 0 0 0 0 0 0 0 0 0 0 0 0 0 0 0 0 0 0 0 0 0 0 0 0 0 0 0 0 0 0 0 0 0 0 0 0 0 0 0 0 0 0 0 0 0 0 0 0 0 0 0 0 0 0 0 0 0 0 0 0 0 0 0 0 0 0 0 0 0 0 0 0 0 0 0 0 0 0 0 0 0 0 0 0 0 0 0 0 0 0 0 0 0 0 0 0 0 0 0 0 0 0 0 0 0 0 0 0 0 0 0 0 0 0 0 0 0 0 0 0 0 0 0 0 0 0 0 0 0 0 0 0 0 0 0 0 0 0 0 0 0 0 0 0 0 0 0 0 0 0 0 0 0 0 0 0 0 0 0 0 0 0 0 0 0 0 0 0 0 0 0 0 0 0 0 0 0 0 0 0 0 0 0 0 0 0 0 0 0 0 0 0 0 0 0 0 0 0 0 0 0 0 0 0 0 0 0 0 0 0 0 0 0 0 0 0 0 0 0 0 0 0 0 0 0 0 0 0 0 0 0 0 0 0 0 0 0 0 0 0 0 0 0 0 0 0 0 0 0 0 0 0 0 0 0 0 0 0 0 0 0 0 0 0 0 0 0 0 0 0 0 0 0 0 0 0 0 0 0 0 0 0 0 0 0 0 0 0 0 0 0 0 0 0 0 0 0 0 0 0 0 0 0 0 0 0 0 0 0 0 0 0 0 0 0 0 0 0 0 0 0 0 0 0 0 0 0 0 0 0 0 0 0 0 0 0 0 0 0 0 0 0 0 0 0 0 0 0 0 0 0 0 0 0 0 0 0 0 0 0 0 0 0 0 0 0 0 0 0 0 0 0 0 0 0 0 0 0 0 0 0 0 0 0 0 0 0 0 0 0 0 0 0 0 0 0 0 0 0 0 0 0 0 0 0 0 0 0 0 0 0 0 0 0 0 0 0 0 0 0 0 0 0 0 0 0 0 0 0 0 0 0 0 0 0 0 0 0 0 0 0 0 0 0 0 0 0 0 0 0 0 0 0 0 0 0 0 0 0 0 0 0 0 0 0 0 0 0 0 0 0 0 0 0 0 0 0 0 0 0 0 0 0 0 0 0 0 0 0 0 0 0 0 0 0 0 0 0 0 0 0 0 0 0 0 0 0 0 0 0 0 0 0 0 0 0 0 0 0 0 0 0 0 0 0 0 0 0 0 0 0 0 0 0 0 0 0 0 0 0 0 0 0 0 0 0 0 0 0 0 0 0 0 0 0 0 0 0 0 0 0 0 0 0 0 0 0 0 0 0 0 0 0 0 0 0 0 0 0 0 0 0 0 0 0 0 0 0 0 0 0 0 0 0 0 0 0 0 0 0 0 0 0 0 0 0 0 0 0 0 0 0 0 0 0 0 0 0 0 0 0 0 0 0 0 0 0 0 0 0 0 0 0 0 0 0 0 0 0 0 0 0 0 0 0 0 0 0 0 0 0 0 0 0 0 0 0 0 0 0 0 0 0 0 0 0 0 0 0 0 0 0 0 0 0 0 0 0 0 0 0 0 0 0 0 0 0 0 0 0 0 0 0 0 0 0 0 0 0 0 0 0 0 0 0 0 0 0 0 0 0 0 0 0 0 0 0 0 0 0 0 0 0 0 0 0 0 0 0 0 0 0 0 0 0 0 0 0 0 0 0 0 0 0 0 0 0 0 0 0 0 0 0 0 0 0 0 0 0 0 0 0 0 0 0 0 0 0 0 0 0 0 0 0 0 0 0 0 0 0 0 0 0 0 0 0 0 0 0 0 0 0 0 0 0 0 0 0 0 0 0 0 0 0 0 0 0 0 0 0 0 0 0 0 0 0 0 0 0 0 0 0 0 0 0 0 0 0 0 0 0 0 0 0 0 0 0 0 0 0 0 0 0 0 0 0 0 0 0 0 0 0 0 0 0 0 0 0 0 0 0 0 0 0 0 0 0 0 0 0 0 0 0 0 0 0 0 0 0 0 0 0 0 0 0 0 0 0 0 0 0 0 0 0 0 0 0 0 0 0 0 0 0 0 0 0 0 0 0 0 0 0 0 0 0 0 0 0 0 0 0 0 0 0 0 0 0 0 0 0 0 0 0 0 0 0 0 0 0 0 0 0 0 0 0 0 0 0 0 0 0 0 0 0 0 0 0 0 0 0 0 0 0 0 0 0 0 0 0 0 0 0 0 0 0 0 0 0 0 0 0 0 0 0 0 0 0 0 0 0 0 0 0 0 0 0 0 0 0 0 0 0 0 0 0 0 0 0 0 0 0 0 0 0 0 0 0 0 0 0 0 0 0 0 0 0 0 0 0 0 0 0 0 0 0 0 0 0 0 0 0 0 0 0 0 0 0 0 0 0 0 0 0 0 0 0 0 0 0 0 0 0 0 0 0 0 0 0 0 0 0 0 0 0 0 0 0 0 0 0 0 0 0 0 0 0 0 0 0 0 0 0 0 0 0 0 0 0 0 0 0 0 0 0 0 0 0 0 0 0 0 0 0 0 0 0 0 0 0 0 0 0 0 0 0 0 0 0 0 0 0 0 0 0 0 0 0 0 0 0 0 0 0 0 0 0 0 0 0 0 0 0 0 0 0 0 0 0 0 0 0 0 0 0 0 0 0 0 0 0 0 0 0 0 0 0 0 0 0 0 0 0 0 0 0 0 0 0 0 0 0 0 0 0 0 0 0 0 0 0 0 0 0 0 0 0 0 0 0 0 0 0 0 0 0 0 0 0 0 0 0 0 0 0 0 0 0 0 0 0 0 0 0 0 0 0 0 0 0 0 0 0 0 0 0 0 0 0 0 0 0 0 0 0 0 0 0 0 0 0 0 0 0 0 0 0 0 0 0 0 0 0 0 0 0 0 0 0 0 0 0 0 0 0 0 0 0 0 0 0 0 0 0 0 0 0 0 0 0 0 0 0 0 0 0 0 0 0 0 0 0 0 0 0 0 0 0 0 0 0 0 0 0 0 0 0 0 0 0 0 0 0 0 0 0 0 0 0 0 0 0 0 0 0 0 0 0 0 0 0 0 0 0 0 0 0 0 0 0 0 0 0 0 0 0 0 0 0 0 0 0 0 0 0 0 0 0 0 0 0 0 0 0 0 0 0 0 0 0 0 0 0 0 0 0 0 0 0 0 0 0 0 0 0 0 0 0 0 0 0 0 0 0 0 0 0 0 0 0 0 0 0 0 0 0 0 0 0 0 0 0 0 0 0 0 0 0 0 0 0 0 0 0 0 0 0 0 0 0 0 0 0 0 0 0 0 0 0 0 0 0 0 0 0 0 0 0 0 0 0 0 0 0 0 0 0 0 0 0 0 0 0 0 0 0 0 0 0 0 0 0 0 0 0 0 0 0 0 0 0 0 0 0 0 0 0 0 0 0 0 0 0 0 0 0 0 0 0 0 0 0 0 0 0 0 0 0 0 0 0 0 0 0 0 0 0 0 0 0 0 0 0 0 0 0 0 0 0 0 0 0 0 0 0 0 0 0 0 0 0 0 0 0 0 0 0 0 0 0 0 0 0 0 0 0 0 0 0 0 0 0 0 0 0 0 0 0 0 0 0 0 0 0 0 0 0 0 0 0 0 0 0 0 0 0 0 0 0 0 0 0 0 0 0 0 0 0 0 0 0 0 0 0 0 0 0 0 0 0 0 0 0 0 0 0 0 0 0 0 0 0 0 0 0 0 0 0 0 0 0 0 0 0 0 0 0 0 0 0 0 0 0 0 0 0 0 0 0 0 0 0 0 0 0 0 0 0 0 0 0 0 0 0 0 0 0 0 0 0 0 0 0 0 0 0 0 0 0 0 0 0 0 0 0 0 0 0 0 0 0 0 0 0 0 0 0 0 0 0 0 0 0 0 0 0 0 0 0 0 0 0 0 0 0 0 0 0 0 0 0 0 0 0 0 0 0 0 0 0 0 0 0 0 0 0 0 0 0 0 0 0 0 0 0 0 0 0 0 0 0 0 0 0 0 0 0 0 0 0 0 0 0 0 0 0 0 0 0 0 0 0 0 0 0 0 0 0 0 0 0 0 0 0 0 0 0 0 0 0 0 0 0 0 0 0 0 0 0 0 0 0 0 0 0 0 0 0 0 0 0 0 0 0 0 0 0 0 0 0 0 0 0 0 0 0 0 0 0 0 0 0 0 0 0 0 0 0 0 0 0 0 0 0 0 0 0 0 0 0 0 0 0 0 0 0 0 0 0 0 0 0 0 0 0 0 0 0 0 0 0 0 0 0 0 0 0 0 0 0 0 0 0 0 0 0 0 0 0 0 0 0 0 0 0 0 0 0 0 0 0 0 0 0 0 0 0 0 0 0 0 0 0 0 0 0 0 0 0 0 0 0 0 0 0 0 0 0 0 0 0 0 0 0 0 0 0 0 0 0 0 0 0 0 0 0 0 0 0 0 0 0 0 0 0 0 0 0 0 0 0 0 0 0 0 0 0 0 0 0 0 0 0 0 0 0 0 0 0 0 0 0 0 0 0 0 0 0 0 0 0 0 0 0 0 0 0 0 0 0 0 0 0 0 0 0 0 0 0 0 0 0 0 0 0 0 0 0 0 0 0 0 0 0 0 0 0 0 0 0 0 0 0 0 0 0 0 0 0 0 0 0 0 0 0 0 0 0 0 0 0 0 0 0 0 0 0 0 0 0 0 0 0 0 0 0 0 0 0 0 0 0 0 0 0 0 0 0 0 0 0 0 0 0 0 0 0 0 0 0 0 0 0 0 0 0 0 0 0 0 0 0 0 0 0 0 0 0 0 0 0 0 0 0 0 0 0 0 0 0 0 0 0 0 0 0 0 0 0 0 0 0 0 0 0 0 0 0 0 0 0 0 0 0 0 0 0 0 0 0 0 0 0 0 0 0 0 0 0 0 0 0 0 0 0 0 0 0 0 0 0 0 0 0 0 0 0 0 0 0 0 0 0 0 0 0 0 0 0 0 0 0 0 0 0 0 0 0 0 0 0 0 0 0 0 0 0 0 0 0 0 0 0 0 0 0 0 0 0 0 0 0 0 0 0 0 0 0 0 0 0 0 0 0 0 0 0 0 0 0 0 0 0 0 0 0 0 0 0 0 0 0 0 0 0 0 0 0 0 0 0 0 0 0 0 0 0 0 0 0 0 0 0 0 0 0 0 0 0 0 0 0 0 0 0 0 0 0 0 0 0 0 0 0 0 0 0 0 0 0 0 0 0 0 0 0 0 0 0 0 0 0 0 0 0 0 0 0 0 0 0 0 0 0 0 0 0 0 0 0 0 0 0 0 0 0 0 0 0 0 0 0 0 0 0 0 0 0 0 0 0 0 0 0 0 0 0 0 0 0 0 0 0 0 0 0 0 0 0 0 0 0 0 0 0 0 0 0 0 0 0 0 0 0 0 0 0 0 0 0 0 0 0 0 0 0 0 0 0 0 0 0 0 0 0 0 0 0 0 0 0 0 0 0 0 0 0 0 0 0 0 0 0 0 0 0 0 0 0 0 0 0 0 0 0 0 0 0 0 0 0 0 0 0 0 0 0 0 0 0 0 0 0 0 0 0 0 0 0 0 0 0 0 0 0 0 0 0 0 0 0 0 0 0 0 0 0 0 0 0 0 0 0 0 0 0 0 0 0 0 0 0 0 0 0 0 0 0 0 0 0 0 0 0 0 0 0 0 0 0 0 0 0 0 0 0 0 0 0 0 0 0 0 0 0 0 0 0 0 0 0 0 0 0 0 0 0 0 0 0 0 0 0 0 0 0 0 0 0 0 0 0 0 0 0 0 0 0 0 0 0 0 0 0 0 0 0 0 0 0 0 0 0 0 0 0 0 0 0 0 0 0 0 0 0 0 0 0 0 0 0 0 0 0 0 0 0 0 0 0 0 0 0 0 0 0 0 0 0 0 0 0 0 0 0 0 0 0 0 0 0 0 0 0 0 0 0 0 0 0 0 0 0 0 0 0 0 0 0 0 0 0 0 0 0 0 0 0 0 0 0 0 0 0 0 0 0 0 0 0 0 0 0 0 0 0 0 0 0 0 0 0 0 0 0 0 0 0 0 0 0 0 0 0 0 0 0 0 0 0 0 0 0 0 0 0 0 0 0 0 0 0 0 0 0 0 0 0 0 0 0 0 0 0 0 0 0 0 0 0 0 0 0 0 0 0 0 0 0 0 0 0 0 0 0 0 0 0 0 0 0 0 0 0 0 0 0 0 0 0 0 0 0 0 0 0 0 0 0 0 0 0 0 0 0 0 0 0 0 0 0 0 0 0 0 0 0 0 0 0 0 0 0 0 0 0 0 0 0 0 0 0 0 0 0 0 0 0 0 0 0 0 0 0 0 0 0 0 0 0 0 0 0 0 0 0 0 0 0 0 0 0 0 0 0 0 0 0 0 0 0 0 0 0 0 0 0 0 0 0 0 0 0 0 0 0 0 0 0 0 0 0 0 0 0 0 0 0 0 0 0 0 0 0 0 0 0 0 0 0 0 0 0 0 0 0 0 0 0 0 0 0 0 0 0 0 0 0 0 0 0 0 0 0 0 0 0 0 0 0 0 0 0 0 0 0 0 0 0 0 0 0 0 0 0 0 0 0 0 0 0 0 0 0 0 0 0 0 0 0 0 0 0 0 0 0 0 0 0 0 0 0 0 0 0 0 0 0 0 0 0 0 0 0 0 0 0 0 0 0 0 0 0 0 0 0 0 0 0 0 0 0 0 0 0 0 0 0 0 0 0 0 0 0 0 0 0 0 0 0 0 0 0 0 0 0 0 0 0 0 0 0 0 0 0 0 0 0 0 0 0 0 0 0 0 0 0 0 0 0 0 0 0 0 0 0 0 0 0 0 0 0 0 0 0 0 0 0 0 0 0 0 0 0 0 0 0 0 0 0 0 0 0 0 0 0 0 0 0 0 0 0 0 0 0 0 0 0 0 0 0 0 0 0 0 0 0 0 0 0 0 0 0 0 0 0 0 0 0 0 0 0 0 0 0 0 0 0 0 0 0 0 0 0 0 0 0 0 0 0 0 0 0 0 0 0 0 0 0 0 0 0 0 0 0 0 0 0 0 0 0 0 0 0 0 0 0 0 0 0 0 0 0 0 0 0 0 0 0 0 0 0 0 0 0 0 0 0 0 0 0 0 0 0 0 0 0 0 0 0 0 0 0 0 0 0 0 0 0 0 0 0 0 0 0 0 0 0 0 0 0 0 0 0 0 0 0 0 0 0 0 0 0 0 0 0 0 0 0 0 0 0 0 0 0 0 0 0 0 0 0 0 0 0 0 0 0 0 0 0 0 0 0 0 0 0 0 0 0 0 0 0 0 0 0 0 0 0 0 0 0 0 0 0 0 0 0 0 0 0 0 0 0 0 0 0 0 0 0 0 0 0 0 0 0 0 0 0 0 0 0 0 0 0 0 0 0 0 0 0 0 0 0 0 0 0 0 0 0 0 0 0 0 0 0 0 0 0 0 0 0 0 0 0 0 0 0 0 0 0 0 0 0 0 0 0 0 0 0 0 0 0 0 0 0 0 0 0 0 0 0 0 0 0 0 0 0 0 0 0 0 0 0 0 0 0 0 0 0 0 0 0 0 0 0 0 0 0 0 0 0 0 0 0 0 0 0 0 0 0 0 0 0 0 0 0 0 0 0 0 0 0 0 0 0 0 0 0 0 0 0 0 0 0 0 0 0 0 0 0 0 0 0 0 0 0 0 0 0 0 0 0 0 0 0 0 0 0 0 0 0 0 0 0 0 0 0 0 0 0 0 0 0 0 0 0 0 0 0 0 0 0 0 0 0 0 0 0 0 0 0 0 0 0 0 0 0 0 0 0 0 0 0 0 0 0 0 0 0 0 0 0 0 0 0 0 0 0 0 0 0 0 0 0 0 0 0 0 0 0 0 0 0 0 0 0 0 0 0 0 0 0 0 0 0 0 0 0 0 0 0 0 0 0 0 0 0 0 0 0 0 0 0 0 0 0 0 0 0 0 0 0 0 0 0 0 0 0 0 0 0 0 0 0 0 0 0 0 0 0 0 0 0 0 0 0 0 0 0 0 0 0 0 0 0 0 0 0 0 0 0 0 0 0 0 0 0 0 0 0 0 0 0 0 0 0 0 0 0 0 0 0 0 0 0 0 0 0 0 0 0 0 0 0 0 0 0 0 0 0 0 0 0 0 0 0 0 0 0 0 0 0 0 0 0 0 0 0 0 0 0 0 0 0 0 0 0 0 0 0 0 0 0 0 0 0 0 0 0 0 0 0 0 0 0 0 0 0 0 0 0 0 0 0 0 0 0 0 0 0 0 0 0 0 0 0 0 0 0 0 0 0 0 0 0 0 0 0 0 0 0 0 0 0 0 0 0 0 0 0 0 0 0 0 0 0 0 0 0 0 0 0 0 0 0 0 0 0 0 0 0 0 0 0 0 0 0 0 0 0 0 0 0 0 0 0 0 0 0 0 0 0 0 0 0 0 0 0 0 0 0 0 0 0 0 0 0 0 0 0 0 0 0 0 0 0 0 0 0 0 0 0 0 0 0 0 0 0 0 0 0 0 0 0 0 0 0 0 0 0 0 0 0 0 0 0 0 0 0 0 0 0 0 0 0 0 0 0 0 0 0 0 0 0 0 0 0 0 0 0 0 0 0 0 0 0 0 0 0 0 0 0 0 0 0 0 0 0 0 0 0 0 0 0 0 0 0 0 0 0 0 0 0 0 0 0 0 0 0 0 0 0 0 0 0 0 0 0 0 0 0 0 0 0 0 0 0 0 0 0 0 0 0 0 0 0 0 0 0 0 0 0 0 0 0 0 0 0 0 0 0 0 0 0 0 0 0 0 0 0 0 0 0 0 0 0 0 0 0 0 0 0 0 0 0 0 0 0 0 0 0 0 0 0 0 0 0 0 0 0 0 0 0 0 0 0 0 0 0 0 0 0 0 0 0 0 0 0 0 0 0 0 0 0 0 0 0 0 0 0 0 0 0 0 0 0 0 0 0 0 0 0 0 0 0 0 0 0 0 0 0 0 0 0 0 0 0 0 0 0 0 0 0 0 0 0 0 0 0 0 0 0 0 0 0 0 0 0 0 0 0 0 0 0 0 0 0 0 0 0 0 0 0 0 0 0 0 0 0 0 0 0 0 0 0 0 0 0 0 0 0 0 0 0 0 0 0 0 0 0 0 0 0 0 0 0 0 0 0 0 0 0 0 0 0 0 0 0 0 0 0 0 0 0 0 0 0 0 0 0 0 0 0 0 0 0 0 0 0 0 0 0 0 0 0 0 0 0 0 0 0 0 0 0 0 0 0 0 0 0 0 0 0 0 0 0 0 0 0 0 0 0 0 0 0 0 0 0 0 0 0 0 0 0 0 0 0 0 0 0 0 0 0 0 0 0 0 0 0 0 0 0 0 0 0 0 0 0 0 0 0 0 0 0 0 0 0 0 0 0 0 0 0 0 0 0 0 0 0 0 0 0 0 0 0 0 0 0 0 0 0 0 0 0 0 0 0 0 0 0 0 0 0 0 0 0 0 0 0 0 0 0 0 0 0 0 0 0 0 0 0 0 0 0 0 0 0 0 0 0 0 0 0 0 0 0 0 0 0 0 0 0 0 0 0 0 0 0 0 0 0 0 0 0 0 0 0 0 0 0 0 0 0 0 0 0 0 0 0 0 0 0 0 0 0 0 0 0 0 0 0 0 0 0 0 0 0 0 0 0 0 0 0 0 0 0 0 0 0 0 0 0 0 0 0 0 0 0 0 0 0 0 0 0 0 0 0 0 0 0 0 0 0 0 0 0 0 0 0 0 0 0 0 0 0 0 0 0 0 0 0 0 0 0 0 0 0 0 0 0 0 0 0 0 0 0 0 0 0 0 0 0 0 0 0 0 0 0 0 0 0 0 0 0 0 0 0 0 0 0 0 0 0 0 0 0 0 0 0 0 0 0 0 0 0 0 0 0 0 0 0 0 0 0 0 0 0 0 0 0 0 0 0 0 0 0 0 0 0 0 0 0 0 0 0 0 0 0 0 0 0 0 0 0 0 0 0 0 0 0 0 0 0 0 0 0 0 0 0 0 0 0 0 0 0 0 0 0 0 0 0 0 0 0 0 0 0 0 0 0 0 0 0 0 0 0 0 0 0 0 0 0 0 0 0 0 0 0 0 0 0 0 0 0 0 0 0 0 0 0 0 0 0 0 0 0 0 0 0 0 0 0 0 0 0 0 0 0 0 0 0 0 0 0 0 0 0 0 0 0 0 0 0 0 0 0 0 0 0 0 0 0 0 0 0 0 0 0 0 0 0 0 0 0 0 0 0 0 0 0 0 0 0 0 0 0 0 0 0 0 0 0 0 0 0 0 0 0 0 0 0 0 0 0 0 0 0 0 0 0 0 0 0 0 0 0 0 0 0 0 0 0 0 0 0 0 0 0 0 0 0 0 0 0 0 0 0 0 0 0 0 0 0 0 0 0 0 0 0 0 0 0 0 0 0 0 0 0 0 0 0 0 0 0 0 0 0 0 0 0 0 0 0 0 0 0 0 0 0 0 0 0 0 0 0 0 0 0 0 0 0 0 0 0 0 0 0 0 0 0 0 0 0 0 0 0 0 0 0 0 0 0 0 0 0 0 0 0 0 0 0 0 0 0 0 0 0 0 0 0 0 0 0 0 0 0 0 0 0 0 0 0 0 0 0 0 0 0 0 0 0 0 0 0 0 0 0 0 0 0 0 0 0 0 0 0 0 0 0 0 0 0 0 0 0 0 0 0 0 0 0 0 0 0 0 0 0 0 0 0 0 0 0 0 0 0 0 0 0 0 0 0 0 0 0 0 0 0 0 0 0 0 0 0 0 0 0 0 0 0 0 0 0 0 0 0 0 0 0 0 0 0 0 0 0 0 0 0 0 0 0 0 0 0 0 0 0 0 0 0 0 0 0 0 0 0 0 0 0 0 0 0 0 0 0 0 0 0 0 0 0 0 0 0 0 0 0 0 0 0 0 0 0 0 0 0 0 0 0 0 0 0 0 0 0 0 0 0 0 0 0 0 0 0 0 0 0 0 0 0 0 0 0 0 0 0 0 0 0 0 0 0 0 0 0 0 0 0 0 0 0 0 0 0 0 0 0 0 0 0 0 0 0 0 0 0 0 0 0 0 0 0 0 0 0 0 0 0 0 0 0 0 0 0 0 0 0 0 0 0 0 0 0 0 0 0 0 0 0 0 0 0 0 0 0 0 0 0 0 0 0 0 0 0 0 0 0 0 0 0 0 0 0 0 0 0 0 0 0 0 0 0 0 0 0 0 0 0 0 0 0 0 0 0 0 0 0 0 0 0 0 0 0 0 0 0 0 0 0 0 0 0 0 0 0.8621417 0.5 0.6378583 0.75 0.6378583 0.5 0.6071706 0.5 0.375 0.75 0.375 0.5 0.6071706 0 0.375 0.25 0.375 0 0.375 0.5 0.125 0.75 0.125 0.5 0.625 0.4871417 0.6071706 0.5 0.375 0.5 0.625 0.25 0.6071706 0 0.625 0 0.6378583 0.75 0.6071706 0.5 0.6378583 0.5 0.625 0.9871417 0.6071706 1 0.375 1 0.8621417 0.5 0.8621417 0.75 0.6378583 0.75 0.6071706 0.5 0.6071706 0.75 0.375 0.75 0.6071706 0 0.6071706 0.25 0.375 0.25 0.375 0.5 0.375 0.75 0.125 0.75 0.375 0.5 0.375 0.25 0.625 0.2628583 0.375 0.25 0.6071706 0.25 0.625 0.2628583 0.625 0.2628583 0.625 0.4871417 0.375 0.5 0.625 0.25 0.6071706 0.25 0.6071706 0 0.6378583 0.75 0.6071706 0.75 0.6071706 0.5 0.375 1 0.375 0.75 0.625 0.7628583 0.375 0.75 0.6071706 0.75 0.625 0.7628583 0.625 0.7628583 0.625 0.9871417 0.375 1</float_array>
          <technique_common>
            <accessor source="#Cube_003-mesh-map-0-array" count="8127" stride="2">
              <param name="S" type="float"/>
              <param name="T" type="float"/>
            </accessor>
          </technique_common>
        </source>
        <source id="Cube_003-mesh-map-1">
          <float_array id="Cube_003-mesh-map-1-array" count="16254">0.02309346 0.5873858 0.7347671 0.5876362 0.7347671 0.5876362 0.7347671 0.5876362 0.02309346 0.5873858 0.02309346 0.5873858 0.03080189 0.5303482 0.02044874 0.5419027 0.03080189 0.5419027 0.02044874 0.5419027 0.03080189 0.5303482 0.02044874 0.5303482 0.7418065 0.5306237 0.03080189 0.5419027 0.7418065 0.5421782 0.03080189 0.5419027 0.7418065 0.5306237 0.03080189 0.5303482 0.7512781 0.5306237 0.7418065 0.5421782 0.7512781 0.5421782 0.7418065 0.5421782 0.7512781 0.5306237 0.7418065 0.5306237 0.03080189 0.4412816 0.02044874 0.5303482 0.03080189 0.5303482 0.02044874 0.5303482 0.03080189 0.4412816 0.02044874 0.4412816 0.7346647 0.4485039 0.03758561 0.5234017 0.7346647 0.5236772 0.03758561 0.5234017 0.7346647 0.4485039 0.03758561 0.4482283 0.7512781 0.4415572 0.7418065 0.5306237 0.7512781 0.5306237 0.7418065 0.5306237 0.7512781 0.4415572 0.7418065 0.4415572 0.03096115 0.4311552 0.02044874 0.4412816 0.03080189 0.4412816 0.02044874 0.4412816 0.03096115 0.4311552 0.020608 0.4311552 0.7419657 0.4314308 0.03080189 0.4412816 0.7418065 0.4415572 0.03080189 0.4412816 0.7419657 0.4314308 0.03096115 0.4311552 0.7514373 0.4314308 0.7418065 0.4415572 0.7512781 0.4415572 0.7418065 0.4415572 0.7514373 0.4314308 0.7419657 0.4314308 0.02045905 0.5418527 0.03080189 0.5419027 0.02044874 0.5419027 0.7418065 0.5421782 0.02045905 0.5418527 0.7512752 0.5421282 0.02045905 0.5418527 0.7418065 0.5421782 0.03080189 0.5419027 0.7512752 0.5421282 0.7512781 0.5421782 0.7418065 0.5421782 0.7512752 0.5421282 0.7512781 0.5306237 0.7512781 0.5421782 0.7512781 0.4415572 0.7512752 0.5421282 0.7514344 0.4313978 0.7512752 0.5421282 0.7512781 0.4415572 0.7512781 0.5306237 0.7514344 0.4313978 0.7514373 0.4314308 0.7512781 0.4415572 0.7514344 0.4313978 0.7419657 0.4314308 0.7514373 0.4314308 0.03096115 0.4311552 0.7514344 0.4313978 0.02061831 0.4311223 0.7514344 0.4313978 0.03096115 0.4311552 0.7419657 0.4314308 0.02061831 0.4311223 0.020608 0.4311552 0.03096115 0.4311552 0.02061831 0.4311223 0.02044874 0.4412816 0.020608 0.4311552 0.02044874 0.5303482 0.02061831 0.4311223 0.02045905 0.5418527 0.02061831 0.4311223 0.02044874 0.5303482 0.02044874 0.4412816 0.02045905 0.5418527 0.02044874 0.5419027 0.02044874 0.5303482 0.727279 0.4857618 0.04277241 0.466905 0.04277241 0.4854863 0.727279 0.4671805 0.04277241 0.466905 0.727279 0.4857618 0.04182225 0.465955 0.04277241 0.466905 0.04277241 0.4655615 0.04142862 0.466905 0.04277241 0.466905 0.04182225 0.465955 0.04142862 0.4854863 0.04277241 0.466905 0.04142862 0.466905 0.04277241 0.4854863 0.04277241 0.466905 0.04142862 0.4854863 0.04182225 0.4864364 0.04277241 0.4854863 0.04142862 0.4854863 0.04277241 0.4868299 0.04277241 0.4854863 0.04182225 0.4864364 0.727279 0.4871054 0.04277241 0.4854863 0.04277241 0.4868299 0.727279 0.4857618 0.04277241 0.4854863 0.727279 0.4871054 0.7282288 0.4867119 0.727279 0.4857618 0.727279 0.4871054 0.7286224 0.4857618 0.727279 0.4857618 0.7282288 0.4867119 0.7286224 0.4671805 0.727279 0.4857618 0.7286224 0.4857618 0.727279 0.4671805 0.727279 0.4857618 0.7286224 0.4671805 0.7282288 0.4662305 0.727279 0.4671805 0.7286224 0.4671805 0.727279 0.465837 0.727279 0.4671805 0.7282288 0.4662305 0.04277241 0.4655615 0.727279 0.4671805 0.727279 0.465837 0.04277241 0.466905 0.727279 0.4671805 0.04277241 0.4655615 0.04142862 0.4655615 0.04277241 0.4655615 0.04277241 0.465005 0.04182225 0.465955 0.04277241 0.4655615 0.04142862 0.4655615 0.04087203 0.466905 0.04182225 0.465955 0.04142862 0.4655615 0.04142862 0.466905 0.04182225 0.465955 0.04087203 0.466905 0.04087203 0.4854863 0.04142862 0.466905 0.04087203 0.466905 0.04142862 0.4854863 0.04142862 0.466905 0.04087203 0.4854863 0.04142862 0.4868299 0.04142862 0.4854863 0.04087203 0.4854863 0.04182225 0.4864364 0.04142862 0.4854863 0.04142862 0.4868299 0.04277241 0.4873864 0.04182225 0.4864364 0.04142862 0.4868299 0.04277241 0.4868299 0.04182225 0.4864364 0.04277241 0.4873864 0.727279 0.487662 0.04277241 0.4868299 0.04277241 0.4873864 0.727279 0.4871054 0.04277241 0.4868299 0.727279 0.487662 0.7286224 0.4871054 0.727279 0.4871054 0.727279 0.487662 0.7282288 0.4867119 0.727279 0.4871054 0.7286224 0.4871054 0.7291789 0.4857618 0.7282288 0.4867119 0.7286224 0.4871054 0.7286224 0.4857618 0.7282288 0.4867119 0.7291789 0.4857618 0.7291789 0.4671805 0.7286224 0.4857618 0.7291789 0.4857618 0.7286224 0.4671805 0.7286224 0.4857618 0.7291789 0.4671805 0.7286224 0.465837 0.7286224 0.4671805 0.7291789 0.4671805 0.7282288 0.4662305 0.7286224 0.4671805 0.7286224 0.465837 0.727279 0.4652805 0.7282288 0.4662305 0.7286224 0.465837 0.727279 0.465837 0.7282288 0.4662305 0.727279 0.4652805 0.04277241 0.465005 0.727279 0.465837 0.727279 0.4652805 0.04277241 0.4655615 0.727279 0.465837 0.04277241 0.465005 0.727279 0.5127111 0.04277241 0.4938544 0.04277241 0.5124356 0.727279 0.49413 0.04277241 0.4938544 0.727279 0.5127111 0.04182225 0.4929044 0.04277241 0.4938544 0.04277241 0.4925108 0.04142862 0.4938544 0.04277241 0.4938544 0.04182225 0.4929044 0.04142862 0.5124356 0.04277241 0.4938544 0.04142862 0.4938544 0.04277241 0.5124356 0.04277241 0.4938544 0.04142862 0.5124356 0.04182225 0.5133857 0.04277241 0.5124356 0.04142862 0.5124356 0.04277241 0.5137792 0.04277241 0.5124356 0.04182225 0.5133857 0.727279 0.5140548 0.04277241 0.5124356 0.04277241 0.5137792 0.727279 0.5127111 0.04277241 0.5124356 0.727279 0.5140548 0.7282288 0.5136612 0.727279 0.5127111 0.727279 0.5140548 0.7286224 0.5127111 0.727279 0.5127111 0.7282288 0.5136612 0.7286224 0.49413 0.727279 0.5127111 0.7286224 0.5127111 0.727279 0.49413 0.727279 0.5127111 0.7286224 0.49413 0.7282288 0.4931799 0.727279 0.49413 0.7286224 0.49413 0.727279 0.4927864 0.727279 0.49413 0.7282288 0.4931799 0.04277241 0.4925108 0.727279 0.49413 0.727279 0.4927864 0.04277241 0.4938544 0.727279 0.49413 0.04277241 0.4925108 0.04142862 0.4925108 0.04277241 0.4925108 0.04277241 0.4919543 0.04182225 0.4929044 0.04277241 0.4925108 0.04142862 0.4925108 0.04087203 0.4938544 0.04182225 0.4929044 0.04142862 0.4925108 0.04142862 0.4938544 0.04182225 0.4929044 0.04087203 0.4938544 0.04087203 0.5124356 0.04142862 0.4938544 0.04087203 0.4938544 0.04142862 0.5124356 0.04142862 0.4938544 0.04087203 0.5124356 0.04142862 0.5137792 0.04142862 0.5124356 0.04087203 0.5124356 0.04182225 0.5133857 0.04142862 0.5124356 0.04142862 0.5137792 0.04277241 0.5143359 0.04182225 0.5133857 0.04142862 0.5137792 0.04277241 0.5137792 0.04182225 0.5133857 0.04277241 0.5143359 0.727279 0.5146114 0.04277241 0.5137792 0.04277241 0.5143359 0.727279 0.5140548 0.04277241 0.5137792 0.727279 0.5146114 0.7286224 0.5140548 0.727279 0.5140548 0.727279 0.5146114 0.7282288 0.5136612 0.727279 0.5140548 0.7286224 0.5140548 0.7291789 0.5127111 0.7282288 0.5136612 0.7286224 0.5140548 0.7286224 0.5127111 0.7282288 0.5136612 0.7291789 0.5127111 0.7291789 0.49413 0.7286224 0.5127111 0.7291789 0.5127111 0.7286224 0.49413 0.7286224 0.5127111 0.7291789 0.49413 0.7286224 0.4927864 0.7286224 0.49413 0.7291789 0.49413 0.7282288 0.4931799 0.7286224 0.49413 0.7286224 0.4927864 0.727279 0.4922298 0.7282288 0.4931799 0.7286224 0.4927864 0.727279 0.4927864 0.7282288 0.4931799 0.727279 0.4922298 0.04277241 0.4919543 0.727279 0.4927864 0.727279 0.4922298 0.04277241 0.4925108 0.727279 0.4927864 0.04277241 0.4919543 0.02436363 0.9783555 0.7360374 0.9786059 0.7360374 0.9786059 0.7360374 0.9786059 0.02436363 0.9783555 0.02436363 0.9783555 0.03080171 0.5303481 0.03080171 0.5419026 0.02044874 0.5419026 0.02044874 0.5419026 0.02044874 0.5303481 0.03080171 0.5303481 0.7418065 0.5306237 0.7418065 0.5421782 0.03080171 0.5419026 0.03080171 0.5419026 0.03080171 0.5303481 0.7418065 0.5306237 0.7512781 0.5306237 0.7512781 0.5421782 0.7418065 0.5421782 0.7418065 0.5421782 0.7418065 0.5306237 0.7512781 0.5306237 0.03080171 0.4412817 0.03080171 0.5303481 0.02044874 0.5303481 0.02044874 0.5303481 0.02044874 0.4412817 0.03080171 0.4412817 0.7346647 0.4485039 0.7346647 0.5236772 0.03758561 0.5234017 0.03758561 0.5234017 0.03758561 0.4482283 0.7346647 0.4485039 0.7512781 0.4415572 0.7512781 0.5306237 0.7418065 0.5306237 0.7418065 0.5306237 0.7418065 0.4415572 0.7512781 0.4415572 0.03096097 0.4311553 0.03080171 0.4412817 0.02044874 0.4412817 0.02044874 0.4412817 0.020608 0.4311553 0.03096097 0.4311553 0.7419657 0.4314308 0.7418065 0.4415572 0.03080171 0.4412817 0.03080171 0.4412817 0.03096097 0.4311553 0.7419657 0.4314308 0.7514373 0.4314308 0.7512781 0.4415572 0.7418065 0.4415572 0.7418065 0.4415572 0.7419657 0.4314308 0.7514373 0.4314308 0.02045905 0.5418525 0.02044874 0.5419026 0.03080171 0.5419026 0.7418065 0.5421782 0.7512752 0.5421281 0.02045905 0.5418525 0.02045905 0.5418525 0.03080171 0.5419026 0.7418065 0.5421782 0.7512752 0.5421281 0.7418065 0.5421782 0.7512781 0.5421782 0.7512752 0.5421281 0.7512781 0.5421782 0.7512781 0.5306237 0.7512781 0.4415572 0.7514344 0.4313978 0.7512752 0.5421281 0.7512752 0.5421281 0.7512781 0.5306237 0.7512781 0.4415572 0.7514344 0.4313978 0.7512781 0.4415572 0.7514373 0.4314308 0.7514344 0.4313978 0.7514373 0.4314308 0.7419657 0.4314308 0.03096097 0.4311553 0.02061831 0.4311223 0.7514344 0.4313978 0.7514344 0.4313978 0.7419657 0.4314308 0.03096097 0.4311553 0.02061831 0.4311223 0.03096097 0.4311553 0.020608 0.4311553 0.02061831 0.4311223 0.020608 0.4311553 0.02044874 0.4412817 0.02044874 0.5303481 0.02045905 0.5418525 0.02061831 0.4311223 0.02061831 0.4311223 0.02044874 0.4412817 0.02044874 0.5303481 0.02045905 0.5418525 0.02044874 0.5303481 0.02044874 0.5419026 0.727279 0.4857618 0.04277241 0.4854863 0.04277241 0.466905 0.727279 0.4671805 0.727279 0.4857618 0.04277241 0.466905 0.04182225 0.465955 0.04277241 0.4655615 0.04277241 0.466905 0.04142862 0.466905 0.04182225 0.465955 0.04277241 0.466905 0.04142862 0.4854863 0.04142862 0.466905 0.04277241 0.466905 0.04277241 0.4854863 0.04142862 0.4854863 0.04277241 0.466905 0.04182225 0.4864364 0.04142862 0.4854863 0.04277241 0.4854863 0.04277241 0.4868299 0.04182225 0.4864364 0.04277241 0.4854863 0.727279 0.4871054 0.04277241 0.4868299 0.04277241 0.4854863 0.727279 0.4857618 0.727279 0.4871054 0.04277241 0.4854863 0.7282288 0.4867119 0.727279 0.4871054 0.727279 0.4857618 0.7286224 0.4857618 0.7282288 0.4867119 0.727279 0.4857618 0.7286224 0.4671805 0.7286224 0.4857618 0.727279 0.4857618 0.727279 0.4671805 0.7286224 0.4671805 0.727279 0.4857618 0.7282288 0.4662305 0.7286224 0.4671805 0.727279 0.4671805 0.727279 0.465837 0.7282288 0.4662305 0.727279 0.4671805 0.04277241 0.4655615 0.727279 0.465837 0.727279 0.4671805 0.04277241 0.466905 0.04277241 0.4655615 0.727279 0.4671805 0.04142862 0.4655615 0.04277241 0.4650049 0.04277241 0.4655615 0.04182225 0.465955 0.04142862 0.4655615 0.04277241 0.4655615 0.04087203 0.466905 0.04142862 0.4655615 0.04182225 0.465955 0.04142862 0.466905 0.04087203 0.466905 0.04182225 0.465955 0.04087203 0.4854863 0.04087203 0.466905 0.04142862 0.466905 0.04142862 0.4854863 0.04087203 0.4854863 0.04142862 0.466905 0.04142862 0.4868299 0.04087203 0.4854863 0.04142862 0.4854863 0.04182225 0.4864364 0.04142862 0.4868299 0.04142862 0.4854863 0.04277241 0.4873864 0.04142862 0.4868299 0.04182225 0.4864364 0.04277241 0.4868299 0.04277241 0.4873864 0.04182225 0.4864364 0.727279 0.487662 0.04277241 0.4873864 0.04277241 0.4868299 0.727279 0.4871054 0.727279 0.487662 0.04277241 0.4868299 0.7286224 0.4871054 0.727279 0.487662 0.727279 0.4871054 0.7282288 0.4867119 0.7286224 0.4871054 0.727279 0.4871054 0.7291789 0.4857618 0.7286224 0.4871054 0.7282288 0.4867119 0.7286224 0.4857618 0.7291789 0.4857618 0.7282288 0.4867119 0.7291789 0.4671805 0.7291789 0.4857618 0.7286224 0.4857618 0.7286224 0.4671805 0.7291789 0.4671805 0.7286224 0.4857618 0.7286224 0.465837 0.7291789 0.4671805 0.7286224 0.4671805 0.7282288 0.4662305 0.7286224 0.465837 0.7286224 0.4671805 0.727279 0.4652805 0.7286224 0.465837 0.7282288 0.4662305 0.727279 0.465837 0.727279 0.4652805 0.7282288 0.4662305 0.04277241 0.4650049 0.727279 0.4652805 0.727279 0.465837 0.04277241 0.4655615 0.04277241 0.4650049 0.727279 0.465837 0.727279 0.5127111 0.04277241 0.5124355 0.04277241 0.4938544 0.727279 0.4941299 0.727279 0.5127111 0.04277241 0.4938544 0.04182225 0.4929044 0.04277241 0.4925108 0.04277241 0.4938544 0.04142862 0.4938544 0.04182225 0.4929044 0.04277241 0.4938544 0.04142862 0.5124355 0.04142862 0.4938544 0.04277241 0.4938544 0.04277241 0.5124355 0.04142862 0.5124355 0.04277241 0.4938544 0.04182225 0.5133857 0.04142862 0.5124355 0.04277241 0.5124355 0.04277241 0.5137791 0.04182225 0.5133857 0.04277241 0.5124355 0.727279 0.5140547 0.04277241 0.5137791 0.04277241 0.5124355 0.727279 0.5127111 0.727279 0.5140547 0.04277241 0.5124355 0.7282288 0.5136612 0.727279 0.5140547 0.727279 0.5127111 0.7286224 0.5127111 0.7282288 0.5136612 0.727279 0.5127111 0.7286224 0.4941299 0.7286224 0.5127111 0.727279 0.5127111 0.727279 0.4941299 0.7286224 0.4941299 0.727279 0.5127111 0.7282288 0.4931799 0.7286224 0.4941299 0.727279 0.4941299 0.727279 0.4927863 0.7282288 0.4931799 0.727279 0.4941299 0.04277241 0.4925108 0.727279 0.4927863 0.727279 0.4941299 0.04277241 0.4938544 0.04277241 0.4925108 0.727279 0.4941299 0.04142862 0.4925108 0.04277241 0.4919543 0.04277241 0.4925108 0.04182225 0.4929044 0.04142862 0.4925108 0.04277241 0.4925108 0.04087203 0.4938544 0.04142862 0.4925108 0.04182225 0.4929044 0.04142862 0.4938544 0.04087203 0.4938544 0.04182225 0.4929044 0.04087203 0.5124355 0.04087203 0.4938544 0.04142862 0.4938544 0.04142862 0.5124355 0.04087203 0.5124355 0.04142862 0.4938544 0.04142862 0.5137791 0.04087203 0.5124355 0.04142862 0.5124355 0.04182225 0.5133857 0.04142862 0.5137791 0.04142862 0.5124355 0.04277241 0.5143359 0.04142862 0.5137791 0.04182225 0.5133857 0.04277241 0.5137791 0.04277241 0.5143359 0.04182225 0.5133857 0.727279 0.5146114 0.04277241 0.5143359 0.04277241 0.5137791 0.727279 0.5140547 0.727279 0.5146114 0.04277241 0.5137791 0.7286224 0.5140547 0.727279 0.5146114 0.727279 0.5140547 0.7282288 0.5136612 0.7286224 0.5140547 0.727279 0.5140547 0.7291789 0.5127111 0.7286224 0.5140547 0.7282288 0.5136612 0.7286224 0.5127111 0.7291789 0.5127111 0.7282288 0.5136612 0.7291789 0.4941299 0.7291789 0.5127111 0.7286224 0.5127111 0.7286224 0.4941299 0.7291789 0.4941299 0.7286224 0.5127111 0.7286224 0.4927863 0.7291789 0.4941299 0.7286224 0.4941299 0.7282288 0.4931799 0.7286224 0.4927863 0.7286224 0.4941299 0.727279 0.4922298 0.7286224 0.4927863 0.7282288 0.4931799 0.727279 0.4927863 0.727279 0.4922298 0.7282288 0.4931799 0.04277241 0.4919543 0.727279 0.4922298 0.727279 0.4927863 0.04277241 0.4925108 0.04277241 0.4919543 0.727279 0.4927863 0.7424511 0.4425188 0.7461676 0.4453666 0.7424511 0.4425188 0.7461676 0.4453666 0.7424511 0.4425188 0.7461676 0.4453666 0.7424511 0.4389405 0.7424511 0.4425188 0.7424511 0.4389405 0.7424511 0.4425188 0.7424511 0.4389405 0.7424511 0.4425188 0.7461676 0.4359069 0.7424511 0.4389405 0.7461676 0.4359069 0.7424511 0.4389405 0.7461676 0.4359069 0.7424511 0.4389405 0.7461676 0.4453666 0.7461676 0.4453666 0.7516538 0.4453666 0.7516538 0.4453666 0.7516538 0.4453666 0.7461676 0.4453666 0.7461676 0.4359069 0.7461676 0.4359069 0.7516538 0.4359069 0.7516538 0.4359069 0.7516538 0.4359069 0.7461676 0.4359069 0.7587484 0.4393289 0.7559246 0.440606 0.7555689 0.4393289 0.7559246 0.440606 0.7587484 0.4393289 0.759606 0.440606 0.7573611 0.4398168 0.7555689 0.4393289 0.7549936 0.4398168 0.7555689 0.4393289 0.7573611 0.4398168 0.7587484 0.4393289 0.7573611 0.4413955 0.7549936 0.4398168 0.7549936 0.4413955 0.7549936 0.4398168 0.7573611 0.4413955 0.7573611 0.4398168 0.7587484 0.4418832 0.7549936 0.4413955 0.7555689 0.4418832 0.7549936 0.4413955 0.7587484 0.4418832 0.7573611 0.4413955 0.759606 0.440606 0.7555689 0.4418832 0.7559246 0.440606 0.7555689 0.4418832 0.759606 0.440606 0.7587484 0.4418832 0.7587413 0.4393289 0.759606 0.440606 0.7587484 0.4393289 0.759606 0.440606 0.7587413 0.4393289 0.7595979 0.440606 0.7573541 0.4398168 0.7587484 0.4393289 0.7573611 0.4398168 0.7587484 0.4393289 0.7573541 0.4398168 0.7587413 0.4393289 0.7573541 0.4413955 0.7573611 0.4398168 0.7573611 0.4413955 0.7573611 0.4398168 0.7573541 0.4413955 0.7573541 0.4398168 0.7587413 0.4418832 0.7573611 0.4413955 0.7587484 0.4418832 0.7573611 0.4413955 0.7587413 0.4418832 0.7573541 0.4413955 0.7595979 0.440606 0.7587484 0.4418832 0.759606 0.440606 0.7587484 0.4418832 0.7595979 0.440606 0.7587413 0.4418832 0.7555689 0.4393289 0.7459825 0.440606 0.7463375 0.4393289 0.7459825 0.440606 0.7555689 0.4393289 0.7559246 0.440606 0.7549936 0.4398168 0.7463375 0.4393289 0.7469107 0.4398168 0.7463375 0.4393289 0.7549936 0.4398168 0.7555689 0.4393289 0.7549936 0.4413955 0.7469107 0.4398168 0.7469107 0.4413955 0.7469107 0.4398168 0.7549936 0.4413955 0.7549936 0.4398168 0.7555689 0.4418832 0.7469107 0.4413955 0.7463375 0.4418832 0.7469107 0.4413955 0.7555689 0.4418832 0.7549936 0.4413955 0.7559246 0.440606 0.7463375 0.4418832 0.7459825 0.440606 0.7463375 0.4418832 0.7559246 0.440606 0.7555689 0.4418832 0.7595979 0.440606 0.7573541 0.4413955 0.7587413 0.4418832 0.7595979 0.440606 0.7573541 0.4398168 0.7573541 0.4413955 0.7595979 0.440606 0.7587413 0.4393289 0.7573541 0.4398168 0.7463375 0.4393289 0.7469107 0.4413955 0.7469107 0.4398168 0.7463375 0.4393289 0.7463375 0.4418832 0.7469107 0.4413955 0.7463375 0.4393289 0.7459825 0.440606 0.7463375 0.4418832 0.7424511 0.4425188 0.7461676 0.4453666 0.7424511 0.4425188 0.7461676 0.4453666 0.7424511 0.4425188 0.7461676 0.4453666 0.7424511 0.4389407 0.7424511 0.4425188 0.7424511 0.4389407 0.7424511 0.4425188 0.7424511 0.4389407 0.7424511 0.4425188 0.7461676 0.4359069 0.7424511 0.4389407 0.7461676 0.4359069 0.7424511 0.4389407 0.7461676 0.4359069 0.7424511 0.4389407 0.7516538 0.4453666 0.7461676 0.4453666 0.7461676 0.4453666 0.7461676 0.4453666 0.7516538 0.4453666 0.7516538 0.4453666 0.7516538 0.4359069 0.7461676 0.4359069 0.7461676 0.4359069 0.7461676 0.4359069 0.7516538 0.4359069 0.7516538 0.4359069 0.7555689 0.4393289 0.7559246 0.4406061 0.7587484 0.4393289 0.759606 0.4406061 0.7587484 0.4393289 0.7559246 0.4406061 0.7549936 0.4398168 0.7555689 0.4393289 0.7573611 0.4398168 0.7587484 0.4393289 0.7573611 0.4398168 0.7555689 0.4393289 0.7549936 0.4413955 0.7549936 0.4398168 0.7573611 0.4413955 0.7573611 0.4398168 0.7573611 0.4413955 0.7549936 0.4398168 0.7555689 0.4418833 0.7549936 0.4413955 0.7587484 0.4418833 0.7573611 0.4413955 0.7587484 0.4418833 0.7549936 0.4413955 0.7559246 0.4406061 0.7555689 0.4418833 0.759606 0.4406061 0.7587484 0.4418833 0.759606 0.4406061 0.7555689 0.4418833 0.7587484 0.4393289 0.759606 0.4406061 0.7587413 0.4393289 0.7595979 0.4406061 0.7587413 0.4393289 0.759606 0.4406061 0.7573611 0.4398168 0.7587484 0.4393289 0.7573544 0.4398168 0.7587413 0.4393289 0.7573544 0.4398168 0.7587484 0.4393289 0.7573611 0.4413955 0.7573611 0.4398168 0.7573544 0.4413955 0.7573544 0.4398168 0.7573544 0.4413955 0.7573611 0.4398168 0.7587484 0.4418833 0.7573611 0.4413955 0.7587413 0.4418833 0.7573544 0.4413955 0.7587413 0.4418833 0.7573611 0.4413955 0.759606 0.4406061 0.7587484 0.4418833 0.7595979 0.4406061 0.7587413 0.4418833 0.7595979 0.4406061 0.7587484 0.4418833 0.7463378 0.4393289 0.7459825 0.4406061 0.7555689 0.4393289 0.7559246 0.4406061 0.7555689 0.4393289 0.7459825 0.4406061 0.7469107 0.4398168 0.7463378 0.4393289 0.7549936 0.4398168 0.7555689 0.4393289 0.7549936 0.4398168 0.7463378 0.4393289 0.7469107 0.4413955 0.7469107 0.4398168 0.7549936 0.4413955 0.7549936 0.4398168 0.7549936 0.4413955 0.7469107 0.4398168 0.7463378 0.4418833 0.7469107 0.4413955 0.7555689 0.4418833 0.7549936 0.4413955 0.7555689 0.4418833 0.7469107 0.4413955 0.7459825 0.4406061 0.7463378 0.4418833 0.7559246 0.4406061 0.7555689 0.4418833 0.7559246 0.4406061 0.7463378 0.4418833 0.7587413 0.4418833 0.7573544 0.4413955 0.7595979 0.4406061 0.7573544 0.4413955 0.7573544 0.4398168 0.7595979 0.4406061 0.7573544 0.4398168 0.7587413 0.4393289 0.7595979 0.4406061 0.7469107 0.4398168 0.7469107 0.4413955 0.7463378 0.4393289 0.7469107 0.4413955 0.7463378 0.4418833 0.7463378 0.4393289 0.7463378 0.4418833 0.7459825 0.4406061 0.7463378 0.4393289 0.02881079 0.4422433 0.02509433 0.445091 0.02881079 0.4422433 0.02509433 0.445091 0.02881079 0.4422433 0.02509433 0.445091 0.02881079 0.4386651 0.02881079 0.4422433 0.02881079 0.4386651 0.02881079 0.4422433 0.02881079 0.4386651 0.02881079 0.4422433 0.02509433 0.4356314 0.02881079 0.4386651 0.02509433 0.4356314 0.02881079 0.4386651 0.02509433 0.4356314 0.02881079 0.4386651 0.02509433 0.445091 0.02509433 0.445091 0.01960808 0.445091 0.01960808 0.445091 0.01960808 0.445091 0.02509433 0.445091 0.02509433 0.4356314 0.02509433 0.4356314 0.01960808 0.4356314 0.01960808 0.4356314 0.01960808 0.4356314 0.02509433 0.4356314 0.02509433 0.445091 0.02509433 0.4356314 0.01960808 0.445091 0.01960808 0.4356314 0.01960808 0.445091 0.02509433 0.4356314 0.01251351 0.4390534 0.01533716 0.4403305 0.01569283 0.4390534 0.01533716 0.4403305 0.01251351 0.4390534 0.01165592 0.4403305 0.01390081 0.4395413 0.01569283 0.4390534 0.01626819 0.4395413 0.01569283 0.4390534 0.01390081 0.4395413 0.01251351 0.4390534 0.01390081 0.44112 0.01626819 0.4395413 0.01626819 0.44112 0.01626819 0.4395413 0.01390081 0.44112 0.01390081 0.4395413 0.01251351 0.4416078 0.01626819 0.44112 0.01569283 0.4416078 0.01626819 0.44112 0.01251351 0.4416078 0.01390081 0.44112 0.01165592 0.4403305 0.01569283 0.4416078 0.01533716 0.4403305 0.01569283 0.4416078 0.01165592 0.4403305 0.01251351 0.4416078 0.01252108 0.4390534 0.01165592 0.4403305 0.01251351 0.4390534 0.01165592 0.4403305 0.01252108 0.4390534 0.01166403 0.4403305 0.0139079 0.4395413 0.01251351 0.4390534 0.01390081 0.4395413 0.01251351 0.4390534 0.0139079 0.4395413 0.01252108 0.4390534 0.0139079 0.44112 0.01390081 0.4395413 0.01390081 0.44112 0.01390081 0.4395413 0.0139079 0.44112 0.0139079 0.4395413 0.01252108 0.4416078 0.01390081 0.44112 0.01251351 0.4416078 0.01390081 0.44112 0.01252108 0.4416078 0.0139079 0.44112 0.01166403 0.4403305 0.01251351 0.4416078 0.01165592 0.4403305 0.01251351 0.4416078 0.01166403 0.4403305 0.01252108 0.4416078 0.01569283 0.4390534 0.02527928 0.4403305 0.02492463 0.4390534 0.02527928 0.4403305 0.01569283 0.4390534 0.01533716 0.4403305 0.01626819 0.4395413 0.02492463 0.4390534 0.02435076 0.4395413 0.02492463 0.4390534 0.01626819 0.4395413 0.01569283 0.4390534 0.01626819 0.44112 0.02435076 0.4395413 0.02435076 0.44112 0.02435076 0.4395413 0.01626819 0.44112 0.01626819 0.4395413 0.01569283 0.4416078 0.02435076 0.44112 0.02492463 0.4416078 0.02435076 0.44112 0.01569283 0.4416078 0.01626819 0.44112 0.01533716 0.4403305 0.02492463 0.4416078 0.02527928 0.4403305 0.02492463 0.4416078 0.01533716 0.4403305 0.01569283 0.4416078 0.01166403 0.4403305 0.0139079 0.44112 0.01252108 0.4416078 0.01166403 0.4403305 0.0139079 0.4395413 0.0139079 0.44112 0.01166403 0.4403305 0.01252108 0.4390534 0.0139079 0.4395413 0.02492463 0.4390534 0.02435076 0.44112 0.02435076 0.4395413 0.02492463 0.4390534 0.02492463 0.4416078 0.02435076 0.44112 0.02492463 0.4390534 0.02527928 0.4403305 0.02492463 0.4416078 0.02881079 0.4422433 0.02509433 0.445091 0.02881079 0.4422433 0.02509433 0.445091 0.02881079 0.4422433 0.02509433 0.445091 0.02881079 0.438665 0.02881079 0.4422433 0.02881079 0.438665 0.02881079 0.4422433 0.02881079 0.438665 0.02881079 0.4422433 0.02509433 0.4356314 0.02881079 0.438665 0.02509433 0.4356314 0.02881079 0.438665 0.02509433 0.4356314 0.02881079 0.438665 0.01960808 0.445091 0.02509433 0.445091 0.02509433 0.445091 0.02509433 0.445091 0.01960808 0.445091 0.01960808 0.445091 0.01960808 0.4356314 0.02509433 0.4356314 0.02509433 0.4356314 0.02509433 0.4356314 0.01960808 0.4356314 0.01960808 0.4356314 0.01960808 0.445091 0.02509433 0.4356314 0.02509433 0.445091 0.02509433 0.4356314 0.01960808 0.445091 0.01960808 0.4356314 0.01569283 0.4390534 0.01533716 0.4403305 0.01251351 0.4390534 0.01165598 0.4403305 0.01251351 0.4390534 0.01533716 0.4403305 0.01626819 0.4395413 0.01569283 0.4390534 0.01390099 0.4395413 0.01251351 0.4390534 0.01390099 0.4395413 0.01569283 0.4390534 0.01626819 0.4411199 0.01626819 0.4395413 0.01390099 0.4411199 0.01390099 0.4395413 0.01390099 0.4411199 0.01626819 0.4395413 0.01569283 0.4416077 0.01626819 0.4411199 0.01251351 0.4416077 0.01390099 0.4411199 0.01251351 0.4416077 0.01626819 0.4411199 0.01533716 0.4403305 0.01569283 0.4416077 0.01165598 0.4403305 0.01251351 0.4416077 0.01165598 0.4403305 0.01569283 0.4416077 0.01251351 0.4390534 0.01165598 0.4403305 0.01252108 0.4390534 0.01166403 0.4403305 0.01252108 0.4390534 0.01165598 0.4403305 0.01390099 0.4395413 0.01251351 0.4390534 0.0139079 0.4395413 0.01252108 0.4390534 0.0139079 0.4395413 0.01251351 0.4390534 0.01390099 0.4411199 0.01390099 0.4395413 0.0139079 0.4411199 0.0139079 0.4395413 0.0139079 0.4411199 0.01390099 0.4395413 0.01251351 0.4416077 0.01390099 0.4411199 0.01252108 0.4416077 0.0139079 0.4411199 0.01252108 0.4416077 0.01390099 0.4411199 0.01165598 0.4403305 0.01251351 0.4416077 0.01166403 0.4403305 0.01252108 0.4416077 0.01166403 0.4403305 0.01251351 0.4416077 0.02492463 0.4390534 0.02527928 0.4403305 0.01569283 0.4390534 0.01533716 0.4403305 0.01569283 0.4390534 0.02527928 0.4403305 0.02435088 0.4395413 0.02492463 0.4390534 0.01626819 0.4395413 0.01569283 0.4390534 0.01626819 0.4395413 0.02492463 0.4390534 0.02435088 0.4411199 0.02435088 0.4395413 0.01626819 0.4411199 0.01626819 0.4395413 0.01626819 0.4411199 0.02435088 0.4395413 0.02492463 0.4416077 0.02435088 0.4411199 0.01569283 0.4416077 0.01626819 0.4411199 0.01569283 0.4416077 0.02435088 0.4411199 0.02527928 0.4403305 0.02492463 0.4416077 0.01533716 0.4403305 0.01569283 0.4416077 0.01533716 0.4403305 0.02492463 0.4416077 0.01252108 0.4416077 0.0139079 0.4411199 0.01166403 0.4403305 0.0139079 0.4411199 0.0139079 0.4395413 0.01166403 0.4403305 0.0139079 0.4395413 0.01252108 0.4390534 0.01166403 0.4403305 0.02435088 0.4395413 0.02435088 0.4411199 0.02492463 0.4390534 0.02435088 0.4411199 0.02492463 0.4416077 0.02492463 0.4390534 0.02492463 0.4416077 0.02527928 0.4403305 0.02492463 0.4390534 0.7287502 0.5888142 0.7287502 0.5888142 0.7299351 0.9775033 0.7299351 0.9775033 0.7299351 0.9775033 0.7287502 0.5888142 0.7057147 0.3860316 0.7214149 0.3860316 0.7057147 0.3690925 0.7214149 0.3690925 0.7057147 0.3690925 0.7214149 0.3860316 0.04531282 0.3860318 0.7057147 0.3860316 0.04531282 0.3690926 0.7057147 0.3690925 0.04531282 0.3690926 0.7057147 0.3860316 0.03094875 0.3860318 0.04531282 0.3860318 0.03094875 0.3690926 0.04531282 0.3690926 0.03094875 0.3690926 0.04531282 0.3860318 0.7057147 0.3690925 0.7214149 0.3690925 0.7057147 0.2385188 0.7214149 0.2385188 0.7057147 0.2385188 0.7214149 0.3690925 0.05614364 0.3589088 0.6954271 0.3589087 0.05255401 0.2491541 0.6918378 0.249154 0.05255401 0.2491541 0.6954271 0.3589087 0.03094875 0.3690926 0.04531282 0.3690926 0.03094875 0.2385189 0.0453127 0.2385189 0.03094875 0.2385189 0.04531282 0.3690926 0.7057147 0.2385188 0.7214149 0.2385188 0.7057147 0.2210441 0.7214149 0.2210441 0.7057147 0.2210441 0.7214149 0.2385188 0.0453127 0.2385189 0.7057147 0.2385188 0.0453127 0.2210441 0.7057147 0.2210441 0.0453127 0.2210441 0.7057147 0.2385188 0.03094875 0.2385189 0.0453127 0.2385189 0.03094875 0.2210441 0.0453127 0.2210441 0.03094875 0.2210441 0.0453127 0.2385189 0.7214149 0.3860316 0.7057147 0.3860316 0.7213996 0.3859581 0.03095352 0.3859582 0.7213996 0.3859581 0.04531282 0.3860318 0.7057147 0.3860316 0.04531282 0.3860318 0.7213996 0.3859581 0.04531282 0.3860318 0.03094875 0.3860318 0.03095352 0.3859582 0.03094875 0.3860318 0.03094875 0.3690926 0.03095352 0.3859582 0.03095352 0.2209959 0.03095352 0.3859582 0.03094875 0.2385189 0.03094875 0.3690926 0.03094875 0.2385189 0.03095352 0.3859582 0.03094875 0.2385189 0.03094875 0.2210441 0.03095352 0.2209959 0.03094875 0.2210441 0.0453127 0.2210441 0.03095352 0.2209959 0.7213996 0.2209957 0.03095352 0.2209959 0.7057147 0.2210441 0.0453127 0.2210441 0.7057147 0.2210441 0.03095352 0.2209959 0.7057147 0.2210441 0.7214149 0.2210441 0.7213996 0.2209957 0.7214149 0.2210441 0.7214149 0.2385188 0.7213996 0.2209957 0.7213996 0.3859581 0.7213996 0.2209957 0.7214149 0.3690925 0.7214149 0.2385188 0.7214149 0.3690925 0.7213996 0.2209957 0.7214149 0.3690925 0.7214149 0.3860316 0.7213996 0.3859581 0.6875613 0.3033239 0.6875613 0.2760835 0.06734466 0.303324 0.06734466 0.303324 0.6875613 0.2760835 0.06734466 0.2760835 0.6875613 0.2741137 0.6875613 0.2760835 0.6890018 0.2746906 0.6890018 0.2746906 0.6875613 0.2760835 0.6895987 0.2760835 0.6895987 0.2760835 0.6875613 0.2760835 0.6895987 0.3033239 0.6895987 0.3033239 0.6875613 0.2760835 0.6875613 0.3033239 0.6895987 0.3033239 0.6875613 0.3033239 0.6890018 0.3047167 0.6890018 0.3047167 0.6875613 0.3033239 0.6875613 0.3052936 0.6875613 0.3052936 0.6875613 0.3033239 0.06734466 0.3052936 0.06734466 0.3052936 0.6875613 0.3033239 0.06734466 0.303324 0.06734466 0.3052936 0.06734466 0.303324 0.06590408 0.3047167 0.06590408 0.3047167 0.06734466 0.303324 0.06530725 0.303324 0.06530725 0.303324 0.06734466 0.303324 0.06530725 0.2760835 0.06530725 0.2760835 0.06734466 0.303324 0.06734466 0.2760835 0.06530725 0.2760835 0.06734466 0.2760835 0.06590408 0.2746908 0.06590408 0.2746908 0.06734466 0.2760835 0.06734466 0.2741138 0.06734466 0.2741138 0.06734466 0.2760835 0.6875613 0.2741137 0.6875613 0.2741137 0.06734466 0.2760835 0.6875613 0.2760835 0.6875613 0.2732977 0.6875613 0.2741137 0.6895987 0.2741137 0.6895987 0.2741137 0.6875613 0.2741137 0.6890018 0.2746906 0.6895987 0.2741137 0.6890018 0.2746906 0.6904427 0.2760835 0.6904427 0.2760835 0.6890018 0.2746906 0.6895987 0.2760835 0.6904427 0.2760835 0.6895987 0.2760835 0.6904427 0.3033239 0.6904427 0.3033239 0.6895987 0.2760835 0.6895987 0.3033239 0.6904427 0.3033239 0.6895987 0.3033239 0.6895987 0.3052936 0.6895987 0.3052936 0.6895987 0.3033239 0.6890018 0.3047167 0.6895987 0.3052936 0.6890018 0.3047167 0.6875613 0.3061096 0.6875613 0.3061096 0.6890018 0.3047167 0.6875613 0.3052936 0.6875613 0.3061096 0.6875613 0.3052936 0.06734466 0.3061096 0.06734466 0.3061096 0.6875613 0.3052936 0.06734466 0.3052936 0.06734466 0.3061096 0.06734466 0.3052936 0.06530725 0.3052936 0.06530725 0.3052936 0.06734466 0.3052936 0.06590408 0.3047167 0.06530725 0.3052936 0.06590408 0.3047167 0.06446325 0.303324 0.06446325 0.303324 0.06590408 0.3047167 0.06530725 0.303324 0.06446325 0.303324 0.06530725 0.303324 0.06446325 0.2760835 0.06446325 0.2760835 0.06530725 0.303324 0.06530725 0.2760835 0.06446325 0.2760835 0.06530725 0.2760835 0.06530725 0.2741138 0.06530725 0.2741138 0.06530725 0.2760835 0.06590408 0.2746908 0.06530725 0.2741138 0.06590408 0.2746908 0.06734466 0.2732978 0.06734466 0.2732978 0.06590408 0.2746908 0.06734466 0.2741138 0.06734466 0.2732978 0.06734466 0.2741138 0.6875613 0.2732977 0.6875613 0.2732977 0.06734466 0.2741138 0.6875613 0.2741137 0.6875613 0.3428322 0.6875613 0.3155917 0.06734472 0.3428323 0.06734472 0.3428323 0.6875613 0.3155917 0.06734466 0.3155917 0.6875613 0.313622 0.6875613 0.3155917 0.6890018 0.3141989 0.6890018 0.3141989 0.6875613 0.3155917 0.6895987 0.3155917 0.6895987 0.3155917 0.6875613 0.3155917 0.6895987 0.3428322 0.6895987 0.3428322 0.6875613 0.3155917 0.6875613 0.3428322 0.6895987 0.3428322 0.6875613 0.3428322 0.6890018 0.3442251 0.6890018 0.3442251 0.6875613 0.3428322 0.6875613 0.3448019 0.6875613 0.3448019 0.6875613 0.3428322 0.06734472 0.344802 0.06734472 0.344802 0.6875613 0.3428322 0.06734472 0.3428323 0.06734472 0.344802 0.06734472 0.3428323 0.06590408 0.3442251 0.06590408 0.3442251 0.06734472 0.3428323 0.06530725 0.3428323 0.06530725 0.3428323 0.06734472 0.3428323 0.06530725 0.3155917 0.06530725 0.3155917 0.06734472 0.3428323 0.06734466 0.3155917 0.06530725 0.3155917 0.06734466 0.3155917 0.06590408 0.3141989 0.06590408 0.3141989 0.06734466 0.3155917 0.06734466 0.3136221 0.06734466 0.3136221 0.06734466 0.3155917 0.6875613 0.313622 0.6875613 0.313622 0.06734466 0.3155917 0.6875613 0.3155917 0.6875613 0.3128061 0.6875613 0.313622 0.6895987 0.313622 0.6895987 0.313622 0.6875613 0.313622 0.6890018 0.3141989 0.6895987 0.313622 0.6890018 0.3141989 0.6904427 0.3155917 0.6904427 0.3155917 0.6890018 0.3141989 0.6895987 0.3155917 0.6904427 0.3155917 0.6895987 0.3155917 0.6904427 0.3428322 0.6904427 0.3428322 0.6895987 0.3155917 0.6895987 0.3428322 0.6904427 0.3428322 0.6895987 0.3428322 0.6895987 0.3448019 0.6895987 0.3448019 0.6895987 0.3428322 0.6890018 0.3442251 0.6895987 0.3448019 0.6890018 0.3442251 0.6875613 0.3456178 0.6875613 0.3456178 0.6890018 0.3442251 0.6875613 0.3448019 0.6875613 0.3456178 0.6875613 0.3448019 0.06734472 0.3456179 0.06734472 0.3456179 0.6875613 0.3448019 0.06734472 0.344802 0.06734472 0.3456179 0.06734472 0.344802 0.06530725 0.344802 0.06530725 0.344802 0.06734472 0.344802 0.06590408 0.3442251 0.06530725 0.344802 0.06590408 0.3442251 0.06446325 0.3428323 0.06446325 0.3428323 0.06590408 0.3442251 0.06530725 0.3428323 0.06446325 0.3428323 0.06530725 0.3428323 0.06446325 0.3155917 0.06446325 0.3155917 0.06530725 0.3428323 0.06530725 0.3155917 0.06446325 0.3155917 0.06530725 0.3155917 0.06530725 0.3136221 0.06530725 0.3136221 0.06530725 0.3155917 0.06590408 0.3141989 0.06530725 0.3136221 0.06590408 0.3141989 0.06734466 0.3128061 0.06734466 0.3128061 0.06590408 0.3141989 0.06734466 0.3136221 0.06734466 0.3128061 0.06734466 0.3136221 0.6875613 0.3128061 0.6875613 0.3128061 0.06734466 0.3136221 0.6875613 0.313622 0.0117188 0.4944684 0.01420623 0.4945474 0.01018178 0.4944195 0.01420623 0.4945474 0.01420623 0.4945474 0.01018178 0.4944195 0.01420623 0.4945474 0.0117188 0.4944684 0.01018178 0.4944195 0.0117188 0.4944684 0.01018178 0.4944195 0.01181828 0.4623061 0.01028102 0.4622572 0.01181828 0.4623061 0.01018178 0.4944195 0.01420623 0.4945474 0.0117188 0.4944684 0.01430565 0.4623851 0.01181828 0.4623061 0.01430565 0.4623851 0.0117188 0.4944684 0.01420623 0.4945474 0.01420623 0.4945474 0.01430565 0.4623851 0.01430565 0.4623851 0.01430565 0.4623851 0.01420623 0.4945474 0.0117188 0.4944684 0.01420623 0.4945474 0.01181828 0.4623061 0.01430565 0.4623851 0.01181828 0.4623061 0.01420623 0.4945474 0.01018178 0.4944195 0.0117188 0.4944684 0.01028102 0.4622572 0.01181828 0.4623061 0.01028102 0.4622572 0.0117188 0.4944684 0.01181828 0.4623061 0.01028102 0.4622572 0.01612681 0.4489948 0.0145896 0.448946 0.01612681 0.4489948 0.01028102 0.4622572 0.01430565 0.4623851 0.01181828 0.4623061 0.01861411 0.4490739 0.01612681 0.4489948 0.01861411 0.4490739 0.01181828 0.4623061 0.01430565 0.4623851 0.01430565 0.4623851 0.01861411 0.4490739 0.01861411 0.4490739 0.01861411 0.4490739 0.01430565 0.4623851 0.01181828 0.4623061 0.01430565 0.4623851 0.01612681 0.4489948 0.01861411 0.4490739 0.01612681 0.4489948 0.01430565 0.4623851 0.01028102 0.4622572 0.01181828 0.4623061 0.0145896 0.448946 0.01612681 0.4489948 0.0145896 0.448946 0.01181828 0.4623061 0.01612681 0.4489948 0.0145896 0.448946 0.01663213 0.439903 0.01509469 0.4398542 0.01663213 0.439903 0.0145896 0.448946 0.01861411 0.4490739 0.01612681 0.4489948 0.01911938 0.4399821 0.01663213 0.439903 0.01911938 0.4399821 0.01612681 0.4489948 0.01861411 0.4490739 0.01861411 0.4490739 0.01911938 0.4399821 0.01911938 0.4399821 0.01911938 0.4399821 0.01861411 0.4490739 0.01612681 0.4489948 0.01861411 0.4490739 0.01663213 0.439903 0.01911938 0.4399821 0.01663213 0.439903 0.01861411 0.4490739 0.0145896 0.448946 0.01612681 0.4489948 0.01509469 0.4398542 0.01663213 0.439903 0.01509469 0.4398542 0.01612681 0.4489948 0.01663213 0.439903 0.01509469 0.4398542 0.01723223 0.4374478 0.01532894 0.4354404 0.01723223 0.4374478 0.01509469 0.4398542 0.01911938 0.4399821 0.01663213 0.439903 0.01919817 0.4378286 0.01723223 0.4374478 0.01919817 0.4378286 0.01663213 0.439903 0.01911938 0.4399821 0.01911938 0.4399821 0.01919806 0.4364065 0.01919817 0.4378286 0.01919806 0.4364065 0.01911938 0.4399821 0.01663213 0.439903 0.01911938 0.4399821 0.01700037 0.4349591 0.01919806 0.4364065 0.01700037 0.4349591 0.01911938 0.4399821 0.01509469 0.4398542 0.01663213 0.439903 0.01532894 0.4354404 0.01700037 0.4349591 0.01532894 0.4354404 0.01663213 0.439903 0.01522231 0.4345545 0.0168935 0.4368681 0.01532894 0.4354404 0.01723223 0.4374478 0.01532894 0.4354404 0.0168935 0.4368681 0.0168935 0.4368681 0.0190913 0.436651 0.01723223 0.4374478 0.01919817 0.4378286 0.01723223 0.4374478 0.0190913 0.436651 0.0190913 0.436651 0.0190913 0.4342032 0.01919817 0.4378286 0.01919806 0.4364065 0.01919817 0.4378286 0.0190913 0.4342032 0.0190913 0.4342032 0.0168935 0.4329075 0.01919806 0.4364065 0.01700037 0.4349591 0.01919806 0.4364065 0.0168935 0.4329075 0.0168935 0.4329075 0.01522231 0.4345545 0.01700037 0.4349591 0.01532894 0.4354404 0.01700037 0.4349591 0.01522231 0.4345545 0.01522231 0.4345545 0.0168935 0.4368681 0.01522231 0.4345545 0.0168935 0.4368681 0.01522231 0.4345545 0.0168935 0.4368681 0.0168935 0.4368681 0.0190913 0.436651 0.0168935 0.4368681 0.0190913 0.436651 0.0168935 0.4368681 0.0190913 0.436651 0.0190913 0.436651 0.0190913 0.4342032 0.0190913 0.436651 0.0190913 0.4342032 0.0190913 0.436651 0.0190913 0.4342032 0.0190913 0.4342032 0.0168935 0.4329075 0.0190913 0.4342032 0.0168935 0.4329075 0.0190913 0.4342032 0.0168935 0.4329075 0.0168935 0.4329075 0.01522231 0.4345545 0.0168935 0.4329075 0.01522231 0.4345545 0.0168935 0.4329075 0.01522231 0.4345545 0.01922273 0.4345545 0.02089399 0.4368681 0.01522231 0.4345545 0.0168935 0.4368681 0.01522231 0.4345545 0.02089399 0.4368681 0.02089399 0.4368681 0.02309161 0.436651 0.0168935 0.4368681 0.0190913 0.436651 0.0168935 0.4368681 0.02309161 0.436651 0.02309161 0.436651 0.02309161 0.4342032 0.0190913 0.436651 0.0190913 0.4342032 0.0190913 0.436651 0.02309161 0.4342032 0.02309161 0.4342032 0.02089387 0.4329075 0.0190913 0.4342032 0.0168935 0.4329075 0.0190913 0.4342032 0.02089387 0.4329075 0.02089387 0.4329075 0.01922273 0.4345545 0.0168935 0.4329075 0.01522231 0.4345545 0.0168935 0.4329075 0.01922273 0.4345545 0.01018166 0.4944195 0.01420623 0.4945474 0.0117188 0.4944684 0.01018166 0.4944195 0.01420623 0.4945474 0.01420623 0.4945474 0.01018166 0.4944195 0.0117188 0.4944684 0.01420623 0.4945474 0.01181817 0.4623061 0.01018166 0.4944195 0.0117188 0.4944684 0.01018166 0.4944195 0.01181817 0.4623061 0.01028102 0.4622573 0.01430553 0.4623851 0.0117188 0.4944684 0.01420623 0.4945474 0.0117188 0.4944684 0.01430553 0.4623851 0.01181817 0.4623061 0.01430553 0.4623851 0.01420623 0.4945474 0.01420623 0.4945474 0.01420623 0.4945474 0.01430553 0.4623851 0.01430553 0.4623851 0.01181817 0.4623061 0.01420623 0.4945474 0.0117188 0.4944684 0.01420623 0.4945474 0.01181817 0.4623061 0.01430553 0.4623851 0.01028102 0.4622573 0.0117188 0.4944684 0.01018166 0.4944195 0.0117188 0.4944684 0.01028102 0.4622573 0.01181817 0.4623061 0.01612681 0.4489948 0.01028102 0.4622573 0.01181817 0.4623061 0.01028102 0.4622573 0.01612681 0.4489948 0.01458948 0.448946 0.01861411 0.4490739 0.01181817 0.4623061 0.01430553 0.4623851 0.01181817 0.4623061 0.01861411 0.4490739 0.01612681 0.4489948 0.01861411 0.4490739 0.01430553 0.4623851 0.01430553 0.4623851 0.01430553 0.4623851 0.01861411 0.4490739 0.01861411 0.4490739 0.01612681 0.4489948 0.01430553 0.4623851 0.01181817 0.4623061 0.01430553 0.4623851 0.01612681 0.4489948 0.01861411 0.4490739 0.01458948 0.448946 0.01181817 0.4623061 0.01028102 0.4622573 0.01181817 0.4623061 0.01458948 0.448946 0.01612681 0.4489948 0.01663202 0.4399031 0.01458948 0.448946 0.01612681 0.4489948 0.01458948 0.448946 0.01663202 0.4399031 0.01509469 0.4398543 0.01911938 0.4399822 0.01612681 0.4489948 0.01861411 0.4490739 0.01612681 0.4489948 0.01911938 0.4399822 0.01663202 0.4399031 0.01911938 0.4399822 0.01861411 0.4490739 0.01861411 0.4490739 0.01861411 0.4490739 0.01911938 0.4399822 0.01911938 0.4399822 0.01663202 0.4399031 0.01861411 0.4490739 0.01612681 0.4489948 0.01861411 0.4490739 0.01663202 0.4399031 0.01911938 0.4399822 0.01509469 0.4398543 0.01612681 0.4489948 0.01458948 0.448946 0.01612681 0.4489948 0.01509469 0.4398543 0.01663202 0.4399031 0.01723223 0.4374479 0.01509469 0.4398543 0.01663202 0.4399031 0.01509469 0.4398543 0.01723223 0.4374479 0.01532894 0.4354404 0.01919806 0.4378287 0.01663202 0.4399031 0.01911938 0.4399822 0.01663202 0.4399031 0.01919806 0.4378287 0.01723223 0.4374479 0.01919806 0.4364066 0.01911938 0.4399822 0.01911938 0.4399822 0.01911938 0.4399822 0.01919806 0.4364066 0.01919806 0.4378287 0.01700025 0.4349591 0.01911938 0.4399822 0.01663202 0.4399031 0.01911938 0.4399822 0.01700025 0.4349591 0.01919806 0.4364066 0.01532894 0.4354404 0.01663202 0.4399031 0.01509469 0.4398543 0.01663202 0.4399031 0.01532894 0.4354404 0.01700025 0.4349591 0.01532894 0.4354404 0.0168935 0.4368682 0.01522231 0.4345545 0.0168935 0.4368682 0.01532894 0.4354404 0.01723223 0.4374479 0.01723223 0.4374479 0.0190913 0.436651 0.0168935 0.4368682 0.0190913 0.436651 0.01723223 0.4374479 0.01919806 0.4378287 0.01919806 0.4378287 0.0190913 0.4342032 0.0190913 0.436651 0.0190913 0.4342032 0.01919806 0.4378287 0.01919806 0.4364066 0.01919806 0.4364066 0.0168935 0.4329076 0.0190913 0.4342032 0.0168935 0.4329076 0.01919806 0.4364066 0.01700025 0.4349591 0.01700025 0.4349591 0.01522231 0.4345545 0.0168935 0.4329076 0.01522231 0.4345545 0.01700025 0.4349591 0.01532894 0.4354404 0.01522231 0.4345545 0.0168935 0.4368682 0.01522231 0.4345545 0.0168935 0.4368682 0.01522231 0.4345545 0.0168935 0.4368682 0.0168935 0.4368682 0.0190913 0.436651 0.0168935 0.4368682 0.0190913 0.436651 0.0168935 0.4368682 0.0190913 0.436651 0.0190913 0.436651 0.0190913 0.4342032 0.0190913 0.436651 0.0190913 0.4342032 0.0190913 0.436651 0.0190913 0.4342032 0.0190913 0.4342032 0.0168935 0.4329076 0.0190913 0.4342032 0.0168935 0.4329076 0.0190913 0.4342032 0.0168935 0.4329076 0.0168935 0.4329076 0.01522231 0.4345545 0.0168935 0.4329076 0.01522231 0.4345545 0.0168935 0.4329076 0.01522231 0.4345545 0.01522231 0.4345545 0.02089387 0.4368682 0.01922273 0.4345545 0.02089387 0.4368682 0.01522231 0.4345545 0.0168935 0.4368682 0.0168935 0.4368682 0.02309161 0.436651 0.02089387 0.4368682 0.02309161 0.436651 0.0168935 0.4368682 0.0190913 0.436651 0.0190913 0.436651 0.02309161 0.4342032 0.02309161 0.436651 0.02309161 0.4342032 0.0190913 0.436651 0.0190913 0.4342032 0.0190913 0.4342032 0.02089387 0.4329076 0.02309161 0.4342032 0.02089387 0.4329076 0.0190913 0.4342032 0.0168935 0.4329076 0.0168935 0.4329076 0.01922273 0.4345545 0.02089387 0.4329076 0.01922273 0.4345545 0.0168935 0.4329076 0.01522231 0.4345545 0.7595431 0.494744 0.7570559 0.4948229 0.7610802 0.494695 0.7570559 0.4948229 0.7570559 0.4948229 0.7610802 0.494695 0.7570559 0.4948229 0.7595431 0.494744 0.7610802 0.494695 0.7595431 0.494744 0.7610802 0.494695 0.7594437 0.4625816 0.760981 0.4625326 0.7594437 0.4625816 0.7610802 0.494695 0.7570559 0.4948229 0.7595431 0.494744 0.7569562 0.4626606 0.7594437 0.4625816 0.7569562 0.4626606 0.7595431 0.494744 0.7570559 0.4948229 0.7570559 0.4948229 0.7569562 0.4626606 0.7569562 0.4626606 0.7569562 0.4626606 0.7570559 0.4948229 0.7595431 0.494744 0.7570559 0.4948229 0.7594437 0.4625816 0.7569562 0.4626606 0.7594437 0.4625816 0.7570559 0.4948229 0.7610802 0.494695 0.7595431 0.494744 0.760981 0.4625326 0.7594437 0.4625816 0.760981 0.4625326 0.7595431 0.494744 0.7594437 0.4625816 0.760981 0.4625326 0.7551354 0.4492703 0.7566725 0.4492216 0.7551354 0.4492703 0.760981 0.4625326 0.7569562 0.4626606 0.7594437 0.4625816 0.752648 0.4493494 0.7551354 0.4492703 0.752648 0.4493494 0.7594437 0.4625816 0.7569562 0.4626606 0.7569562 0.4626606 0.752648 0.4493494 0.752648 0.4493494 0.752648 0.4493494 0.7569562 0.4626606 0.7594437 0.4625816 0.7569562 0.4626606 0.7551354 0.4492703 0.752648 0.4493494 0.7551354 0.4492703 0.7569562 0.4626606 0.760981 0.4625326 0.7594437 0.4625816 0.7566725 0.4492216 0.7551354 0.4492703 0.7566725 0.4492216 0.7594437 0.4625816 0.7551354 0.4492703 0.7566725 0.4492216 0.7546297 0.4401785 0.7561673 0.4401298 0.7546297 0.4401785 0.7566725 0.4492216 0.752648 0.4493494 0.7551354 0.4492703 0.7521426 0.4402577 0.7546297 0.4401785 0.7521426 0.4402577 0.7551354 0.4492703 0.752648 0.4493494 0.752648 0.4493494 0.7521426 0.4402577 0.7521426 0.4402577 0.7521426 0.4402577 0.752648 0.4493494 0.7551354 0.4492703 0.752648 0.4493494 0.7546297 0.4401785 0.7521426 0.4402577 0.7546297 0.4401785 0.752648 0.4493494 0.7566725 0.4492216 0.7551354 0.4492703 0.7561673 0.4401298 0.7546297 0.4401785 0.7561673 0.4401298 0.7551354 0.4492703 0.7546297 0.4401785 0.7561673 0.4401298 0.7540294 0.4377234 0.7559332 0.4357159 0.7540294 0.4377234 0.7561673 0.4401298 0.7521426 0.4402577 0.7546297 0.4401785 0.7520639 0.4381042 0.7540294 0.4377234 0.7520639 0.4381042 0.7546297 0.4401785 0.7521426 0.4402577 0.7521426 0.4402577 0.7520641 0.436682 0.7520639 0.4381042 0.7520641 0.436682 0.7521426 0.4402577 0.7546297 0.4401785 0.7521426 0.4402577 0.7542623 0.4352346 0.7520641 0.436682 0.7542623 0.4352346 0.7521426 0.4402577 0.7561673 0.4401298 0.7546297 0.4401785 0.7559332 0.4357159 0.7542623 0.4352346 0.7559332 0.4357159 0.7546297 0.4401785 0.7560395 0.43483 0.7543682 0.4371436 0.7559332 0.4357159 0.7540294 0.4377234 0.7559332 0.4357159 0.7543682 0.4371436 0.7543682 0.4371436 0.7521712 0.4369265 0.7540294 0.4377234 0.7520639 0.4381042 0.7540294 0.4377234 0.7521712 0.4369265 0.7521712 0.4369265 0.7521712 0.4344787 0.7520639 0.4381042 0.7520641 0.436682 0.7520639 0.4381042 0.7521712 0.4344787 0.7521712 0.4344787 0.7543682 0.433183 0.7520641 0.436682 0.7542623 0.4352346 0.7520641 0.436682 0.7543682 0.433183 0.7543682 0.433183 0.7560395 0.43483 0.7542623 0.4352346 0.7559332 0.4357159 0.7542623 0.4352346 0.7560395 0.43483 0.7560395 0.43483 0.7543682 0.4371436 0.7560395 0.43483 0.7543682 0.4371436 0.7560395 0.43483 0.7543682 0.4371436 0.7543682 0.4371436 0.7521712 0.4369265 0.7543682 0.4371436 0.7521712 0.4369265 0.7543682 0.4371436 0.7521712 0.4369265 0.7521712 0.4369265 0.7521712 0.4344787 0.7521712 0.4369265 0.7521712 0.4344787 0.7521712 0.4369265 0.7521712 0.4344787 0.7521712 0.4344787 0.7543682 0.433183 0.7521712 0.4344787 0.7543682 0.433183 0.7521712 0.4344787 0.7543682 0.433183 0.7543682 0.433183 0.7560395 0.43483 0.7543682 0.433183 0.7560395 0.43483 0.7543682 0.433183 0.7560395 0.43483 0.7520393 0.43483 0.7503678 0.4371436 0.7560395 0.43483 0.7543682 0.4371436 0.7560395 0.43483 0.7503678 0.4371436 0.7503678 0.4371436 0.7481703 0.4369265 0.7543682 0.4371436 0.7521712 0.4369265 0.7543682 0.4371436 0.7481703 0.4369265 0.7481703 0.4369265 0.7481703 0.4344787 0.7521712 0.4369265 0.7521712 0.4344787 0.7521712 0.4369265 0.7481703 0.4344787 0.7481703 0.4344787 0.7503678 0.433183 0.7521712 0.4344787 0.7543682 0.433183 0.7521712 0.4344787 0.7503678 0.433183 0.7503678 0.433183 0.7520393 0.43483 0.7543682 0.433183 0.7560395 0.43483 0.7543682 0.433183 0.7520393 0.43483 0.7610802 0.494695 0.7570559 0.4948229 0.7595431 0.4947438 0.7610802 0.494695 0.7570559 0.4948229 0.7570559 0.4948229 0.7610802 0.494695 0.7595431 0.4947438 0.7570559 0.4948229 0.7594437 0.4625815 0.7610802 0.494695 0.7595431 0.4947438 0.7610802 0.494695 0.7594437 0.4625815 0.760981 0.4625326 0.7569562 0.4626606 0.7595431 0.4947438 0.7570559 0.4948229 0.7595431 0.4947438 0.7569562 0.4626606 0.7594437 0.4625815 0.7569562 0.4626606 0.7570559 0.4948229 0.7570559 0.4948229 0.7570559 0.4948229 0.7569562 0.4626606 0.7569562 0.4626606 0.7594437 0.4625815 0.7570559 0.4948229 0.7595431 0.4947438 0.7570559 0.4948229 0.7594437 0.4625815 0.7569562 0.4626606 0.760981 0.4625326 0.7595431 0.4947438 0.7610802 0.494695 0.7595431 0.4947438 0.760981 0.4625326 0.7594437 0.4625815 0.7551352 0.4492703 0.760981 0.4625326 0.7594437 0.4625815 0.760981 0.4625326 0.7551352 0.4492703 0.7566725 0.4492215 0.7526478 0.4493494 0.7594437 0.4625815 0.7569562 0.4626606 0.7594437 0.4625815 0.7526478 0.4493494 0.7551352 0.4492703 0.7526478 0.4493494 0.7569562 0.4626606 0.7569562 0.4626606 0.7569562 0.4626606 0.7526478 0.4493494 0.7526478 0.4493494 0.7551352 0.4492703 0.7569562 0.4626606 0.7594437 0.4625815 0.7569562 0.4626606 0.7551352 0.4492703 0.7526478 0.4493494 0.7566725 0.4492215 0.7594437 0.4625815 0.760981 0.4625326 0.7594437 0.4625815 0.7566725 0.4492215 0.7551352 0.4492703 0.7546297 0.4401785 0.7566725 0.4492215 0.7551352 0.4492703 0.7566725 0.4492215 0.7546297 0.4401785 0.7561673 0.4401296 0.7521426 0.4402576 0.7551352 0.4492703 0.7526478 0.4493494 0.7551352 0.4492703 0.7521426 0.4402576 0.7546297 0.4401785 0.7521426 0.4402576 0.7526478 0.4493494 0.7526478 0.4493494 0.7526478 0.4493494 0.7521426 0.4402576 0.7521426 0.4402576 0.7546297 0.4401785 0.7526478 0.4493494 0.7551352 0.4492703 0.7526478 0.4493494 0.7546297 0.4401785 0.7521426 0.4402576 0.7561673 0.4401296 0.7551352 0.4492703 0.7566725 0.4492215 0.7551352 0.4492703 0.7561673 0.4401296 0.7546297 0.4401785 0.7540294 0.4377233 0.7561673 0.4401296 0.7546297 0.4401785 0.7561673 0.4401296 0.7540294 0.4377233 0.7559332 0.4357159 0.7520636 0.438104 0.7546297 0.4401785 0.7521426 0.4402576 0.7546297 0.4401785 0.7520636 0.438104 0.7540294 0.4377233 0.7520639 0.436682 0.7521426 0.4402576 0.7521426 0.4402576 0.7521426 0.4402576 0.7520639 0.436682 0.7520636 0.438104 0.7542623 0.4352344 0.7521426 0.4402576 0.7546297 0.4401785 0.7521426 0.4402576 0.7542623 0.4352344 0.7520639 0.436682 0.7559332 0.4357159 0.7546297 0.4401785 0.7561673 0.4401296 0.7546297 0.4401785 0.7559332 0.4357159 0.7542623 0.4352344 0.7559332 0.4357159 0.7543682 0.4371435 0.7560395 0.43483 0.7543682 0.4371435 0.7559332 0.4357159 0.7540294 0.4377233 0.7540294 0.4377233 0.7521712 0.4369265 0.7543682 0.4371435 0.7521712 0.4369265 0.7540294 0.4377233 0.7520636 0.438104 0.7520636 0.438104 0.7521712 0.4344787 0.7521712 0.4369265 0.7521712 0.4344787 0.7520636 0.438104 0.7520639 0.436682 0.7520639 0.436682 0.7543682 0.4331829 0.7521712 0.4344787 0.7543682 0.4331829 0.7520639 0.436682 0.7542623 0.4352344 0.7542623 0.4352344 0.7560395 0.43483 0.7543682 0.4331829 0.7560395 0.43483 0.7542623 0.4352344 0.7559332 0.4357159 0.7560395 0.43483 0.7543682 0.4371435 0.7560395 0.43483 0.7543682 0.4371435 0.7560395 0.43483 0.7543682 0.4371435 0.7543682 0.4371435 0.7521712 0.4369265 0.7543682 0.4371435 0.7521712 0.4369265 0.7543682 0.4371435 0.7521712 0.4369265 0.7521712 0.4369265 0.7521712 0.4344787 0.7521712 0.4369265 0.7521712 0.4344787 0.7521712 0.4369265 0.7521712 0.4344787 0.7521712 0.4344787 0.7543682 0.4331829 0.7521712 0.4344787 0.7543682 0.4331829 0.7521712 0.4344787 0.7543682 0.4331829 0.7543682 0.4331829 0.7560395 0.43483 0.7543682 0.4331829 0.7560395 0.43483 0.7543682 0.4331829 0.7560395 0.43483 0.7560395 0.43483 0.7503678 0.4371435 0.7520393 0.43483 0.7503678 0.4371435 0.7560395 0.43483 0.7543682 0.4371435 0.7543682 0.4371435 0.7481703 0.4369265 0.7503678 0.4371435 0.7481703 0.4369265 0.7543682 0.4371435 0.7521712 0.4369265 0.7521712 0.4369265 0.7481703 0.4344787 0.7481703 0.4369265 0.7481703 0.4344787 0.7521712 0.4369265 0.7521712 0.4344787 0.7521712 0.4344787 0.7503678 0.4331829 0.7481703 0.4344787 0.7503678 0.4331829 0.7521712 0.4344787 0.7543682 0.4331829 0.7543682 0.4331829 0.7520393 0.43483 0.7503678 0.4331829 0.7520393 0.43483 0.7543682 0.4331829 0.7560395 0.43483 0.7445353 0.5405111 0.02629429 0.5497359 0.7445353 0.5500114 0.02629429 0.5497359 0.7445353 0.5405111 0.02629429 0.5402356 0.7445353 0.5405111 0.7445353 0.5500114 0.7445353 0.5500114 0.7445353 0.5500114 0.7445353 0.5405111 0.7445353 0.5405111 0.02629429 0.5402356 0.7445353 0.5500114 0.02629429 0.5497359 0.7445353 0.5500114 0.02629429 0.5402356 0.7445353 0.5405111 0.7252483 0.3837364 0.02714055 0.3976643 0.7252483 0.3976643 0.02714055 0.3976643 0.7252483 0.3837364 0.02714055 0.3837364 0.7346647 0.5236772 0.03080189 0.5303482 0.7418065 0.5306237 0.03080189 0.5303482 0.7346647 0.5236772 0.03758561 0.5234017 0.03758561 0.5234017 0.03080189 0.4412816 0.03080189 0.5303482 0.03080189 0.4412816 0.03758561 0.5234017 0.03758561 0.4482283 0.7346647 0.4485039 0.7418065 0.5306237 0.7418065 0.4415572 0.7418065 0.5306237 0.7346647 0.4485039 0.7346647 0.5236772 0.03758561 0.4482283 0.7418065 0.4415572 0.03080189 0.4412816 0.7418065 0.4415572 0.03758561 0.4482283 0.7346647 0.4485039 0.7346647 0.5236772 0.7418065 0.5306237 0.03080171 0.5303481 0.03080171 0.5303481 0.03758561 0.5234017 0.7346647 0.5236772 0.03758561 0.5234017 0.03080171 0.5303481 0.03080171 0.4412817 0.03080171 0.4412817 0.03758561 0.4482283 0.03758561 0.5234017 0.7346647 0.4485039 0.7418065 0.4415572 0.7418065 0.5306237 0.7418065 0.5306237 0.7346647 0.5236772 0.7346647 0.4485039 0.03758561 0.4482283 0.03080171 0.4412817 0.7418065 0.4415572 0.7418065 0.4415572 0.7346647 0.4485039 0.03758561 0.4482283 0.02952009 0.9792312 0.7303026 0.5868175 0.7315728 0.9794815 0.7303026 0.5868175 0.02952009 0.9792312 0.02824991 0.5865671 0.02952009 0.9792312 0.7303026 0.5868175 0.02824991 0.5865671 0.7303026 0.5868175 0.02952009 0.9792312 0.7315728 0.9794815 0.04531282 0.3690926 0.7057147 0.3690925 0.05614364 0.3589088 0.6954271 0.3589087 0.05614364 0.3589088 0.7057147 0.3690925 0.7057147 0.3690925 0.7057147 0.2385188 0.6954271 0.3589087 0.6918378 0.249154 0.6954271 0.3589087 0.7057147 0.2385188 0.0453127 0.2385189 0.04531282 0.3690926 0.05255401 0.2491541 0.05614364 0.3589088 0.05255401 0.2491541 0.04531282 0.3690926 0.7057147 0.2385188 0.0453127 0.2385189 0.6918378 0.249154 0.05255401 0.2491541 0.6918378 0.249154 0.0453127 0.2385189 0.7461676 0.4453666 0.7461676 0.4359069 0.7516538 0.4453666 0.7516538 0.4359069 0.7516538 0.4453666 0.7461676 0.4359069 0.7516538 0.4453666 0.7461676 0.4359069 0.7461676 0.4453666 0.7461676 0.4359069 0.7516538 0.4453666 0.7516538 0.4359069 0.02881079 0.4422433 0.02509433 0.445091 0.02881079 0.4386651 0.02509433 0.4356314 0.02881079 0.4386651 0.02509433 0.445091 0.02509433 0.4356314 0.02509433 0.445091 0.01960808 0.4356314 0.01960808 0.445091 0.01960808 0.4356314 0.02509433 0.445091 0.02881079 0.438665 0.02509433 0.445091 0.02881079 0.4422433 0.02509433 0.445091 0.02881079 0.438665 0.02509433 0.4356314 0.01960808 0.4356314 0.02509433 0.445091 0.02509433 0.4356314 0.02509433 0.445091 0.01960808 0.4356314 0.01960808 0.445091 0.7516538 0.4453666 0.7516538 0.4359069 0.7516538 0.4453666 0.7516538 0.4359069 0.7516538 0.4453666 0.7516538 0.4359069 0.7516538 0.4453666 0.7516538 0.4359069 0.7516538 0.4453666 0.7516538 0.4359069 0.7516538 0.4453666 0.7516538 0.4359069 0.01960808 0.445091 0.01960808 0.4356314 0.01960808 0.445091 0.01960808 0.4356314 0.01960808 0.445091 0.01960808 0.4356314 0.01960808 0.445091 0.01960808 0.4356314 0.01960808 0.445091 0.01960808 0.4356314 0.01960808 0.445091 0.01960808 0.4356314 0.7461676 0.4359069 0.7461676 0.4453666 0.7516538 0.4359069 0.7516538 0.4453666 0.7516538 0.4359069 0.7461676 0.4453666 0.7516538 0.4359069 0.7461676 0.4453666 0.7461676 0.4359069 0.7461676 0.4453666 0.7516538 0.4359069 0.7516538 0.4453666 0.7424511 0.4425188 0.7461676 0.4453666 0.7424511 0.4389405 0.7461676 0.4359069 0.7424511 0.4389405 0.7461676 0.4453666 0.7424511 0.4389407 0.7461676 0.4453666 0.7424511 0.4425188 0.7461676 0.4453666 0.7424511 0.4389407 0.7461676 0.4359069 0.05524152 0.4566327 0.05764311 0.454686 0.05764311 0.4566327 0.05524152 0.4566327 0.05524152 0.454686 0.05764311 0.454686 0.05524152 0.4566327 0.05764311 0.4566327 0.05764311 0.4542575 0.05524152 0.4566327 0.05764311 0.4542575 0.05524152 0.4542575 0.05524152 0.454686 0.05764311 0.4537057 0.05764311 0.454686 0.05524152 0.454686 0.05524152 0.4537057 0.05764311 0.4537057 0.05524152 0.4542575 0.05764311 0.4542575 0.05764311 0.4531387 0.05524152 0.4542575 0.05764311 0.4531387 0.05524152 0.4531387 0.05524152 0.4537057 0.05764311 0.4501088 0.05764311 0.4537057 0.05524152 0.4537057 0.05524152 0.4501088 0.05764311 0.4501088 0.05524152 0.4531387 0.05764311 0.4531387 0.05764311 0.4501121 0.05524152 0.4531387 0.05764311 0.4501121 0.05524152 0.4501121 0.05524152 0.4566327 0.05764311 0.4566327 0.05764311 0.4585795 0.05524152 0.4566327 0.05764311 0.4585795 0.05524152 0.4585795 0.05524152 0.4566327 0.05764311 0.459008 0.05764311 0.4566327 0.05524152 0.4566327 0.05524152 0.459008 0.05764311 0.459008 0.05524152 0.4585795 0.05764311 0.4585795 0.05764311 0.4595599 0.05524152 0.4585795 0.05764311 0.4595599 0.05524152 0.4595599 0.05524152 0.459008 0.05764311 0.4601268 0.05764311 0.459008 0.05524152 0.459008 0.05524152 0.4601268 0.05764311 0.4601268 0.05524152 0.4595599 0.05764311 0.4595599 0.05764311 0.4631568 0.05524152 0.4595599 0.05764311 0.4631568 0.05524152 0.4631568 0.05524152 0.4601268 0.05764311 0.4631535 0.05764311 0.4601268 0.05524152 0.4601268 0.05524152 0.4631535 0.05764311 0.4631535 0.05764311 0.454686 0.05764311 0.4566327 0.05764311 0.4566327 0.05764311 0.454686 0.05764311 0.4542575 0.05764311 0.4566327 0.05524152 0.454686 0.05524152 0.4566327 0.05524152 0.4566327 0.05524152 0.454686 0.05524152 0.4566327 0.05524152 0.4542575 0.05764311 0.4537057 0.05764311 0.4542575 0.05764311 0.454686 0.05764311 0.4537057 0.05764311 0.4531387 0.05764311 0.4542575 0.05524152 0.4537057 0.05524152 0.454686 0.05524152 0.4542575 0.05524152 0.4537057 0.05524152 0.4542575 0.05524152 0.4531387 0.05764311 0.4501088 0.05764311 0.4531387 0.05764311 0.4537057 0.05764311 0.4501088 0.05764311 0.4501121 0.05764311 0.4531387 0.05524152 0.4501088 0.05524152 0.4537057 0.05524152 0.4531387 0.05524152 0.4501088 0.05524152 0.4531387 0.05524152 0.4501121 0.05764311 0.4585795 0.05764311 0.4566327 0.05764311 0.4566327 0.05764311 0.4585795 0.05764311 0.4566327 0.05764311 0.459008 0.05524152 0.4585795 0.05524152 0.4566327 0.05524152 0.4566327 0.05524152 0.4585795 0.05524152 0.459008 0.05524152 0.4566327 0.05764311 0.4595599 0.05764311 0.4585795 0.05764311 0.459008 0.05764311 0.4595599 0.05764311 0.459008 0.05764311 0.4601268 0.05524152 0.4595599 0.05524152 0.459008 0.05524152 0.4585795 0.05524152 0.4595599 0.05524152 0.4601268 0.05524152 0.459008 0.05764311 0.4631568 0.05764311 0.4595599 0.05764311 0.4601268 0.05764311 0.4631568 0.05764311 0.4601268 0.05764311 0.4631535 0.05524152 0.4631568 0.05524152 0.4601268 0.05524152 0.4595599 0.05524152 0.4631568 0.05524152 0.4631535 0.05524152 0.4601268 0.1233204 0.4566327 0.1257219 0.454686 0.1257219 0.4566327 0.1233204 0.4566327 0.1233204 0.454686 0.1257219 0.454686 0.1233204 0.4566327 0.1257219 0.4566327 0.1257219 0.4542575 0.1233204 0.4566327 0.1257219 0.4542575 0.1233204 0.4542575 0.1233204 0.454686 0.1257219 0.4537057 0.1257219 0.454686 0.1233204 0.454686 0.1233204 0.4537057 0.1257219 0.4537057 0.1233204 0.4542575 0.1257219 0.4542575 0.1257219 0.4531387 0.1233204 0.4542575 0.1257219 0.4531387 0.1233204 0.4531387 0.1233204 0.4537057 0.1257219 0.4501088 0.1257219 0.4537057 0.1233204 0.4537057 0.1233204 0.4501088 0.1257219 0.4501088 0.1233204 0.4531387 0.1257219 0.4531387 0.1257219 0.4501121 0.1233204 0.4531387 0.1257219 0.4501121 0.1233204 0.4501121 0.1233204 0.4566327 0.1257219 0.4566327 0.1257219 0.4585795 0.1233204 0.4566327 0.1257219 0.4585795 0.1233204 0.4585795 0.1233204 0.4566327 0.1257219 0.459008 0.1257219 0.4566327 0.1233204 0.4566327 0.1233204 0.459008 0.1257219 0.459008 0.1233204 0.4585795 0.1257219 0.4585795 0.1257219 0.4595599 0.1233204 0.4585795 0.1257219 0.4595599 0.1233204 0.4595599 0.1233204 0.459008 0.1257219 0.4601268 0.1257219 0.459008 0.1233204 0.459008 0.1233204 0.4601268 0.1257219 0.4601268 0.1233204 0.4595599 0.1257219 0.4595599 0.1257219 0.4631568 0.1233204 0.4595599 0.1257219 0.4631568 0.1233204 0.4631568 0.1233204 0.4601268 0.1257219 0.4631535 0.1257219 0.4601268 0.1233204 0.4601268 0.1233204 0.4631535 0.1257219 0.4631535 0.1257219 0.454686 0.1257219 0.4566327 0.1257219 0.4566327 0.1257219 0.454686 0.1257219 0.4542575 0.1257219 0.4566327 0.1233204 0.454686 0.1233204 0.4566327 0.1233204 0.4566327 0.1233204 0.454686 0.1233204 0.4566327 0.1233204 0.4542575 0.1257219 0.4537057 0.1257219 0.4542575 0.1257219 0.454686 0.1257219 0.4537057 0.1257219 0.4531387 0.1257219 0.4542575 0.1233204 0.4537057 0.1233204 0.454686 0.1233204 0.4542575 0.1233204 0.4537057 0.1233204 0.4542575 0.1233204 0.4531387 0.1257219 0.4501088 0.1257219 0.4531387 0.1257219 0.4537057 0.1257219 0.4501088 0.1257219 0.4501121 0.1257219 0.4531387 0.1233204 0.4501088 0.1233204 0.4537057 0.1233204 0.4531387 0.1233204 0.4501088 0.1233204 0.4531387 0.1233204 0.4501121 0.1257219 0.4585795 0.1257219 0.4566327 0.1257219 0.4566327 0.1257219 0.4585795 0.1257219 0.4566327 0.1257219 0.459008 0.1233204 0.4585795 0.1233204 0.4566327 0.1233204 0.4566327 0.1233204 0.4585795 0.1233204 0.459008 0.1233204 0.4566327 0.1257219 0.4595599 0.1257219 0.4585795 0.1257219 0.459008 0.1257219 0.4595599 0.1257219 0.459008 0.1257219 0.4601268 0.1233204 0.4595599 0.1233204 0.459008 0.1233204 0.4585795 0.1233204 0.4595599 0.1233204 0.4601268 0.1233204 0.459008 0.1257219 0.4631568 0.1257219 0.4595599 0.1257219 0.4601268 0.1257219 0.4631568 0.1257219 0.4601268 0.1257219 0.4631535 0.1233204 0.4631568 0.1233204 0.4601268 0.1233204 0.4595599 0.1233204 0.4631568 0.1233204 0.4631535 0.1233204 0.4601268 0.6482241 0.4566327 0.6506252 0.454686 0.6506252 0.4566327 0.6482241 0.4566327 0.6482241 0.454686 0.6506252 0.454686 0.6482241 0.4566327 0.6506252 0.4566327 0.6506252 0.4542575 0.6482241 0.4566327 0.6506252 0.4542575 0.6482241 0.4542575 0.6482241 0.454686 0.6506252 0.4537057 0.6506252 0.454686 0.6482241 0.454686 0.6482241 0.4537057 0.6506252 0.4537057 0.6482241 0.4542575 0.6506252 0.4542575 0.6506252 0.4531387 0.6482241 0.4542575 0.6506252 0.4531387 0.6482241 0.4531387 0.6482241 0.4537057 0.6506252 0.4501088 0.6506252 0.4537057 0.6482241 0.4537057 0.6482241 0.4501088 0.6506252 0.4501088 0.6482241 0.4531387 0.6506252 0.4531387 0.6506252 0.4501121 0.6482241 0.4531387 0.6506252 0.4501121 0.6482241 0.4501121 0.6482241 0.4566327 0.6506252 0.4566327 0.6506252 0.4585795 0.6482241 0.4566327 0.6506252 0.4585795 0.6482241 0.4585795 0.6482241 0.4566327 0.6506252 0.459008 0.6506252 0.4566327 0.6482241 0.4566327 0.6482241 0.459008 0.6506252 0.459008 0.6482241 0.4585795 0.6506252 0.4585795 0.6506252 0.4595599 0.6482241 0.4585795 0.6506252 0.4595599 0.6482241 0.4595599 0.6482241 0.459008 0.6506252 0.4601268 0.6506252 0.459008 0.6482241 0.459008 0.6482241 0.4601268 0.6506252 0.4601268 0.6482241 0.4595599 0.6506252 0.4595599 0.6506252 0.4631568 0.6482241 0.4595599 0.6506252 0.4631568 0.6482241 0.4631568 0.6482241 0.4601268 0.6506252 0.4631535 0.6506252 0.4601268 0.6482241 0.4601268 0.6482241 0.4631535 0.6506252 0.4631535 0.6506252 0.454686 0.6506252 0.4566327 0.6506252 0.4566327 0.6506252 0.454686 0.6506252 0.4542575 0.6506252 0.4566327 0.6482241 0.454686 0.6482241 0.4566327 0.6482241 0.4566327 0.6482241 0.454686 0.6482241 0.4566327 0.6482241 0.4542575 0.6506252 0.4537057 0.6506252 0.4542575 0.6506252 0.454686 0.6506252 0.4537057 0.6506252 0.4531387 0.6506252 0.4542575 0.6482241 0.4537057 0.6482241 0.454686 0.6482241 0.4542575 0.6482241 0.4537057 0.6482241 0.4542575 0.6482241 0.4531387 0.6506252 0.4501088 0.6506252 0.4531387 0.6506252 0.4537057 0.6506252 0.4501088 0.6506252 0.4501121 0.6506252 0.4531387 0.6482241 0.4501088 0.6482241 0.4537057 0.6482241 0.4531387 0.6482241 0.4501088 0.6482241 0.4531387 0.6482241 0.4501121 0.6506252 0.4585795 0.6506252 0.4566327 0.6506252 0.4566327 0.6506252 0.4585795 0.6506252 0.4566327 0.6506252 0.459008 0.6482241 0.4585795 0.6482241 0.4566327 0.6482241 0.4566327 0.6482241 0.4585795 0.6482241 0.459008 0.6482241 0.4566327 0.6506252 0.4595599 0.6506252 0.4585795 0.6506252 0.459008 0.6506252 0.4595599 0.6506252 0.459008 0.6506252 0.4601268 0.6482241 0.4595599 0.6482241 0.459008 0.6482241 0.4585795 0.6482241 0.4595599 0.6482241 0.4601268 0.6482241 0.459008 0.6506252 0.4631568 0.6506252 0.4595599 0.6506252 0.4601268 0.6506252 0.4631568 0.6506252 0.4601268 0.6506252 0.4631535 0.6482241 0.4631568 0.6482241 0.4601268 0.6482241 0.4595599 0.6482241 0.4631568 0.6482241 0.4631535 0.6482241 0.4601268 0.7163028 0.4566327 0.7187044 0.454686 0.7187044 0.4566327 0.7163028 0.4566327 0.7163028 0.454686 0.7187044 0.454686 0.7163028 0.4566327 0.7187044 0.4566327 0.7187044 0.4542575 0.7163028 0.4566327 0.7187044 0.4542575 0.7163028 0.4542575 0.7163028 0.454686 0.7187044 0.4537057 0.7187044 0.454686 0.7163028 0.454686 0.7163028 0.4537057 0.7187044 0.4537057 0.7163028 0.4542575 0.7187044 0.4542575 0.7187044 0.4531387 0.7163028 0.4542575 0.7187044 0.4531387 0.7163028 0.4531387 0.7163028 0.4537057 0.7187044 0.4501088 0.7187044 0.4537057 0.7163028 0.4537057 0.7163028 0.4501088 0.7187044 0.4501088 0.7163028 0.4531387 0.7187044 0.4531387 0.7187044 0.4501121 0.7163028 0.4531387 0.7187044 0.4501121 0.7163028 0.4501121 0.7163028 0.4566327 0.7187044 0.4566327 0.7187044 0.4585795 0.7163028 0.4566327 0.7187044 0.4585795 0.7163028 0.4585795 0.7163028 0.4566327 0.7187044 0.459008 0.7187044 0.4566327 0.7163028 0.4566327 0.7163028 0.459008 0.7187044 0.459008 0.7163028 0.4585795 0.7187044 0.4585795 0.7187044 0.4595599 0.7163028 0.4585795 0.7187044 0.4595599 0.7163028 0.4595599 0.7163028 0.459008 0.7187044 0.4601268 0.7187044 0.459008 0.7163028 0.459008 0.7163028 0.4601268 0.7187044 0.4601268 0.7163028 0.4595599 0.7187044 0.4595599 0.7187044 0.4631568 0.7163028 0.4595599 0.7187044 0.4631568 0.7163028 0.4631568 0.7163028 0.4601268 0.7187044 0.4631535 0.7187044 0.4601268 0.7163028 0.4601268 0.7163028 0.4631535 0.7187044 0.4631535 0.7187044 0.454686 0.7187044 0.4566327 0.7187044 0.4566327 0.7187044 0.454686 0.7187044 0.4542575 0.7187044 0.4566327 0.7163028 0.454686 0.7163028 0.4566327 0.7163028 0.4566327 0.7163028 0.454686 0.7163028 0.4566327 0.7163028 0.4542575 0.7187044 0.4537057 0.7187044 0.4542575 0.7187044 0.454686 0.7187044 0.4537057 0.7187044 0.4531387 0.7187044 0.4542575 0.7163028 0.4537057 0.7163028 0.454686 0.7163028 0.4542575 0.7163028 0.4537057 0.7163028 0.4542575 0.7163028 0.4531387 0.7187044 0.4501088 0.7187044 0.4531387 0.7187044 0.4537057 0.7187044 0.4501088 0.7187044 0.4501121 0.7187044 0.4531387 0.7163028 0.4501088 0.7163028 0.4537057 0.7163028 0.4531387 0.7163028 0.4501088 0.7163028 0.4531387 0.7163028 0.4501121 0.7187044 0.4585795 0.7187044 0.4566327 0.7187044 0.4566327 0.7187044 0.4585795 0.7187044 0.4566327 0.7187044 0.459008 0.7163028 0.4585795 0.7163028 0.4566327 0.7163028 0.4566327 0.7163028 0.4585795 0.7163028 0.459008 0.7163028 0.4566327 0.7187044 0.4595599 0.7187044 0.4585795 0.7187044 0.459008 0.7187044 0.4595599 0.7187044 0.459008 0.7187044 0.4601268 0.7163028 0.4595599 0.7163028 0.459008 0.7163028 0.4585795 0.7163028 0.4595599 0.7163028 0.4601268 0.7163028 0.459008 0.7187044 0.4631568 0.7187044 0.4595599 0.7187044 0.4601268 0.7187044 0.4631568 0.7187044 0.4601268 0.7187044 0.4631535 0.7163028 0.4631568 0.7163028 0.4601268 0.7163028 0.4595599 0.7163028 0.4631568 0.7163028 0.4631535 0.7163028 0.4601268 0.2208577 0.4566327 0.2232594 0.454686 0.2232594 0.4566327 0.2208577 0.4566327 0.2208577 0.454686 0.2232594 0.454686 0.2208577 0.4566327 0.2232594 0.4566327 0.2232594 0.4542575 0.2208577 0.4566327 0.2232594 0.4542575 0.2208577 0.4542575 0.2208577 0.454686 0.2232594 0.4537057 0.2232594 0.454686 0.2208577 0.454686 0.2208577 0.4537057 0.2232594 0.4537057 0.2208577 0.4542575 0.2232594 0.4542575 0.2232594 0.4531387 0.2208577 0.4542575 0.2232594 0.4531387 0.2208577 0.4531387 0.2208577 0.4537057 0.2232594 0.4501088 0.2232594 0.4537057 0.2208577 0.4537057 0.2208577 0.4501088 0.2232594 0.4501088 0.2208577 0.4531387 0.2232594 0.4531387 0.2232594 0.4501121 0.2208577 0.4531387 0.2232594 0.4501121 0.2208577 0.4501121 0.2208577 0.4566327 0.2232594 0.4566327 0.2232594 0.4585795 0.2208577 0.4566327 0.2232594 0.4585795 0.2208577 0.4585795 0.2208577 0.4566327 0.2232594 0.459008 0.2232594 0.4566327 0.2208577 0.4566327 0.2208577 0.459008 0.2232594 0.459008 0.2208577 0.4585795 0.2232594 0.4585795 0.2232594 0.4595599 0.2208577 0.4585795 0.2232594 0.4595599 0.2208577 0.4595599 0.2208577 0.459008 0.2232594 0.4601268 0.2232594 0.459008 0.2208577 0.459008 0.2208577 0.4601268 0.2232594 0.4601268 0.2208577 0.4595599 0.2232594 0.4595599 0.2232594 0.4631568 0.2208577 0.4595599 0.2232594 0.4631568 0.2208577 0.4631568 0.2208577 0.4601268 0.2232594 0.4631535 0.2232594 0.4601268 0.2208577 0.4601268 0.2208577 0.4631535 0.2232594 0.4631535 0.2232594 0.454686 0.2232594 0.4566327 0.2232594 0.4566327 0.2232594 0.454686 0.2232594 0.4542575 0.2232594 0.4566327 0.2208577 0.454686 0.2208577 0.4566327 0.2208577 0.4566327 0.2208577 0.454686 0.2208577 0.4566327 0.2208577 0.4542575 0.2232594 0.4537057 0.2232594 0.4542575 0.2232594 0.454686 0.2232594 0.4537057 0.2232594 0.4531387 0.2232594 0.4542575 0.2208577 0.4537057 0.2208577 0.454686 0.2208577 0.4542575 0.2208577 0.4537057 0.2208577 0.4542575 0.2208577 0.4531387 0.2232594 0.4501088 0.2232594 0.4531387 0.2232594 0.4537057 0.2232594 0.4501088 0.2232594 0.4501121 0.2232594 0.4531387 0.2208577 0.4501088 0.2208577 0.4537057 0.2208577 0.4531387 0.2208577 0.4501088 0.2208577 0.4531387 0.2208577 0.4501121 0.2232594 0.4585795 0.2232594 0.4566327 0.2232594 0.4566327 0.2232594 0.4585795 0.2232594 0.4566327 0.2232594 0.459008 0.2208577 0.4585795 0.2208577 0.4566327 0.2208577 0.4566327 0.2208577 0.4585795 0.2208577 0.459008 0.2208577 0.4566327 0.2232594 0.4595599 0.2232594 0.4585795 0.2232594 0.459008 0.2232594 0.4595599 0.2232594 0.459008 0.2232594 0.4601268 0.2208577 0.4595599 0.2208577 0.459008 0.2208577 0.4585795 0.2208577 0.4595599 0.2208577 0.4601268 0.2208577 0.459008 0.2232594 0.4631568 0.2232594 0.4595599 0.2232594 0.4601268 0.2232594 0.4631568 0.2232594 0.4601268 0.2232594 0.4631535 0.2208577 0.4631568 0.2208577 0.4601268 0.2208577 0.4595599 0.2208577 0.4631568 0.2208577 0.4631535 0.2208577 0.4601268 0.334317 0.4566327 0.3367187 0.454686 0.3367187 0.4566327 0.334317 0.4566327 0.334317 0.454686 0.3367187 0.454686 0.334317 0.4566327 0.3367187 0.4566327 0.3367187 0.4542575 0.334317 0.4566327 0.3367187 0.4542575 0.334317 0.4542575 0.334317 0.454686 0.3367187 0.4537057 0.3367187 0.454686 0.334317 0.454686 0.334317 0.4537057 0.3367187 0.4537057 0.334317 0.4542575 0.3367187 0.4542575 0.3367187 0.4531387 0.334317 0.4542575 0.3367187 0.4531387 0.334317 0.4531387 0.334317 0.4537057 0.3367187 0.4501088 0.3367187 0.4537057 0.334317 0.4537057 0.334317 0.4501088 0.3367187 0.4501088 0.334317 0.4531387 0.3367187 0.4531387 0.3367187 0.4501121 0.334317 0.4531387 0.3367187 0.4501121 0.334317 0.4501121 0.334317 0.4566327 0.3367187 0.4566327 0.3367187 0.4585795 0.334317 0.4566327 0.3367187 0.4585795 0.334317 0.4585795 0.334317 0.4566327 0.3367187 0.459008 0.3367187 0.4566327 0.334317 0.4566327 0.334317 0.459008 0.3367187 0.459008 0.334317 0.4585795 0.3367187 0.4585795 0.3367187 0.4595599 0.334317 0.4585795 0.3367187 0.4595599 0.334317 0.4595599 0.334317 0.459008 0.3367187 0.4601268 0.3367187 0.459008 0.334317 0.459008 0.334317 0.4601268 0.3367187 0.4601268 0.334317 0.4595599 0.3367187 0.4595599 0.3367187 0.4631568 0.334317 0.4595599 0.3367187 0.4631568 0.334317 0.4631568 0.334317 0.4601268 0.3367187 0.4631535 0.3367187 0.4601268 0.334317 0.4601268 0.334317 0.4631535 0.3367187 0.4631535 0.3367187 0.454686 0.3367187 0.4566327 0.3367187 0.4566327 0.3367187 0.454686 0.3367187 0.4542575 0.3367187 0.4566327 0.334317 0.454686 0.334317 0.4566327 0.334317 0.4566327 0.334317 0.454686 0.334317 0.4566327 0.334317 0.4542575 0.3367187 0.4537057 0.3367187 0.4542575 0.3367187 0.454686 0.3367187 0.4537057 0.3367187 0.4531387 0.3367187 0.4542575 0.334317 0.4537057 0.334317 0.454686 0.334317 0.4542575 0.334317 0.4537057 0.334317 0.4542575 0.334317 0.4531387 0.3367187 0.4501088 0.3367187 0.4531387 0.3367187 0.4537057 0.3367187 0.4501088 0.3367187 0.4501121 0.3367187 0.4531387 0.334317 0.4501088 0.334317 0.4537057 0.334317 0.4531387 0.334317 0.4501088 0.334317 0.4531387 0.334317 0.4501121 0.3367187 0.4585795 0.3367187 0.4566327 0.3367187 0.4566327 0.3367187 0.4585795 0.3367187 0.4566327 0.3367187 0.459008 0.334317 0.4585795 0.334317 0.4566327 0.334317 0.4566327 0.334317 0.4585795 0.334317 0.459008 0.334317 0.4566327 0.3367187 0.4595599 0.3367187 0.4585795 0.3367187 0.459008 0.3367187 0.4595599 0.3367187 0.459008 0.3367187 0.4601268 0.334317 0.4595599 0.334317 0.459008 0.334317 0.4585795 0.334317 0.4595599 0.334317 0.4601268 0.334317 0.459008 0.3367187 0.4631568 0.3367187 0.4595599 0.3367187 0.4601268 0.3367187 0.4631568 0.3367187 0.4601268 0.3367187 0.4631535 0.334317 0.4631568 0.334317 0.4601268 0.334317 0.4595599 0.334317 0.4631568 0.334317 0.4631535 0.334317 0.4601268 0.4383766 0.4566327 0.4407784 0.454686 0.4407784 0.4566327 0.4383766 0.4566327 0.4383766 0.454686 0.4407784 0.454686 0.4383766 0.4566327 0.4407784 0.4566327 0.4407784 0.4542575 0.4383766 0.4566327 0.4407784 0.4542575 0.4383766 0.4542575 0.4383766 0.454686 0.4407784 0.4537057 0.4407784 0.454686 0.4383766 0.454686 0.4383766 0.4537057 0.4407784 0.4537057 0.4383766 0.4542575 0.4407784 0.4542575 0.4407784 0.4531387 0.4383766 0.4542575 0.4407784 0.4531387 0.4383766 0.4531387 0.4383766 0.4537057 0.4407784 0.4501088 0.4407784 0.4537057 0.4383766 0.4537057 0.4383766 0.4501088 0.4407784 0.4501088 0.4383766 0.4531387 0.4407784 0.4531387 0.4407784 0.4501121 0.4383766 0.4531387 0.4407784 0.4501121 0.4383766 0.4501121 0.4383766 0.4566327 0.4407784 0.4566327 0.4407784 0.4585795 0.4383766 0.4566327 0.4407784 0.4585795 0.4383766 0.4585795 0.4383766 0.4566327 0.4407784 0.459008 0.4407784 0.4566327 0.4383766 0.4566327 0.4383766 0.459008 0.4407784 0.459008 0.4383766 0.4585795 0.4407784 0.4585795 0.4407784 0.4595599 0.4383766 0.4585795 0.4407784 0.4595599 0.4383766 0.4595599 0.4383766 0.459008 0.4407784 0.4601268 0.4407784 0.459008 0.4383766 0.459008 0.4383766 0.4601268 0.4407784 0.4601268 0.4383766 0.4595599 0.4407784 0.4595599 0.4407784 0.4631568 0.4383766 0.4595599 0.4407784 0.4631568 0.4383766 0.4631568 0.4383766 0.4601268 0.4407784 0.4631535 0.4407784 0.4601268 0.4383766 0.4601268 0.4383766 0.4631535 0.4407784 0.4631535 0.4407784 0.454686 0.4407784 0.4566327 0.4407784 0.4566327 0.4407784 0.454686 0.4407784 0.4542575 0.4407784 0.4566327 0.4383766 0.454686 0.4383766 0.4566327 0.4383766 0.4566327 0.4383766 0.454686 0.4383766 0.4566327 0.4383766 0.4542575 0.4407784 0.4537057 0.4407784 0.4542575 0.4407784 0.454686 0.4407784 0.4537057 0.4407784 0.4531387 0.4407784 0.4542575 0.4383766 0.4537057 0.4383766 0.454686 0.4383766 0.4542575 0.4383766 0.4537057 0.4383766 0.4542575 0.4383766 0.4531387 0.4407784 0.4501088 0.4407784 0.4531387 0.4407784 0.4537057 0.4407784 0.4501088 0.4407784 0.4501121 0.4407784 0.4531387 0.4383766 0.4501088 0.4383766 0.4537057 0.4383766 0.4531387 0.4383766 0.4501088 0.4383766 0.4531387 0.4383766 0.4501121 0.4407784 0.4585795 0.4407784 0.4566327 0.4407784 0.4566327 0.4407784 0.4585795 0.4407784 0.4566327 0.4407784 0.459008 0.4383766 0.4585795 0.4383766 0.4566327 0.4383766 0.4566327 0.4383766 0.4585795 0.4383766 0.459008 0.4383766 0.4566327 0.4407784 0.4595599 0.4407784 0.4585795 0.4407784 0.459008 0.4407784 0.4595599 0.4407784 0.459008 0.4407784 0.4601268 0.4383766 0.4595599 0.4383766 0.459008 0.4383766 0.4585795 0.4383766 0.4595599 0.4383766 0.4601268 0.4383766 0.459008 0.4407784 0.4631568 0.4407784 0.4595599 0.4407784 0.4601268 0.4407784 0.4631568 0.4407784 0.4601268 0.4407784 0.4631535 0.4383766 0.4631568 0.4383766 0.4601268 0.4383766 0.4595599 0.4383766 0.4631568 0.4383766 0.4631535 0.4383766 0.4601268 0.565746 0.4566327 0.5681478 0.454686 0.5681478 0.4566327 0.565746 0.4566327 0.565746 0.454686 0.5681478 0.454686 0.565746 0.4566327 0.5681478 0.4566327 0.5681478 0.4542575 0.565746 0.4566327 0.5681478 0.4542575 0.565746 0.4542575 0.565746 0.454686 0.5681478 0.4537057 0.5681478 0.454686 0.565746 0.454686 0.565746 0.4537057 0.5681478 0.4537057 0.565746 0.4542575 0.5681478 0.4542575 0.5681478 0.4531387 0.565746 0.4542575 0.5681478 0.4531387 0.565746 0.4531387 0.565746 0.4537057 0.5681478 0.4501088 0.5681478 0.4537057 0.565746 0.4537057 0.565746 0.4501088 0.5681478 0.4501088 0.565746 0.4531387 0.5681478 0.4531387 0.5681478 0.4501121 0.565746 0.4531387 0.5681478 0.4501121 0.565746 0.4501121 0.565746 0.4566327 0.5681478 0.4566327 0.5681478 0.4585795 0.565746 0.4566327 0.5681478 0.4585795 0.565746 0.4585795 0.565746 0.4566327 0.5681478 0.459008 0.5681478 0.4566327 0.565746 0.4566327 0.565746 0.459008 0.5681478 0.459008 0.565746 0.4585795 0.5681478 0.4585795 0.5681478 0.4595599 0.565746 0.4585795 0.5681478 0.4595599 0.565746 0.4595599 0.565746 0.459008 0.5681478 0.4601268 0.5681478 0.459008 0.565746 0.459008 0.565746 0.4601268 0.5681478 0.4601268 0.565746 0.4595599 0.5681478 0.4595599 0.5681478 0.4631568 0.565746 0.4595599 0.5681478 0.4631568 0.565746 0.4631568 0.565746 0.4601268 0.5681478 0.4631535 0.5681478 0.4601268 0.565746 0.4601268 0.565746 0.4631535 0.5681478 0.4631535 0.5681478 0.454686 0.5681478 0.4566327 0.5681478 0.4566327 0.5681478 0.454686 0.5681478 0.4542575 0.5681478 0.4566327 0.565746 0.454686 0.565746 0.4566327 0.565746 0.4566327 0.565746 0.454686 0.565746 0.4566327 0.565746 0.4542575 0.5681478 0.4537057 0.5681478 0.4542575 0.5681478 0.454686 0.5681478 0.4537057 0.5681478 0.4531387 0.5681478 0.4542575 0.565746 0.4537057 0.565746 0.454686 0.565746 0.4542575 0.565746 0.4537057 0.565746 0.4542575 0.565746 0.4531387 0.5681478 0.4501088 0.5681478 0.4531387 0.5681478 0.4537057 0.5681478 0.4501088 0.5681478 0.4501121 0.5681478 0.4531387 0.565746 0.4501088 0.565746 0.4537057 0.565746 0.4531387 0.565746 0.4501088 0.565746 0.4531387 0.565746 0.4501121 0.5681478 0.4585795 0.5681478 0.4566327 0.5681478 0.4566327 0.5681478 0.4585795 0.5681478 0.4566327 0.5681478 0.459008 0.565746 0.4585795 0.565746 0.4566327 0.565746 0.4566327 0.565746 0.4585795 0.565746 0.459008 0.565746 0.4566327 0.5681478 0.4595599 0.5681478 0.4585795 0.5681478 0.459008 0.5681478 0.4595599 0.5681478 0.459008 0.5681478 0.4601268 0.565746 0.4595599 0.565746 0.459008 0.565746 0.4585795 0.565746 0.4595599 0.565746 0.4601268 0.565746 0.459008 0.5681478 0.4631568 0.5681478 0.4595599 0.5681478 0.4601268 0.5681478 0.4631568 0.5681478 0.4601268 0.5681478 0.4631535 0.565746 0.4631568 0.565746 0.4601268 0.565746 0.4595599 0.565746 0.4631568 0.565746 0.4631535 0.565746 0.4601268 0.05524152 0.4566327 0.05764311 0.4566327 0.05764311 0.454686 0.05524152 0.4566327 0.05764311 0.454686 0.05524152 0.454686 0.05524152 0.4566327 0.05764311 0.4542575 0.05764311 0.4566327 0.05524152 0.4566327 0.05524152 0.4542575 0.05764311 0.4542575 0.05524152 0.454686 0.05764311 0.454686 0.05764311 0.4537057 0.05524152 0.454686 0.05764311 0.4537057 0.05524152 0.4537057 0.05524152 0.4542575 0.05764311 0.4531387 0.05764311 0.4542575 0.05524152 0.4542575 0.05524152 0.4531387 0.05764311 0.4531387 0.05524152 0.4537057 0.05764311 0.4537057 0.05764311 0.4501088 0.05524152 0.4537057 0.05764311 0.4501088 0.05524152 0.4501088 0.05524152 0.4531387 0.05764311 0.4501121 0.05764311 0.4531387 0.05524152 0.4531387 0.05524152 0.4501121 0.05764311 0.4501121 0.05524152 0.4566327 0.05764311 0.4585795 0.05764311 0.4566327 0.05524152 0.4566327 0.05524152 0.4585795 0.05764311 0.4585795 0.05524152 0.4566327 0.05764311 0.4566327 0.05764311 0.459008 0.05524152 0.4566327 0.05764311 0.459008 0.05524152 0.459008 0.05524152 0.4585795 0.05764311 0.4595599 0.05764311 0.4585795 0.05524152 0.4585795 0.05524152 0.4595599 0.05764311 0.4595599 0.05524152 0.459008 0.05764311 0.459008 0.05764311 0.4601268 0.05524152 0.459008 0.05764311 0.4601268 0.05524152 0.4601268 0.05524152 0.4595599 0.05764311 0.4631568 0.05764311 0.4595599 0.05524152 0.4595599 0.05524152 0.4631568 0.05764311 0.4631568 0.05524152 0.4601268 0.05764311 0.4601268 0.05764311 0.4631535 0.05524152 0.4601268 0.05764311 0.4631535 0.05524152 0.4631535 0.05764311 0.454686 0.05764311 0.4566327 0.05764311 0.4566327 0.05764311 0.454686 0.05764311 0.4566327 0.05764311 0.4542575 0.05524152 0.454686 0.05524152 0.4566327 0.05524152 0.4566327 0.05524152 0.454686 0.05524152 0.4542575 0.05524152 0.4566327 0.05764311 0.4537057 0.05764311 0.454686 0.05764311 0.4542575 0.05764311 0.4537057 0.05764311 0.4542575 0.05764311 0.4531387 0.05524152 0.4537057 0.05524152 0.4542575 0.05524152 0.454686 0.05524152 0.4537057 0.05524152 0.4531387 0.05524152 0.4542575 0.05764311 0.4501088 0.05764311 0.4537057 0.05764311 0.4531387 0.05764311 0.4501088 0.05764311 0.4531387 0.05764311 0.4501121 0.05524152 0.4501088 0.05524152 0.4531387 0.05524152 0.4537057 0.05524152 0.4501088 0.05524152 0.4501121 0.05524152 0.4531387 0.05764311 0.4585795 0.05764311 0.4566327 0.05764311 0.4566327 0.05764311 0.4585795 0.05764311 0.459008 0.05764311 0.4566327 0.05524152 0.4585795 0.05524152 0.4566327 0.05524152 0.4566327 0.05524152 0.4585795 0.05524152 0.4566327 0.05524152 0.459008 0.05764311 0.4595599 0.05764311 0.459008 0.05764311 0.4585795 0.05764311 0.4595599 0.05764311 0.4601268 0.05764311 0.459008 0.05524152 0.4595599 0.05524152 0.4585795 0.05524152 0.459008 0.05524152 0.4595599 0.05524152 0.459008 0.05524152 0.4601268 0.05764311 0.4631568 0.05764311 0.4601268 0.05764311 0.4595599 0.05764311 0.4631568 0.05764311 0.4631535 0.05764311 0.4601268 0.05524152 0.4631568 0.05524152 0.4595599 0.05524152 0.4601268 0.05524152 0.4631568 0.05524152 0.4601268 0.05524152 0.4631535 0.1233204 0.4566327 0.1257219 0.4566327 0.1257219 0.454686 0.1233204 0.4566327 0.1257219 0.454686 0.1233204 0.454686 0.1233204 0.4566327 0.1257219 0.4542575 0.1257219 0.4566327 0.1233204 0.4566327 0.1233204 0.4542575 0.1257219 0.4542575 0.1233204 0.454686 0.1257219 0.454686 0.1257219 0.4537057 0.1233204 0.454686 0.1257219 0.4537057 0.1233204 0.4537057 0.1233204 0.4542575 0.1257219 0.4531387 0.1257219 0.4542575 0.1233204 0.4542575 0.1233204 0.4531387 0.1257219 0.4531387 0.1233204 0.4537057 0.1257219 0.4537057 0.1257219 0.4501088 0.1233204 0.4537057 0.1257219 0.4501088 0.1233204 0.4501088 0.1233204 0.4531387 0.1257219 0.4501121 0.1257219 0.4531387 0.1233204 0.4531387 0.1233204 0.4501121 0.1257219 0.4501121 0.1233204 0.4566327 0.1257219 0.4585795 0.1257219 0.4566327 0.1233204 0.4566327 0.1233204 0.4585795 0.1257219 0.4585795 0.1233204 0.4566327 0.1257219 0.4566327 0.1257219 0.459008 0.1233204 0.4566327 0.1257219 0.459008 0.1233204 0.459008 0.1233204 0.4585795 0.1257219 0.4595599 0.1257219 0.4585795 0.1233204 0.4585795 0.1233204 0.4595599 0.1257219 0.4595599 0.1233204 0.459008 0.1257219 0.459008 0.1257219 0.4601268 0.1233204 0.459008 0.1257219 0.4601268 0.1233204 0.4601268 0.1233204 0.4595599 0.1257219 0.4631568 0.1257219 0.4595599 0.1233204 0.4595599 0.1233204 0.4631568 0.1257219 0.4631568 0.1233204 0.4601268 0.1257219 0.4601268 0.1257219 0.4631535 0.1233204 0.4601268 0.1257219 0.4631535 0.1233204 0.4631535 0.1257219 0.454686 0.1257219 0.4566327 0.1257219 0.4566327 0.1257219 0.454686 0.1257219 0.4566327 0.1257219 0.4542575 0.1233204 0.454686 0.1233204 0.4566327 0.1233204 0.4566327 0.1233204 0.454686 0.1233204 0.4542575 0.1233204 0.4566327 0.1257219 0.4537057 0.1257219 0.454686 0.1257219 0.4542575 0.1257219 0.4537057 0.1257219 0.4542575 0.1257219 0.4531387 0.1233204 0.4537057 0.1233204 0.4542575 0.1233204 0.454686 0.1233204 0.4537057 0.1233204 0.4531387 0.1233204 0.4542575 0.1257219 0.4501088 0.1257219 0.4537057 0.1257219 0.4531387 0.1257219 0.4501088 0.1257219 0.4531387 0.1257219 0.4501121 0.1233204 0.4501088 0.1233204 0.4531387 0.1233204 0.4537057 0.1233204 0.4501088 0.1233204 0.4501121 0.1233204 0.4531387 0.1257219 0.4585795 0.1257219 0.4566327 0.1257219 0.4566327 0.1257219 0.4585795 0.1257219 0.459008 0.1257219 0.4566327 0.1233204 0.4585795 0.1233204 0.4566327 0.1233204 0.4566327 0.1233204 0.4585795 0.1233204 0.4566327 0.1233204 0.459008 0.1257219 0.4595599 0.1257219 0.459008 0.1257219 0.4585795 0.1257219 0.4595599 0.1257219 0.4601268 0.1257219 0.459008 0.1233204 0.4595599 0.1233204 0.4585795 0.1233204 0.459008 0.1233204 0.4595599 0.1233204 0.459008 0.1233204 0.4601268 0.1257219 0.4631568 0.1257219 0.4601268 0.1257219 0.4595599 0.1257219 0.4631568 0.1257219 0.4631535 0.1257219 0.4601268 0.1233204 0.4631568 0.1233204 0.4595599 0.1233204 0.4601268 0.1233204 0.4631568 0.1233204 0.4601268 0.1233204 0.4631535 0.6482241 0.4566327 0.6506252 0.4566327 0.6506252 0.454686 0.6482241 0.4566327 0.6506252 0.454686 0.6482241 0.454686 0.6482241 0.4566327 0.6506252 0.4542575 0.6506252 0.4566327 0.6482241 0.4566327 0.6482241 0.4542575 0.6506252 0.4542575 0.6482241 0.454686 0.6506252 0.454686 0.6506252 0.4537057 0.6482241 0.454686 0.6506252 0.4537057 0.6482241 0.4537057 0.6482241 0.4542575 0.6506252 0.4531387 0.6506252 0.4542575 0.6482241 0.4542575 0.6482241 0.4531387 0.6506252 0.4531387 0.6482241 0.4537057 0.6506252 0.4537057 0.6506252 0.4501088 0.6482241 0.4537057 0.6506252 0.4501088 0.6482241 0.4501088 0.6482241 0.4531387 0.6506252 0.4501121 0.6506252 0.4531387 0.6482241 0.4531387 0.6482241 0.4501121 0.6506252 0.4501121 0.6482241 0.4566327 0.6506252 0.4585795 0.6506252 0.4566327 0.6482241 0.4566327 0.6482241 0.4585795 0.6506252 0.4585795 0.6482241 0.4566327 0.6506252 0.4566327 0.6506252 0.459008 0.6482241 0.4566327 0.6506252 0.459008 0.6482241 0.459008 0.6482241 0.4585795 0.6506252 0.4595599 0.6506252 0.4585795 0.6482241 0.4585795 0.6482241 0.4595599 0.6506252 0.4595599 0.6482241 0.459008 0.6506252 0.459008 0.6506252 0.4601268 0.6482241 0.459008 0.6506252 0.4601268 0.6482241 0.4601268 0.6482241 0.4595599 0.6506252 0.4631568 0.6506252 0.4595599 0.6482241 0.4595599 0.6482241 0.4631568 0.6506252 0.4631568 0.6482241 0.4601268 0.6506252 0.4601268 0.6506252 0.4631535 0.6482241 0.4601268 0.6506252 0.4631535 0.6482241 0.4631535 0.6506252 0.454686 0.6506252 0.4566327 0.6506252 0.4566327 0.6506252 0.454686 0.6506252 0.4566327 0.6506252 0.4542575 0.6482241 0.454686 0.6482241 0.4566327 0.6482241 0.4566327 0.6482241 0.454686 0.6482241 0.4542575 0.6482241 0.4566327 0.6506252 0.4537057 0.6506252 0.454686 0.6506252 0.4542575 0.6506252 0.4537057 0.6506252 0.4542575 0.6506252 0.4531387 0.6482241 0.4537057 0.6482241 0.4542575 0.6482241 0.454686 0.6482241 0.4537057 0.6482241 0.4531387 0.6482241 0.4542575 0.6506252 0.4501088 0.6506252 0.4537057 0.6506252 0.4531387 0.6506252 0.4501088 0.6506252 0.4531387 0.6506252 0.4501121 0.6482241 0.4501088 0.6482241 0.4531387 0.6482241 0.4537057 0.6482241 0.4501088 0.6482241 0.4501121 0.6482241 0.4531387 0.6506252 0.4585795 0.6506252 0.4566327 0.6506252 0.4566327 0.6506252 0.4585795 0.6506252 0.459008 0.6506252 0.4566327 0.6482241 0.4585795 0.6482241 0.4566327 0.6482241 0.4566327 0.6482241 0.4585795 0.6482241 0.4566327 0.6482241 0.459008 0.6506252 0.4595599 0.6506252 0.459008 0.6506252 0.4585795 0.6506252 0.4595599 0.6506252 0.4601268 0.6506252 0.459008 0.6482241 0.4595599 0.6482241 0.4585795 0.6482241 0.459008 0.6482241 0.4595599 0.6482241 0.459008 0.6482241 0.4601268 0.6506252 0.4631568 0.6506252 0.4601268 0.6506252 0.4595599 0.6506252 0.4631568 0.6506252 0.4631535 0.6506252 0.4601268 0.6482241 0.4631568 0.6482241 0.4595599 0.6482241 0.4601268 0.6482241 0.4631568 0.6482241 0.4601268 0.6482241 0.4631535 0.7163028 0.4566327 0.7187044 0.4566327 0.7187044 0.454686 0.7163028 0.4566327 0.7187044 0.454686 0.7163028 0.454686 0.7163028 0.4566327 0.7187044 0.4542575 0.7187044 0.4566327 0.7163028 0.4566327 0.7163028 0.4542575 0.7187044 0.4542575 0.7163028 0.454686 0.7187044 0.454686 0.7187044 0.4537057 0.7163028 0.454686 0.7187044 0.4537057 0.7163028 0.4537057 0.7163028 0.4542575 0.7187044 0.4531387 0.7187044 0.4542575 0.7163028 0.4542575 0.7163028 0.4531387 0.7187044 0.4531387 0.7163028 0.4537057 0.7187044 0.4537057 0.7187044 0.4501088 0.7163028 0.4537057 0.7187044 0.4501088 0.7163028 0.4501088 0.7163028 0.4531387 0.7187044 0.4501121 0.7187044 0.4531387 0.7163028 0.4531387 0.7163028 0.4501121 0.7187044 0.4501121 0.7163028 0.4566327 0.7187044 0.4585795 0.7187044 0.4566327 0.7163028 0.4566327 0.7163028 0.4585795 0.7187044 0.4585795 0.7163028 0.4566327 0.7187044 0.4566327 0.7187044 0.459008 0.7163028 0.4566327 0.7187044 0.459008 0.7163028 0.459008 0.7163028 0.4585795 0.7187044 0.4595599 0.7187044 0.4585795 0.7163028 0.4585795 0.7163028 0.4595599 0.7187044 0.4595599 0.7163028 0.459008 0.7187044 0.459008 0.7187044 0.4601268 0.7163028 0.459008 0.7187044 0.4601268 0.7163028 0.4601268 0.7163028 0.4595599 0.7187044 0.4631568 0.7187044 0.4595599 0.7163028 0.4595599 0.7163028 0.4631568 0.7187044 0.4631568 0.7163028 0.4601268 0.7187044 0.4601268 0.7187044 0.4631535 0.7163028 0.4601268 0.7187044 0.4631535 0.7163028 0.4631535 0.7187044 0.454686 0.7187044 0.4566327 0.7187044 0.4566327 0.7187044 0.454686 0.7187044 0.4566327 0.7187044 0.4542575 0.7163028 0.454686 0.7163028 0.4566327 0.7163028 0.4566327 0.7163028 0.454686 0.7163028 0.4542575 0.7163028 0.4566327 0.7187044 0.4537057 0.7187044 0.454686 0.7187044 0.4542575 0.7187044 0.4537057 0.7187044 0.4542575 0.7187044 0.4531387 0.7163028 0.4537057 0.7163028 0.4542575 0.7163028 0.454686 0.7163028 0.4537057 0.7163028 0.4531387 0.7163028 0.4542575 0.7187044 0.4501088 0.7187044 0.4537057 0.7187044 0.4531387 0.7187044 0.4501088 0.7187044 0.4531387 0.7187044 0.4501121 0.7163028 0.4501088 0.7163028 0.4531387 0.7163028 0.4537057 0.7163028 0.4501088 0.7163028 0.4501121 0.7163028 0.4531387 0.7187044 0.4585795 0.7187044 0.4566327 0.7187044 0.4566327 0.7187044 0.4585795 0.7187044 0.459008 0.7187044 0.4566327 0.7163028 0.4585795 0.7163028 0.4566327 0.7163028 0.4566327 0.7163028 0.4585795 0.7163028 0.4566327 0.7163028 0.459008 0.7187044 0.4595599 0.7187044 0.459008 0.7187044 0.4585795 0.7187044 0.4595599 0.7187044 0.4601268 0.7187044 0.459008 0.7163028 0.4595599 0.7163028 0.4585795 0.7163028 0.459008 0.7163028 0.4595599 0.7163028 0.459008 0.7163028 0.4601268 0.7187044 0.4631568 0.7187044 0.4601268 0.7187044 0.4595599 0.7187044 0.4631568 0.7187044 0.4631535 0.7187044 0.4601268 0.7163028 0.4631568 0.7163028 0.4595599 0.7163028 0.4601268 0.7163028 0.4631568 0.7163028 0.4601268 0.7163028 0.4631535 0.2208577 0.4566327 0.2232594 0.4566327 0.2232594 0.454686 0.2208577 0.4566327 0.2232594 0.454686 0.2208577 0.454686 0.2208577 0.4566327 0.2232594 0.4542575 0.2232594 0.4566327 0.2208577 0.4566327 0.2208577 0.4542575 0.2232594 0.4542575 0.2208577 0.454686 0.2232594 0.454686 0.2232594 0.4537057 0.2208577 0.454686 0.2232594 0.4537057 0.2208577 0.4537057 0.2208577 0.4542575 0.2232594 0.4531387 0.2232594 0.4542575 0.2208577 0.4542575 0.2208577 0.4531387 0.2232594 0.4531387 0.2208577 0.4537057 0.2232594 0.4537057 0.2232594 0.4501088 0.2208577 0.4537057 0.2232594 0.4501088 0.2208577 0.4501088 0.2208577 0.4531387 0.2232594 0.4501121 0.2232594 0.4531387 0.2208577 0.4531387 0.2208577 0.4501121 0.2232594 0.4501121 0.2208577 0.4566327 0.2232594 0.4585795 0.2232594 0.4566327 0.2208577 0.4566327 0.2208577 0.4585795 0.2232594 0.4585795 0.2208577 0.4566327 0.2232594 0.4566327 0.2232594 0.459008 0.2208577 0.4566327 0.2232594 0.459008 0.2208577 0.459008 0.2208577 0.4585795 0.2232594 0.4595599 0.2232594 0.4585795 0.2208577 0.4585795 0.2208577 0.4595599 0.2232594 0.4595599 0.2208577 0.459008 0.2232594 0.459008 0.2232594 0.4601268 0.2208577 0.459008 0.2232594 0.4601268 0.2208577 0.4601268 0.2208577 0.4595599 0.2232594 0.4631568 0.2232594 0.4595599 0.2208577 0.4595599 0.2208577 0.4631568 0.2232594 0.4631568 0.2208577 0.4601268 0.2232594 0.4601268 0.2232594 0.4631535 0.2208577 0.4601268 0.2232594 0.4631535 0.2208577 0.4631535 0.2232594 0.454686 0.2232594 0.4566327 0.2232594 0.4566327 0.2232594 0.454686 0.2232594 0.4566327 0.2232594 0.4542575 0.2208577 0.454686 0.2208577 0.4566327 0.2208577 0.4566327 0.2208577 0.454686 0.2208577 0.4542575 0.2208577 0.4566327 0.2232594 0.4537057 0.2232594 0.454686 0.2232594 0.4542575 0.2232594 0.4537057 0.2232594 0.4542575 0.2232594 0.4531387 0.2208577 0.4537057 0.2208577 0.4542575 0.2208577 0.454686 0.2208577 0.4537057 0.2208577 0.4531387 0.2208577 0.4542575 0.2232594 0.4501088 0.2232594 0.4537057 0.2232594 0.4531387 0.2232594 0.4501088 0.2232594 0.4531387 0.2232594 0.4501121 0.2208577 0.4501088 0.2208577 0.4531387 0.2208577 0.4537057 0.2208577 0.4501088 0.2208577 0.4501121 0.2208577 0.4531387 0.2232594 0.4585795 0.2232594 0.4566327 0.2232594 0.4566327 0.2232594 0.4585795 0.2232594 0.459008 0.2232594 0.4566327 0.2208577 0.4585795 0.2208577 0.4566327 0.2208577 0.4566327 0.2208577 0.4585795 0.2208577 0.4566327 0.2208577 0.459008 0.2232594 0.4595599 0.2232594 0.459008 0.2232594 0.4585795 0.2232594 0.4595599 0.2232594 0.4601268 0.2232594 0.459008 0.2208577 0.4595599 0.2208577 0.4585795 0.2208577 0.459008 0.2208577 0.4595599 0.2208577 0.459008 0.2208577 0.4601268 0.2232594 0.4631568 0.2232594 0.4601268 0.2232594 0.4595599 0.2232594 0.4631568 0.2232594 0.4631535 0.2232594 0.4601268 0.2208577 0.4631568 0.2208577 0.4595599 0.2208577 0.4601268 0.2208577 0.4631568 0.2208577 0.4601268 0.2208577 0.4631535 0.334317 0.4566327 0.3367187 0.4566327 0.3367187 0.454686 0.334317 0.4566327 0.3367187 0.454686 0.334317 0.454686 0.334317 0.4566327 0.3367187 0.4542575 0.3367187 0.4566327 0.334317 0.4566327 0.334317 0.4542575 0.3367187 0.4542575 0.334317 0.454686 0.3367187 0.454686 0.3367187 0.4537057 0.334317 0.454686 0.3367187 0.4537057 0.334317 0.4537057 0.334317 0.4542575 0.3367187 0.4531387 0.3367187 0.4542575 0.334317 0.4542575 0.334317 0.4531387 0.3367187 0.4531387 0.334317 0.4537057 0.3367187 0.4537057 0.3367187 0.4501088 0.334317 0.4537057 0.3367187 0.4501088 0.334317 0.4501088 0.334317 0.4531387 0.3367187 0.4501121 0.3367187 0.4531387 0.334317 0.4531387 0.334317 0.4501121 0.3367187 0.4501121 0.334317 0.4566327 0.3367187 0.4585795 0.3367187 0.4566327 0.334317 0.4566327 0.334317 0.4585795 0.3367187 0.4585795 0.334317 0.4566327 0.3367187 0.4566327 0.3367187 0.459008 0.334317 0.4566327 0.3367187 0.459008 0.334317 0.459008 0.334317 0.4585795 0.3367187 0.4595599 0.3367187 0.4585795 0.334317 0.4585795 0.334317 0.4595599 0.3367187 0.4595599 0.334317 0.459008 0.3367187 0.459008 0.3367187 0.4601268 0.334317 0.459008 0.3367187 0.4601268 0.334317 0.4601268 0.334317 0.4595599 0.3367187 0.4631568 0.3367187 0.4595599 0.334317 0.4595599 0.334317 0.4631568 0.3367187 0.4631568 0.334317 0.4601268 0.3367187 0.4601268 0.3367187 0.4631535 0.334317 0.4601268 0.3367187 0.4631535 0.334317 0.4631535 0.3367187 0.454686 0.3367187 0.4566327 0.3367187 0.4566327 0.3367187 0.454686 0.3367187 0.4566327 0.3367187 0.4542575 0.334317 0.454686 0.334317 0.4566327 0.334317 0.4566327 0.334317 0.454686 0.334317 0.4542575 0.334317 0.4566327 0.3367187 0.4537057 0.3367187 0.454686 0.3367187 0.4542575 0.3367187 0.4537057 0.3367187 0.4542575 0.3367187 0.4531387 0.334317 0.4537057 0.334317 0.4542575 0.334317 0.454686 0.334317 0.4537057 0.334317 0.4531387 0.334317 0.4542575 0.3367187 0.4501088 0.3367187 0.4537057 0.3367187 0.4531387 0.3367187 0.4501088 0.3367187 0.4531387 0.3367187 0.4501121 0.334317 0.4501088 0.334317 0.4531387 0.334317 0.4537057 0.334317 0.4501088 0.334317 0.4501121 0.334317 0.4531387 0.3367187 0.4585795 0.3367187 0.4566327 0.3367187 0.4566327 0.3367187 0.4585795 0.3367187 0.459008 0.3367187 0.4566327 0.334317 0.4585795 0.334317 0.4566327 0.334317 0.4566327 0.334317 0.4585795 0.334317 0.4566327 0.334317 0.459008 0.3367187 0.4595599 0.3367187 0.459008 0.3367187 0.4585795 0.3367187 0.4595599 0.3367187 0.4601268 0.3367187 0.459008 0.334317 0.4595599 0.334317 0.4585795 0.334317 0.459008 0.334317 0.4595599 0.334317 0.459008 0.334317 0.4601268 0.3367187 0.4631568 0.3367187 0.4601268 0.3367187 0.4595599 0.3367187 0.4631568 0.3367187 0.4631535 0.3367187 0.4601268 0.334317 0.4631568 0.334317 0.4595599 0.334317 0.4601268 0.334317 0.4631568 0.334317 0.4601268 0.334317 0.4631535 0.4383766 0.4566327 0.4407784 0.4566327 0.4407784 0.454686 0.4383766 0.4566327 0.4407784 0.454686 0.4383766 0.454686 0.4383766 0.4566327 0.4407784 0.4542575 0.4407784 0.4566327 0.4383766 0.4566327 0.4383766 0.4542575 0.4407784 0.4542575 0.4383766 0.454686 0.4407784 0.454686 0.4407784 0.4537057 0.4383766 0.454686 0.4407784 0.4537057 0.4383766 0.4537057 0.4383766 0.4542575 0.4407784 0.4531387 0.4407784 0.4542575 0.4383766 0.4542575 0.4383766 0.4531387 0.4407784 0.4531387 0.4383766 0.4537057 0.4407784 0.4537057 0.4407784 0.4501088 0.4383766 0.4537057 0.4407784 0.4501088 0.4383766 0.4501088 0.4383766 0.4531387 0.4407784 0.4501121 0.4407784 0.4531387 0.4383766 0.4531387 0.4383766 0.4501121 0.4407784 0.4501121 0.4383766 0.4566327 0.4407784 0.4585795 0.4407784 0.4566327 0.4383766 0.4566327 0.4383766 0.4585795 0.4407784 0.4585795 0.4383766 0.4566327 0.4407784 0.4566327 0.4407784 0.459008 0.4383766 0.4566327 0.4407784 0.459008 0.4383766 0.459008 0.4383766 0.4585795 0.4407784 0.4595599 0.4407784 0.4585795 0.4383766 0.4585795 0.4383766 0.4595599 0.4407784 0.4595599 0.4383766 0.459008 0.4407784 0.459008 0.4407784 0.4601268 0.4383766 0.459008 0.4407784 0.4601268 0.4383766 0.4601268 0.4383766 0.4595599 0.4407784 0.4631568 0.4407784 0.4595599 0.4383766 0.4595599 0.4383766 0.4631568 0.4407784 0.4631568 0.4383766 0.4601268 0.4407784 0.4601268 0.4407784 0.4631535 0.4383766 0.4601268 0.4407784 0.4631535 0.4383766 0.4631535 0.4407784 0.454686 0.4407784 0.4566327 0.4407784 0.4566327 0.4407784 0.454686 0.4407784 0.4566327 0.4407784 0.4542575 0.4383766 0.454686 0.4383766 0.4566327 0.4383766 0.4566327 0.4383766 0.454686 0.4383766 0.4542575 0.4383766 0.4566327 0.4407784 0.4537057 0.4407784 0.454686 0.4407784 0.4542575 0.4407784 0.4537057 0.4407784 0.4542575 0.4407784 0.4531387 0.4383766 0.4537057 0.4383766 0.4542575 0.4383766 0.454686 0.4383766 0.4537057 0.4383766 0.4531387 0.4383766 0.4542575 0.4407784 0.4501088 0.4407784 0.4537057 0.4407784 0.4531387 0.4407784 0.4501088 0.4407784 0.4531387 0.4407784 0.4501121 0.4383766 0.4501088 0.4383766 0.4531387 0.4383766 0.4537057 0.4383766 0.4501088 0.4383766 0.4501121 0.4383766 0.4531387 0.4407784 0.4585795 0.4407784 0.4566327 0.4407784 0.4566327 0.4407784 0.4585795 0.4407784 0.459008 0.4407784 0.4566327 0.4383766 0.4585795 0.4383766 0.4566327 0.4383766 0.4566327 0.4383766 0.4585795 0.4383766 0.4566327 0.4383766 0.459008 0.4407784 0.4595599 0.4407784 0.459008 0.4407784 0.4585795 0.4407784 0.4595599 0.4407784 0.4601268 0.4407784 0.459008 0.4383766 0.4595599 0.4383766 0.4585795 0.4383766 0.459008 0.4383766 0.4595599 0.4383766 0.459008 0.4383766 0.4601268 0.4407784 0.4631568 0.4407784 0.4601268 0.4407784 0.4595599 0.4407784 0.4631568 0.4407784 0.4631535 0.4407784 0.4601268 0.4383766 0.4631568 0.4383766 0.4595599 0.4383766 0.4601268 0.4383766 0.4631568 0.4383766 0.4601268 0.4383766 0.4631535 0.565746 0.4566327 0.5681478 0.4566327 0.5681478 0.454686 0.565746 0.4566327 0.5681478 0.454686 0.565746 0.454686 0.565746 0.4566327 0.5681478 0.4542575 0.5681478 0.4566327 0.565746 0.4566327 0.565746 0.4542575 0.5681478 0.4542575 0.565746 0.454686 0.5681478 0.454686 0.5681478 0.4537057 0.565746 0.454686 0.5681478 0.4537057 0.565746 0.4537057 0.565746 0.4542575 0.5681478 0.4531387 0.5681478 0.4542575 0.565746 0.4542575 0.565746 0.4531387 0.5681478 0.4531387 0.565746 0.4537057 0.5681478 0.4537057 0.5681478 0.4501088 0.565746 0.4537057 0.5681478 0.4501088 0.565746 0.4501088 0.565746 0.4531387 0.5681478 0.4501121 0.5681478 0.4531387 0.565746 0.4531387 0.565746 0.4501121 0.5681478 0.4501121 0.565746 0.4566327 0.5681478 0.4585795 0.5681478 0.4566327 0.565746 0.4566327 0.565746 0.4585795 0.5681478 0.4585795 0.565746 0.4566327 0.5681478 0.4566327 0.5681478 0.459008 0.565746 0.4566327 0.5681478 0.459008 0.565746 0.459008 0.565746 0.4585795 0.5681478 0.4595599 0.5681478 0.4585795 0.565746 0.4585795 0.565746 0.4595599 0.5681478 0.4595599 0.565746 0.459008 0.5681478 0.459008 0.5681478 0.4601268 0.565746 0.459008 0.5681478 0.4601268 0.565746 0.4601268 0.565746 0.4595599 0.5681478 0.4631568 0.5681478 0.4595599 0.565746 0.4595599 0.565746 0.4631568 0.5681478 0.4631568 0.565746 0.4601268 0.5681478 0.4601268 0.5681478 0.4631535 0.565746 0.4601268 0.5681478 0.4631535 0.565746 0.4631535 0.5681478 0.454686 0.5681478 0.4566327 0.5681478 0.4566327 0.5681478 0.454686 0.5681478 0.4566327 0.5681478 0.4542575 0.565746 0.454686 0.565746 0.4566327 0.565746 0.4566327 0.565746 0.454686 0.565746 0.4542575 0.565746 0.4566327 0.5681478 0.4537057 0.5681478 0.454686 0.5681478 0.4542575 0.5681478 0.4537057 0.5681478 0.4542575 0.5681478 0.4531387 0.565746 0.4537057 0.565746 0.4542575 0.565746 0.454686 0.565746 0.4537057 0.565746 0.4531387 0.565746 0.4542575 0.5681478 0.4501088 0.5681478 0.4537057 0.5681478 0.4531387 0.5681478 0.4501088 0.5681478 0.4531387 0.5681478 0.4501121 0.565746 0.4501088 0.565746 0.4531387 0.565746 0.4537057 0.565746 0.4501088 0.565746 0.4501121 0.565746 0.4531387 0.5681478 0.4585795 0.5681478 0.4566327 0.5681478 0.4566327 0.5681478 0.4585795 0.5681478 0.459008 0.5681478 0.4566327 0.565746 0.4585795 0.565746 0.4566327 0.565746 0.4566327 0.565746 0.4585795 0.565746 0.4566327 0.565746 0.459008 0.5681478 0.4595599 0.5681478 0.459008 0.5681478 0.4585795 0.5681478 0.4595599 0.5681478 0.4601268 0.5681478 0.459008 0.565746 0.4595599 0.565746 0.4585795 0.565746 0.459008 0.565746 0.4595599 0.565746 0.459008 0.565746 0.4601268 0.5681478 0.4631568 0.5681478 0.4601268 0.5681478 0.4595599 0.5681478 0.4631568 0.5681478 0.4631535 0.5681478 0.4601268 0.565746 0.4631568 0.565746 0.4595599 0.565746 0.4601268 0.565746 0.4631568 0.565746 0.4601268 0.565746 0.4631535 0.07560151 0.2621197 0.07914328 0.2592657 0.07914328 0.2621197 0.07560151 0.2621197 0.07560151 0.2592657 0.07914328 0.2592657 0.07560151 0.2621197 0.07914328 0.2621197 0.07914328 0.2586375 0.07560151 0.2621197 0.07914328 0.2586375 0.07560151 0.2586375 0.07560151 0.2592657 0.07914328 0.2578284 0.07914328 0.2592657 0.07560151 0.2592657 0.07560151 0.2578284 0.07914328 0.2578284 0.07560151 0.2586375 0.07914328 0.2586375 0.07914328 0.2569974 0.07560151 0.2586375 0.07914328 0.2569974 0.07560151 0.2569974 0.07560151 0.2578284 0.07914328 0.2525554 0.07914328 0.2578284 0.07560151 0.2578284 0.07560151 0.2525554 0.07914328 0.2525554 0.07560151 0.2569974 0.07914328 0.2569974 0.07914328 0.2525601 0.07560151 0.2569974 0.07914328 0.2525601 0.07560151 0.2525601 0.07560151 0.2621197 0.07914328 0.2621197 0.07914328 0.2649737 0.07560151 0.2621197 0.07914328 0.2649737 0.07560151 0.2649737 0.07560151 0.2621197 0.07914328 0.2656019 0.07914328 0.2621197 0.07560151 0.2621197 0.07560151 0.2656019 0.07914328 0.2656019 0.07560151 0.2649737 0.07914328 0.2649737 0.07914328 0.2664108 0.07560151 0.2649737 0.07914328 0.2664108 0.07560151 0.2664108 0.07560151 0.2656019 0.07914328 0.2672418 0.07914328 0.2656019 0.07560151 0.2656019 0.07560151 0.2672418 0.07914328 0.2672418 0.07560151 0.2664108 0.07914328 0.2664108 0.07914328 0.2716841 0.07560151 0.2664108 0.07914328 0.2716841 0.07560151 0.2716841 0.07560151 0.2672418 0.07914328 0.2716792 0.07914328 0.2672418 0.07560151 0.2672418 0.07560151 0.2716792 0.07914328 0.2716792 0.07914328 0.2592657 0.07914328 0.2621197 0.07914328 0.2621197 0.07914328 0.2592657 0.07914328 0.2586375 0.07914328 0.2621197 0.07560151 0.2592657 0.07560151 0.2621197 0.07560151 0.2621197 0.07560151 0.2592657 0.07560151 0.2621197 0.07560151 0.2586375 0.07914328 0.2578284 0.07914328 0.2586375 0.07914328 0.2592657 0.07914328 0.2578284 0.07914328 0.2569974 0.07914328 0.2586375 0.07560151 0.2578284 0.07560151 0.2592657 0.07560151 0.2586375 0.07560151 0.2578284 0.07560151 0.2586375 0.07560151 0.2569974 0.07914328 0.2525554 0.07914328 0.2569974 0.07914328 0.2578284 0.07914328 0.2525554 0.07914328 0.2525601 0.07914328 0.2569974 0.07560151 0.2525554 0.07560151 0.2578284 0.07560151 0.2569974 0.07560151 0.2525554 0.07560151 0.2569974 0.07560151 0.2525601 0.07914328 0.2649737 0.07914328 0.2621197 0.07914328 0.2621197 0.07914328 0.2649737 0.07914328 0.2621197 0.07914328 0.2656019 0.07560151 0.2649737 0.07560151 0.2621197 0.07560151 0.2621197 0.07560151 0.2649737 0.07560151 0.2656019 0.07560151 0.2621197 0.07914328 0.2664108 0.07914328 0.2649737 0.07914328 0.2656019 0.07914328 0.2664108 0.07914328 0.2656019 0.07914328 0.2672418 0.07560151 0.2664108 0.07560151 0.2656019 0.07560151 0.2649737 0.07560151 0.2664108 0.07560151 0.2672418 0.07560151 0.2656019 0.07914328 0.2716841 0.07914328 0.2664108 0.07914328 0.2672418 0.07914328 0.2716841 0.07914328 0.2672418 0.07914328 0.2716792 0.07560151 0.2716841 0.07560151 0.2672418 0.07560151 0.2664108 0.07560151 0.2716841 0.07560151 0.2716792 0.07560151 0.2672418 0.1759995 0.2621197 0.1795412 0.2592657 0.1795412 0.2621197 0.1759995 0.2621197 0.1759995 0.2592657 0.1795412 0.2592657 0.1759995 0.2621197 0.1795412 0.2621197 0.1795412 0.2586375 0.1759995 0.2621197 0.1795412 0.2586375 0.1759995 0.2586375 0.1759995 0.2592657 0.1795412 0.2578284 0.1795412 0.2592657 0.1759995 0.2592657 0.1759995 0.2578284 0.1795412 0.2578284 0.1759995 0.2586375 0.1795412 0.2586375 0.1795412 0.2569974 0.1759995 0.2586375 0.1795412 0.2569974 0.1759995 0.2569974 0.1759995 0.2578284 0.1795412 0.2525554 0.1795412 0.2578284 0.1759995 0.2578284 0.1759995 0.2525554 0.1795412 0.2525554 0.1759995 0.2569974 0.1795412 0.2569974 0.1795412 0.2525601 0.1759995 0.2569974 0.1795412 0.2525601 0.1759995 0.2525601 0.1759995 0.2621197 0.1795412 0.2621197 0.1795412 0.2649737 0.1759995 0.2621197 0.1795412 0.2649737 0.1759995 0.2649737 0.1759995 0.2621197 0.1795412 0.2656019 0.1795412 0.2621197 0.1759995 0.2621197 0.1759995 0.2656019 0.1795412 0.2656019 0.1759995 0.2649737 0.1795412 0.2649737 0.1795412 0.2664108 0.1759995 0.2649737 0.1795412 0.2664108 0.1759995 0.2664108 0.1759995 0.2656019 0.1795412 0.2672418 0.1795412 0.2656019 0.1759995 0.2656019 0.1759995 0.2672418 0.1795412 0.2672418 0.1759995 0.2664108 0.1795412 0.2664108 0.1795412 0.2716841 0.1759995 0.2664108 0.1795412 0.2716841 0.1759995 0.2716841 0.1759995 0.2672418 0.1795412 0.2716792 0.1795412 0.2672418 0.1759995 0.2672418 0.1759995 0.2716792 0.1795412 0.2716792 0.1795412 0.2592657 0.1795412 0.2621197 0.1795412 0.2621197 0.1795412 0.2592657 0.1795412 0.2586375 0.1795412 0.2621197 0.1759995 0.2592657 0.1759995 0.2621197 0.1759995 0.2621197 0.1759995 0.2592657 0.1759995 0.2621197 0.1759995 0.2586375 0.1795412 0.2578284 0.1795412 0.2586375 0.1795412 0.2592657 0.1795412 0.2578284 0.1795412 0.2569974 0.1795412 0.2586375 0.1759995 0.2578284 0.1759995 0.2592657 0.1759995 0.2586375 0.1759995 0.2578284 0.1759995 0.2586375 0.1759995 0.2569974 0.1795412 0.2525554 0.1795412 0.2569974 0.1795412 0.2578284 0.1795412 0.2525554 0.1795412 0.2525601 0.1795412 0.2569974 0.1759995 0.2525554 0.1759995 0.2578284 0.1759995 0.2569974 0.1759995 0.2525554 0.1759995 0.2569974 0.1759995 0.2525601 0.1795412 0.2649737 0.1795412 0.2621197 0.1795412 0.2621197 0.1795412 0.2649737 0.1795412 0.2621197 0.1795412 0.2656019 0.1759995 0.2649737 0.1759995 0.2621197 0.1759995 0.2621197 0.1759995 0.2649737 0.1759995 0.2656019 0.1759995 0.2621197 0.1795412 0.2664108 0.1795412 0.2649737 0.1795412 0.2656019 0.1795412 0.2664108 0.1795412 0.2656019 0.1795412 0.2672418 0.1759995 0.2664108 0.1759995 0.2656019 0.1759995 0.2649737 0.1759995 0.2664108 0.1759995 0.2672418 0.1759995 0.2656019 0.1795412 0.2716841 0.1795412 0.2664108 0.1795412 0.2672418 0.1795412 0.2716841 0.1795412 0.2672418 0.1795412 0.2716792 0.1759995 0.2716841 0.1759995 0.2672418 0.1759995 0.2664108 0.1759995 0.2716841 0.1759995 0.2716792 0.1759995 0.2672418 0.5689095 0.2621197 0.5724517 0.2592657 0.5724517 0.2621197 0.5689095 0.2621197 0.5689095 0.2592657 0.5724517 0.2592657 0.5689095 0.2621197 0.5724517 0.2621197 0.5724517 0.2586375 0.5689095 0.2621197 0.5724517 0.2586375 0.5689095 0.2586375 0.5689095 0.2592657 0.5724517 0.2578284 0.5724517 0.2592657 0.5689095 0.2592657 0.5689095 0.2578284 0.5724517 0.2578284 0.5689095 0.2586375 0.5724517 0.2586375 0.5724517 0.2569974 0.5689095 0.2586375 0.5724517 0.2569974 0.5689095 0.2569974 0.5689095 0.2578284 0.5724517 0.2525554 0.5724517 0.2578284 0.5689095 0.2578284 0.5689095 0.2525554 0.5724517 0.2525554 0.5689095 0.2569974 0.5724517 0.2569974 0.5724517 0.2525601 0.5689095 0.2569974 0.5724517 0.2525601 0.5689095 0.2525601 0.5689095 0.2621197 0.5724517 0.2621197 0.5724517 0.2649737 0.5689095 0.2621197 0.5724517 0.2649737 0.5689095 0.2649737 0.5689095 0.2621197 0.5724517 0.2656019 0.5724517 0.2621197 0.5689095 0.2621197 0.5689095 0.2656019 0.5724517 0.2656019 0.5689095 0.2649737 0.5724517 0.2649737 0.5724517 0.2664108 0.5689095 0.2649737 0.5724517 0.2664108 0.5689095 0.2664108 0.5689095 0.2656019 0.5724517 0.2672418 0.5724517 0.2656019 0.5689095 0.2656019 0.5689095 0.2672418 0.5724517 0.2672418 0.5689095 0.2664108 0.5724517 0.2664108 0.5724517 0.2716841 0.5689095 0.2664108 0.5724517 0.2716841 0.5689095 0.2716841 0.5689095 0.2672418 0.5724517 0.2716792 0.5724517 0.2672418 0.5689095 0.2672418 0.5689095 0.2716792 0.5724517 0.2716792 0.5724517 0.2592657 0.5724517 0.2621197 0.5724517 0.2621197 0.5724517 0.2592657 0.5724517 0.2586375 0.5724517 0.2621197 0.5689095 0.2592657 0.5689095 0.2621197 0.5689095 0.2621197 0.5689095 0.2592657 0.5689095 0.2621197 0.5689095 0.2586375 0.5724517 0.2578284 0.5724517 0.2586375 0.5724517 0.2592657 0.5724517 0.2578284 0.5724517 0.2569974 0.5724517 0.2586375 0.5689095 0.2578284 0.5689095 0.2592657 0.5689095 0.2586375 0.5689095 0.2578284 0.5689095 0.2586375 0.5689095 0.2569974 0.5724517 0.2525554 0.5724517 0.2569974 0.5724517 0.2578284 0.5724517 0.2525554 0.5724517 0.2525601 0.5724517 0.2569974 0.5689095 0.2525554 0.5689095 0.2578284 0.5689095 0.2569974 0.5689095 0.2525554 0.5689095 0.2569974 0.5689095 0.2525601 0.5724517 0.2649737 0.5724517 0.2621197 0.5724517 0.2621197 0.5724517 0.2649737 0.5724517 0.2621197 0.5724517 0.2656019 0.5689095 0.2649737 0.5689095 0.2621197 0.5689095 0.2621197 0.5689095 0.2649737 0.5689095 0.2656019 0.5689095 0.2621197 0.5724517 0.2664108 0.5724517 0.2649737 0.5724517 0.2656019 0.5724517 0.2664108 0.5724517 0.2656019 0.5724517 0.2672418 0.5689095 0.2664108 0.5689095 0.2656019 0.5689095 0.2649737 0.5689095 0.2664108 0.5689095 0.2672418 0.5689095 0.2656019 0.5724517 0.2716841 0.5724517 0.2664108 0.5724517 0.2672418 0.5724517 0.2716841 0.5724517 0.2672418 0.5724517 0.2716792 0.5689095 0.2716841 0.5689095 0.2672418 0.5689095 0.2664108 0.5689095 0.2716841 0.5689095 0.2716792 0.5689095 0.2672418 0.6693076 0.2621197 0.6728488 0.2592657 0.6728488 0.2621197 0.6693076 0.2621197 0.6693076 0.2592657 0.6728488 0.2592657 0.6693076 0.2621197 0.6728488 0.2621197 0.6728488 0.2586375 0.6693076 0.2621197 0.6728488 0.2586375 0.6693076 0.2586375 0.6693076 0.2592657 0.6728488 0.2578284 0.6728488 0.2592657 0.6693076 0.2592657 0.6693076 0.2578284 0.6728488 0.2578284 0.6693076 0.2586375 0.6728488 0.2586375 0.6728488 0.2569974 0.6693076 0.2586375 0.6728488 0.2569974 0.6693076 0.2569974 0.6693076 0.2578284 0.6728488 0.2525554 0.6728488 0.2578284 0.6693076 0.2578284 0.6693076 0.2525554 0.6728488 0.2525554 0.6693076 0.2569974 0.6728488 0.2569974 0.6728488 0.2525601 0.6693076 0.2569974 0.6728488 0.2525601 0.6693076 0.2525601 0.6693076 0.2621197 0.6728488 0.2621197 0.6728488 0.2649737 0.6693076 0.2621197 0.6728488 0.2649737 0.6693076 0.2649737 0.6693076 0.2621197 0.6728488 0.2656019 0.6728488 0.2621197 0.6693076 0.2621197 0.6693076 0.2656019 0.6728488 0.2656019 0.6693076 0.2649737 0.6728488 0.2649737 0.6728488 0.2664108 0.6693076 0.2649737 0.6728488 0.2664108 0.6693076 0.2664108 0.6693076 0.2656019 0.6728488 0.2672418 0.6728488 0.2656019 0.6693076 0.2656019 0.6693076 0.2672418 0.6728488 0.2672418 0.6693076 0.2664108 0.6728488 0.2664108 0.6728488 0.2716841 0.6693076 0.2664108 0.6728488 0.2716841 0.6693076 0.2716841 0.6693076 0.2672418 0.6728488 0.2716792 0.6728488 0.2672418 0.6693076 0.2672418 0.6693076 0.2716792 0.6728488 0.2716792 0.6728488 0.2592657 0.6728488 0.2621197 0.6728488 0.2621197 0.6728488 0.2592657 0.6728488 0.2586375 0.6728488 0.2621197 0.6693076 0.2592657 0.6693076 0.2621197 0.6693076 0.2621197 0.6693076 0.2592657 0.6693076 0.2621197 0.6693076 0.2586375 0.6728488 0.2578284 0.6728488 0.2586375 0.6728488 0.2592657 0.6728488 0.2578284 0.6728488 0.2569974 0.6728488 0.2586375 0.6693076 0.2578284 0.6693076 0.2592657 0.6693076 0.2586375 0.6693076 0.2578284 0.6693076 0.2586375 0.6693076 0.2569974 0.6728488 0.2525554 0.6728488 0.2569974 0.6728488 0.2578284 0.6728488 0.2525554 0.6728488 0.2525601 0.6728488 0.2569974 0.6693076 0.2525554 0.6693076 0.2578284 0.6693076 0.2569974 0.6693076 0.2525554 0.6693076 0.2569974 0.6693076 0.2525601 0.6728488 0.2649737 0.6728488 0.2621197 0.6728488 0.2621197 0.6728488 0.2649737 0.6728488 0.2621197 0.6728488 0.2656019 0.6693076 0.2649737 0.6693076 0.2621197 0.6693076 0.2621197 0.6693076 0.2649737 0.6693076 0.2656019 0.6693076 0.2621197 0.6728488 0.2664108 0.6728488 0.2649737 0.6728488 0.2656019 0.6728488 0.2664108 0.6728488 0.2656019 0.6728488 0.2672418 0.6693076 0.2664108 0.6693076 0.2656019 0.6693076 0.2649737 0.6693076 0.2664108 0.6693076 0.2672418 0.6693076 0.2656019 0.6728488 0.2716841 0.6728488 0.2664108 0.6728488 0.2672418 0.6728488 0.2716841 0.6728488 0.2672418 0.6728488 0.2716792 0.6693076 0.2716841 0.6693076 0.2672418 0.6693076 0.2664108 0.6693076 0.2716841 0.6693076 0.2716792 0.6693076 0.2672418 0.297938 0.2621197 0.3014798 0.2592657 0.3014798 0.2621197 0.297938 0.2621197 0.297938 0.2592657 0.3014798 0.2592657 0.297938 0.2621197 0.3014798 0.2621197 0.3014798 0.2586375 0.297938 0.2621197 0.3014798 0.2586375 0.297938 0.2586375 0.297938 0.2592657 0.3014798 0.2578284 0.3014798 0.2592657 0.297938 0.2592657 0.297938 0.2578284 0.3014798 0.2578284 0.297938 0.2586375 0.3014798 0.2586375 0.3014798 0.2569974 0.297938 0.2586375 0.3014798 0.2569974 0.297938 0.2569974 0.297938 0.2578284 0.3014798 0.2525554 0.3014798 0.2578284 0.297938 0.2578284 0.297938 0.2525554 0.3014798 0.2525554 0.297938 0.2569974 0.3014798 0.2569974 0.3014798 0.2525601 0.297938 0.2569974 0.3014798 0.2525601 0.297938 0.2525601 0.297938 0.2621197 0.3014798 0.2621197 0.3014798 0.2649737 0.297938 0.2621197 0.3014798 0.2649737 0.297938 0.2649737 0.297938 0.2621197 0.3014798 0.2656019 0.3014798 0.2621197 0.297938 0.2621197 0.297938 0.2656019 0.3014798 0.2656019 0.297938 0.2649737 0.3014798 0.2649737 0.3014798 0.2664108 0.297938 0.2649737 0.3014798 0.2664108 0.297938 0.2664108 0.297938 0.2656019 0.3014798 0.2672418 0.3014798 0.2656019 0.297938 0.2656019 0.297938 0.2672418 0.3014798 0.2672418 0.297938 0.2664108 0.3014798 0.2664108 0.3014798 0.2716841 0.297938 0.2664108 0.3014798 0.2716841 0.297938 0.2716841 0.297938 0.2672418 0.3014798 0.2716792 0.3014798 0.2672418 0.297938 0.2672418 0.297938 0.2716792 0.3014798 0.2716792 0.3014798 0.2592657 0.3014798 0.2621197 0.3014798 0.2621197 0.3014798 0.2592657 0.3014798 0.2586375 0.3014798 0.2621197 0.297938 0.2592657 0.297938 0.2621197 0.297938 0.2621197 0.297938 0.2592657 0.297938 0.2621197 0.297938 0.2586375 0.3014798 0.2578284 0.3014798 0.2586375 0.3014798 0.2592657 0.3014798 0.2578284 0.3014798 0.2569974 0.3014798 0.2586375 0.297938 0.2578284 0.297938 0.2592657 0.297938 0.2586375 0.297938 0.2578284 0.297938 0.2586375 0.297938 0.2569974 0.3014798 0.2525554 0.3014798 0.2569974 0.3014798 0.2578284 0.3014798 0.2525554 0.3014798 0.2525601 0.3014798 0.2569974 0.297938 0.2525554 0.297938 0.2578284 0.297938 0.2569974 0.297938 0.2525554 0.297938 0.2569974 0.297938 0.2525601 0.3014798 0.2649737 0.3014798 0.2621197 0.3014798 0.2621197 0.3014798 0.2649737 0.3014798 0.2621197 0.3014798 0.2656019 0.297938 0.2649737 0.297938 0.2621197 0.297938 0.2621197 0.297938 0.2649737 0.297938 0.2656019 0.297938 0.2621197 0.3014798 0.2664108 0.3014798 0.2649737 0.3014798 0.2656019 0.3014798 0.2664108 0.3014798 0.2656019 0.3014798 0.2672418 0.297938 0.2664108 0.297938 0.2656019 0.297938 0.2649737 0.297938 0.2664108 0.297938 0.2672418 0.297938 0.2656019 0.3014798 0.2716841 0.3014798 0.2664108 0.3014798 0.2672418 0.3014798 0.2716841 0.3014798 0.2672418 0.3014798 0.2716792 0.297938 0.2716841 0.297938 0.2672418 0.297938 0.2664108 0.297938 0.2716841 0.297938 0.2716792 0.297938 0.2672418 0.451397 0.2621197 0.4549386 0.2592657 0.4549386 0.2621197 0.451397 0.2621197 0.451397 0.2592657 0.4549386 0.2592657 0.451397 0.2621197 0.4549386 0.2621197 0.4549386 0.2586375 0.451397 0.2621197 0.4549386 0.2586375 0.451397 0.2586375 0.451397 0.2592657 0.4549386 0.2578284 0.4549386 0.2592657 0.451397 0.2592657 0.451397 0.2578284 0.4549386 0.2578284 0.451397 0.2586375 0.4549386 0.2586375 0.4549386 0.2569974 0.451397 0.2586375 0.4549386 0.2569974 0.451397 0.2569974 0.451397 0.2578284 0.4549386 0.2525554 0.4549386 0.2578284 0.451397 0.2578284 0.451397 0.2525554 0.4549386 0.2525554 0.451397 0.2569974 0.4549386 0.2569974 0.4549386 0.2525601 0.451397 0.2569974 0.4549386 0.2525601 0.451397 0.2525601 0.451397 0.2621197 0.4549386 0.2621197 0.4549386 0.2649737 0.451397 0.2621197 0.4549386 0.2649737 0.451397 0.2649737 0.451397 0.2621197 0.4549386 0.2656019 0.4549386 0.2621197 0.451397 0.2621197 0.451397 0.2656019 0.4549386 0.2656019 0.451397 0.2649737 0.4549386 0.2649737 0.4549386 0.2664108 0.451397 0.2649737 0.4549386 0.2664108 0.451397 0.2664108 0.451397 0.2656019 0.4549386 0.2672418 0.4549386 0.2656019 0.451397 0.2656019 0.451397 0.2672418 0.4549386 0.2672418 0.451397 0.2664108 0.4549386 0.2664108 0.4549386 0.2716841 0.451397 0.2664108 0.4549386 0.2716841 0.451397 0.2716841 0.451397 0.2672418 0.4549386 0.2716792 0.4549386 0.2672418 0.451397 0.2672418 0.451397 0.2716792 0.4549386 0.2716792 0.4549386 0.2592657 0.4549386 0.2621197 0.4549386 0.2621197 0.4549386 0.2592657 0.4549386 0.2586375 0.4549386 0.2621197 0.451397 0.2592657 0.451397 0.2621197 0.451397 0.2621197 0.451397 0.2592657 0.451397 0.2621197 0.451397 0.2586375 0.4549386 0.2578284 0.4549386 0.2586375 0.4549386 0.2592657 0.4549386 0.2578284 0.4549386 0.2569974 0.4549386 0.2586375 0.451397 0.2578284 0.451397 0.2592657 0.451397 0.2586375 0.451397 0.2578284 0.451397 0.2586375 0.451397 0.2569974 0.4549386 0.2525554 0.4549386 0.2569974 0.4549386 0.2578284 0.4549386 0.2525554 0.4549386 0.2525601 0.4549386 0.2569974 0.451397 0.2525554 0.451397 0.2578284 0.451397 0.2569974 0.451397 0.2525554 0.451397 0.2569974 0.451397 0.2525601 0.4549386 0.2649737 0.4549386 0.2621197 0.4549386 0.2621197 0.4549386 0.2649737 0.4549386 0.2621197 0.4549386 0.2656019 0.451397 0.2649737 0.451397 0.2621197 0.451397 0.2621197 0.451397 0.2649737 0.451397 0.2656019 0.451397 0.2621197 0.4549386 0.2664108 0.4549386 0.2649737 0.4549386 0.2656019 0.4549386 0.2664108 0.4549386 0.2656019 0.4549386 0.2672418 0.451397 0.2664108 0.451397 0.2656019 0.451397 0.2649737 0.451397 0.2664108 0.451397 0.2672418 0.451397 0.2656019 0.4549386 0.2716841 0.4549386 0.2664108 0.4549386 0.2672418 0.4549386 0.2716841 0.4549386 0.2672418 0.4549386 0.2716792 0.451397 0.2716841 0.451397 0.2672418 0.451397 0.2664108 0.451397 0.2716841 0.451397 0.2716792 0.451397 0.2672418 0.6467581 0.5441458 0.6467767 0.5441458 0.646771 0.5414717 0.646771 0.5414717 0.6467767 0.5441458 0.6467919 0.542493 0.6467919 0.542493 0.6467767 0.5441458 0.6467919 0.5457984 0.6467919 0.5457984 0.6467767 0.5441458 0.646771 0.5468198 0.646771 0.5468198 0.6467767 0.5441458 0.6467581 0.5441458 0.6308838 0.5414717 0.6308901 0.5441458 0.6308712 0.5441458 0.630905 0.542493 0.6308901 0.5441458 0.6308838 0.5414717 0.630905 0.5457984 0.6308901 0.5441458 0.630905 0.542493 0.6308838 0.5468198 0.6308901 0.5441458 0.630905 0.5457984 0.6308712 0.5441458 0.6308901 0.5441458 0.6308838 0.5468198 0.3853442 0.5441458 0.385363 0.5441458 0.3853573 0.5414717 0.3853573 0.5414717 0.385363 0.5441458 0.3853783 0.542493 0.3853783 0.542493 0.385363 0.5441458 0.3853783 0.5457984 0.3853783 0.5457984 0.385363 0.5441458 0.3853573 0.5468198 0.3853573 0.5468198 0.385363 0.5441458 0.3853442 0.5441458 0.3694702 0.5414717 0.3694762 0.5441458 0.3694573 0.5441458 0.3694915 0.5424931 0.3694762 0.5441458 0.3694702 0.5414717 0.3694915 0.5457985 0.3694762 0.5441458 0.3694915 0.5424931 0.3694702 0.5468198 0.3694762 0.5441458 0.3694915 0.5457985 0.3694573 0.5441458 0.3694762 0.5441458 0.3694702 0.5468198 0.3853442 0.5441457 0.3853631 0.5441457 0.3853573 0.5414717 0.3853573 0.5414717 0.3853631 0.5441457 0.3853783 0.542493 0.3853783 0.542493 0.3853631 0.5441457 0.3853783 0.5457983 0.3853783 0.5457983 0.3853631 0.5441457 0.3853573 0.5468198 0.3853573 0.5468198 0.3853631 0.5441457 0.3853442 0.5441457 0.3694702 0.5414717 0.3694762 0.5441457 0.3694573 0.5441457 0.3694915 0.542493 0.3694762 0.5441457 0.3694702 0.5414717 0.3694915 0.5457983 0.3694762 0.5441457 0.3694915 0.542493 0.3694702 0.5468198 0.3694762 0.5441457 0.3694915 0.5457983 0.3694573 0.5441457 0.3694762 0.5441457 0.3694702 0.5468198 0.1030378 0.5441458 0.1030564 0.5441458 0.1030507 0.5414717 0.1030507 0.5414717 0.1030564 0.5441458 0.1030717 0.542493 0.1030717 0.542493 0.1030564 0.5441458 0.1030717 0.5457984 0.1030717 0.5457984 0.1030564 0.5441458 0.1030507 0.5468198 0.1030507 0.5468198 0.1030564 0.5441458 0.1030378 0.5441458 0.08716374 0.5414717 0.08716964 0.5441458 0.08715081 0.5441458 0.08718484 0.542493 0.08716964 0.5441458 0.08716374 0.5414717 0.08718484 0.5457984 0.08716964 0.5441458 0.08718484 0.542493 0.08716374 0.5468198 0.08716964 0.5441458 0.08718484 0.5457984 0.08715081 0.5441458 0.08716964 0.5441458 0.08716374 0.5468198 0.1030378 0.5441458 0.1030564 0.5441458 0.1030507 0.5414717 0.1030507 0.5414717 0.1030564 0.5441458 0.1030717 0.542493 0.1030717 0.542493 0.1030564 0.5441458 0.1030717 0.5457984 0.1030717 0.5457984 0.1030564 0.5441458 0.1030507 0.5468198 0.1030507 0.5468198 0.1030564 0.5441458 0.1030378 0.5441458 0.08716374 0.5414717 0.08716964 0.5441458 0.08715093 0.5441458 0.08718496 0.542493 0.08716964 0.5441458 0.08716374 0.5414717 0.08718496 0.5457984 0.08716964 0.5441458 0.08718496 0.542493 0.08716374 0.5468198 0.08716964 0.5441458 0.08718496 0.5457984 0.08715093 0.5441458 0.08716964 0.5441458 0.08716374 0.5468198 0.6467581 0.5441458 0.6467767 0.5441458 0.646771 0.5414717 0.646771 0.5414717 0.6467767 0.5441458 0.6467919 0.542493 0.6467919 0.542493 0.6467767 0.5441458 0.6467919 0.5457984 0.6467919 0.5457984 0.6467767 0.5441458 0.646771 0.5468198 0.646771 0.5468198 0.6467767 0.5441458 0.6467581 0.5441458 0.6308838 0.5414717 0.6308901 0.5441458 0.6308712 0.5441458 0.6309052 0.542493 0.6308901 0.5441458 0.6308838 0.5414717 0.6309052 0.5457984 0.6308901 0.5441458 0.6309052 0.542493 0.6308838 0.5468198 0.6308901 0.5441458 0.6309052 0.5457984 0.6308712 0.5441458 0.6308901 0.5441458 0.6308838 0.5468198 0.3694573 0.5441458 0.3853442 0.5441458 0.3694702 0.5414717 0.3694702 0.5414717 0.3853442 0.5441458 0.3853573 0.5414717 0.3694702 0.5414717 0.3853573 0.5414717 0.3694915 0.5424931 0.3694915 0.5424931 0.3853573 0.5414717 0.3853783 0.542493 0.3694915 0.5424931 0.3853783 0.542493 0.3694915 0.5457985 0.3694915 0.5457985 0.3853783 0.542493 0.3853783 0.5457984 0.3694915 0.5457985 0.3853783 0.5457984 0.3694702 0.5468198 0.3694702 0.5468198 0.3853783 0.5457984 0.3853573 0.5468198 0.3694702 0.5468198 0.3853573 0.5468198 0.3694573 0.5441458 0.3694573 0.5441458 0.3853573 0.5468198 0.3853442 0.5441458 0.3694573 0.5441457 0.3853442 0.5441457 0.3694702 0.5414717 0.3694702 0.5414717 0.3853442 0.5441457 0.3853573 0.5414717 0.3694702 0.5414717 0.3853573 0.5414717 0.3694915 0.542493 0.3694915 0.542493 0.3853573 0.5414717 0.3853783 0.542493 0.3694915 0.542493 0.3853783 0.542493 0.3694915 0.5457983 0.3694915 0.5457983 0.3853783 0.542493 0.3853783 0.5457983 0.3694915 0.5457983 0.3853783 0.5457983 0.3694702 0.5468198 0.3694702 0.5468198 0.3853783 0.5457983 0.3853573 0.5468198 0.3694702 0.5468198 0.3853573 0.5468198 0.3694573 0.5441457 0.3694573 0.5441457 0.3853573 0.5468198 0.3853442 0.5441457 0.08715081 0.5441458 0.1030378 0.5441458 0.08716374 0.5414717 0.08716374 0.5414717 0.1030378 0.5441458 0.1030507 0.5414717 0.08716374 0.5414717 0.1030507 0.5414717 0.08718484 0.542493 0.08718484 0.542493 0.1030507 0.5414717 0.1030717 0.542493 0.08718484 0.542493 0.1030717 0.542493 0.08718484 0.5457984 0.08718484 0.5457984 0.1030717 0.542493 0.1030717 0.5457984 0.08718484 0.5457984 0.1030717 0.5457984 0.08716374 0.5468198 0.08716374 0.5468198 0.1030717 0.5457984 0.1030507 0.5468198 0.08716374 0.5468198 0.1030507 0.5468198 0.08715081 0.5441458 0.08715081 0.5441458 0.1030507 0.5468198 0.1030378 0.5441458 0.08715093 0.5441458 0.1030378 0.5441458 0.08716374 0.5414717 0.08716374 0.5414717 0.1030378 0.5441458 0.1030507 0.5414717 0.08716374 0.5414717 0.1030507 0.5414717 0.08718496 0.542493 0.08718496 0.542493 0.1030507 0.5414717 0.1030717 0.542493 0.08718496 0.542493 0.1030717 0.542493 0.08718496 0.5457984 0.08718496 0.5457984 0.1030717 0.542493 0.1030717 0.5457984 0.08718496 0.5457984 0.1030717 0.5457984 0.08716374 0.5468198 0.08716374 0.5468198 0.1030717 0.5457984 0.1030507 0.5468198 0.08716374 0.5468198 0.1030507 0.5468198 0.08715093 0.5441458 0.08715093 0.5441458 0.1030507 0.5468198 0.1030378 0.5441458 0.6308712 0.5441458 0.6467581 0.5441458 0.6308838 0.5414717 0.6308838 0.5414717 0.6467581 0.5441458 0.646771 0.5414717 0.6308838 0.5414717 0.646771 0.5414717 0.630905 0.542493 0.630905 0.542493 0.646771 0.5414717 0.6467919 0.542493 0.630905 0.542493 0.6467919 0.542493 0.630905 0.5457984 0.630905 0.5457984 0.6467919 0.542493 0.6467919 0.5457984 0.630905 0.5457984 0.6467919 0.5457984 0.6308838 0.5468198 0.6308838 0.5468198 0.6467919 0.5457984 0.646771 0.5468198 0.6308838 0.5468198 0.646771 0.5468198 0.6308712 0.5441458 0.6308712 0.5441458 0.646771 0.5468198 0.6467581 0.5441458 0.6308712 0.5441458 0.6467581 0.5441458 0.6308838 0.5414717 0.6308838 0.5414717 0.6467581 0.5441458 0.646771 0.5414717 0.6308838 0.5414717 0.646771 0.5414717 0.6309052 0.542493 0.6309052 0.542493 0.646771 0.5414717 0.6467919 0.542493 0.6309052 0.542493 0.6467919 0.542493 0.6309052 0.5457984 0.6309052 0.5457984 0.6467919 0.542493 0.6467919 0.5457984 0.6309052 0.5457984 0.6467919 0.5457984 0.6308838 0.5468198 0.6308838 0.5468198 0.6467919 0.5457984 0.646771 0.5468198 0.6308838 0.5468198 0.646771 0.5468198 0.6308712 0.5441458 0.6308712 0.5441458 0.646771 0.5468198 0.6467581 0.5441458 0.35 0 0.35 1 0.55 0 0.35 0 0.35 1 0.55 0 0.35 0 0.35 1 0.55 0 0.9705625 0.4941198 0.5016679 0.4994885 0.5016679 0.4994885 0.01429408 0.4962045 0.03279745 0.5065339 0.01429408 0.4962045 0.01429408 0.4962045 0.03279745 0.5065339 0.03279745 0.5065339 0.03279745 0.5065339 0.5016679 0.4994885 0.03279745 0.5065339 0.03279745 0.5065339 0.5016679 0.4994885 0.5016679 0.4994885 0.7328346 0.9779475 0.7330881 0.5884324 0.7330881 0.5884324 0.7330881 0.5884324 0.7328346 0.9779475 0.7328346 0.9779475 0.7044231 0.3693665 0.7200798 0.3863585 0.7044229 0.3863585 0.7200798 0.3863585 0.7044231 0.3693665 0.7200798 0.3693665 0.04586774 0.3693665 0.7044229 0.3863585 0.04586774 0.3863586 0.7044229 0.3863585 0.04586774 0.3693665 0.7044231 0.3693665 0.03154397 0.3693665 0.04586774 0.3863586 0.03154385 0.3863586 0.04586774 0.3863586 0.03154397 0.3693665 0.04586774 0.3693665 0.7044231 0.2383843 0.7200798 0.3693665 0.7044231 0.3693665 0.7200798 0.3693665 0.7044231 0.2383843 0.7200798 0.2383843 0.05666828 0.2486 0.6941643 0.3591509 0.05666828 0.359151 0.6941643 0.3591509 0.05666828 0.2486 0.6941643 0.2486 0.03154385 0.2383844 0.04586774 0.3693665 0.03154397 0.3693665 0.04586774 0.3693665 0.03154385 0.2383844 0.04586774 0.2383844 0.7044231 0.2208551 0.7200798 0.2383843 0.7044231 0.2383843 0.7200798 0.2383843 0.7044231 0.2208551 0.7200798 0.2208551 0.04586774 0.2208552 0.7044231 0.2383843 0.04586774 0.2383844 0.7044231 0.2383843 0.04586774 0.2208552 0.7044231 0.2208551 0.03154385 0.2208552 0.04586774 0.2383844 0.03154385 0.2383844 0.04586774 0.2383844 0.03154385 0.2208552 0.04586774 0.2208552 0.7200642 0.3862848 0.7044229 0.3863585 0.7200798 0.3863585 0.04586774 0.3863586 0.7200642 0.3862848 0.03154873 0.3862848 0.7200642 0.3862848 0.04586774 0.3863586 0.7044229 0.3863585 0.03154873 0.3862848 0.03154385 0.3863586 0.04586774 0.3863586 0.03154873 0.3862848 0.03154397 0.3693665 0.03154385 0.3863586 0.03154385 0.2383844 0.03154873 0.3862848 0.03154873 0.2208068 0.03154873 0.3862848 0.03154385 0.2383844 0.03154397 0.3693665 0.03154873 0.2208068 0.03154385 0.2208552 0.03154385 0.2383844 0.03154873 0.2208068 0.04586774 0.2208552 0.03154385 0.2208552 0.7044231 0.2208551 0.03154873 0.2208068 0.7200642 0.2208067 0.03154873 0.2208068 0.7044231 0.2208551 0.04586774 0.2208552 0.7200642 0.2208067 0.7200798 0.2208551 0.7044231 0.2208551 0.7200642 0.2208067 0.7200798 0.2383843 0.7200798 0.2208551 0.7200798 0.3693665 0.7200642 0.2208067 0.7200642 0.3862848 0.7200642 0.2208067 0.7200798 0.3693665 0.7200798 0.2383843 0.7200642 0.3862848 0.7200798 0.3863585 0.7200798 0.3693665 0.06783813 0.3017953 0.6863203 0.2744696 0.6863203 0.3017951 0.06783813 0.2744696 0.6863203 0.2744696 0.06783813 0.3017953 0.6877568 0.2730723 0.6863203 0.2744696 0.6863203 0.2724937 0.6883519 0.2744696 0.6863203 0.2744696 0.6877568 0.2730723 0.6883519 0.3017951 0.6863203 0.2744696 0.6883519 0.2744696 0.6863203 0.3017951 0.6863203 0.2744696 0.6883519 0.3017951 0.6877568 0.3031923 0.6863203 0.3017951 0.6883519 0.3017951 0.6863203 0.303771 0.6863203 0.3017951 0.6877568 0.3031923 0.06783813 0.303771 0.6863203 0.3017951 0.6863203 0.303771 0.06783813 0.3017953 0.6863203 0.3017951 0.06783813 0.303771 0.06640142 0.3031923 0.06783813 0.3017953 0.06783813 0.303771 0.06580626 0.3017953 0.06783813 0.3017953 0.06640142 0.3031923 0.06580626 0.2744696 0.06783813 0.3017953 0.06580626 0.3017953 0.06783813 0.2744696 0.06783813 0.3017953 0.06580626 0.2744696 0.06640142 0.2730724 0.06783813 0.2744696 0.06580626 0.2744696 0.06783813 0.2724937 0.06783813 0.2744696 0.06640142 0.2730724 0.6863203 0.2724937 0.06783813 0.2744696 0.06783813 0.2724937 0.6863203 0.2744696 0.06783813 0.2744696 0.6863203 0.2724937 0.6883519 0.2724937 0.6863203 0.2724937 0.6863203 0.2716752 0.6877568 0.2730723 0.6863203 0.2724937 0.6883519 0.2724937 0.689194 0.2744696 0.6877568 0.2730723 0.6883519 0.2724937 0.6883519 0.2744696 0.6877568 0.2730723 0.689194 0.2744696 0.689194 0.3017951 0.6883519 0.2744696 0.689194 0.2744696 0.6883519 0.3017951 0.6883519 0.2744696 0.689194 0.3017951 0.6883519 0.303771 0.6883519 0.3017951 0.689194 0.3017951 0.6877568 0.3031923 0.6883519 0.3017951 0.6883519 0.303771 0.6863203 0.3045894 0.6877568 0.3031923 0.6883519 0.303771 0.6863203 0.303771 0.6877568 0.3031923 0.6863203 0.3045894 0.06783813 0.3045895 0.6863203 0.303771 0.6863203 0.3045894 0.06783813 0.303771 0.6863203 0.303771 0.06783813 0.3045895 0.06580626 0.303771 0.06783813 0.303771 0.06783813 0.3045895 0.06640142 0.3031923 0.06783813 0.303771 0.06580626 0.303771 0.06496465 0.3017953 0.06640142 0.3031923 0.06580626 0.303771 0.06580626 0.3017953 0.06640142 0.3031923 0.06496465 0.3017953 0.06496465 0.2744696 0.06580626 0.3017953 0.06496465 0.3017953 0.06580626 0.2744696 0.06580626 0.3017953 0.06496465 0.2744696 0.06580626 0.2724937 0.06580626 0.2744696 0.06496465 0.2744696 0.06640142 0.2730724 0.06580626 0.2744696 0.06580626 0.2724937 0.06783813 0.2716752 0.06640142 0.2730724 0.06580626 0.2724937 0.06783813 0.2724937 0.06640142 0.2730724 0.06783813 0.2716752 0.6863203 0.2716752 0.06783813 0.2724937 0.06783813 0.2716752 0.6863203 0.2724937 0.06783813 0.2724937 0.6863203 0.2716752 0.06783813 0.3430243 0.6863203 0.3156985 0.6863203 0.3430242 0.06783813 0.3156986 0.6863203 0.3156985 0.06783813 0.3430243 0.6877568 0.3143014 0.6863203 0.3156985 0.6863203 0.3137227 0.6883522 0.3156985 0.6863203 0.3156985 0.6877568 0.3143014 0.6883522 0.3430242 0.6863203 0.3156985 0.6883522 0.3156985 0.6863203 0.3430242 0.6863203 0.3156985 0.6883522 0.3430242 0.6877568 0.3444213 0.6863203 0.3430242 0.6883522 0.3430242 0.6863203 0.3450001 0.6863203 0.3430242 0.6877568 0.3444213 0.06783813 0.3450001 0.6863203 0.3430242 0.6863203 0.3450001 0.06783813 0.3430243 0.6863203 0.3430242 0.06783813 0.3450001 0.06640142 0.3444215 0.06783813 0.3430243 0.06783813 0.3450001 0.06580626 0.3430243 0.06783813 0.3430243 0.06640142 0.3444215 0.06580626 0.3156986 0.06783813 0.3430243 0.06580626 0.3430243 0.06783813 0.3156986 0.06783813 0.3430243 0.06580626 0.3156986 0.06640142 0.3143014 0.06783813 0.3156986 0.06580626 0.3156986 0.06783813 0.3137227 0.06783813 0.3156986 0.06640142 0.3143014 0.6863203 0.3137227 0.06783813 0.3156986 0.06783813 0.3137227 0.6863203 0.3156985 0.06783813 0.3156986 0.6863203 0.3137227 0.6883522 0.3137227 0.6863203 0.3137227 0.6863203 0.3129044 0.6877568 0.3143014 0.6863203 0.3137227 0.6883522 0.3137227 0.689194 0.3156985 0.6877568 0.3143014 0.6883522 0.3137227 0.6883522 0.3156985 0.6877568 0.3143014 0.689194 0.3156985 0.689194 0.3430242 0.6883522 0.3156985 0.689194 0.3156985 0.6883522 0.3430242 0.6883522 0.3156985 0.689194 0.3430242 0.6883522 0.3450001 0.6883522 0.3430242 0.689194 0.3430242 0.6877568 0.3444213 0.6883522 0.3430242 0.6883522 0.3450001 0.6863203 0.3458185 0.6877568 0.3444213 0.6883522 0.3450001 0.6863203 0.3450001 0.6877568 0.3444213 0.6863203 0.3458185 0.06783813 0.3458185 0.6863203 0.3450001 0.6863203 0.3458185 0.06783813 0.3450001 0.6863203 0.3450001 0.06783813 0.3458185 0.06580626 0.3450001 0.06783813 0.3450001 0.06783813 0.3458185 0.06640142 0.3444215 0.06783813 0.3450001 0.06580626 0.3450001 0.06496465 0.3430243 0.06640142 0.3444215 0.06580626 0.3450001 0.06580626 0.3430243 0.06640142 0.3444215 0.06496465 0.3430243 0.06496465 0.3156986 0.06580626 0.3430243 0.06496465 0.3430243 0.06580626 0.3156986 0.06580626 0.3430243 0.06496465 0.3156986 0.06580626 0.3137227 0.06580626 0.3156986 0.06496465 0.3156986 0.06640142 0.3143014 0.06580626 0.3156986 0.06580626 0.3137227 0.06783813 0.3129044 0.06640142 0.3143014 0.06580626 0.3137227 0.06783813 0.3137227 0.06640142 0.3143014 0.06783813 0.3129044 0.6863203 0.3129044 0.06783813 0.3137227 0.06783813 0.3129044 0.6863203 0.3137227 0.06783813 0.3137227 0.6863203 0.3129044 0.1092132 0.3896574 0.1092132 0.3896574 0.1092132 0.3857247 0.1092132 0.3857247 0.1092132 0.3896574 0.1092132 0.3872268 0.1092132 0.3872268 0.1092132 0.3896574 0.1092132 0.3920878 0.1092132 0.3920878 0.1092132 0.3896574 0.1092132 0.3935899 0.1092132 0.3935899 0.1092132 0.3896574 0.1092132 0.3896574 0.1294076 0.3857247 0.1294076 0.3896574 0.1294076 0.3896574 0.1294076 0.3872268 0.1294076 0.3896574 0.1294076 0.3857247 0.1294076 0.3920878 0.1294076 0.3896574 0.1294076 0.3872268 0.1294076 0.3935899 0.1294076 0.3896574 0.1294076 0.3920878 0.1294076 0.3896574 0.1294076 0.3896574 0.1294076 0.3935899 0.3663037 0.3896574 0.3663037 0.3896574 0.3663037 0.3857247 0.3663037 0.3857247 0.3663037 0.3896574 0.3663037 0.3872268 0.3663037 0.3872268 0.3663037 0.3896574 0.3663037 0.3920878 0.3663037 0.3920878 0.3663037 0.3896574 0.3663037 0.3935899 0.3663037 0.3935899 0.3663037 0.3896574 0.3663037 0.3896574 0.3864981 0.3857247 0.3864981 0.3896574 0.3864981 0.3896574 0.3864981 0.3872268 0.3864981 0.3896574 0.3864981 0.3857247 0.3864981 0.3920878 0.3864981 0.3896574 0.3864981 0.3872268 0.3864981 0.3935899 0.3864981 0.3896574 0.3864981 0.3920878 0.3864981 0.3896574 0.3864981 0.3896574 0.3864981 0.3935899 0.6264171 0.3896573 0.6264171 0.3896573 0.6264171 0.3857247 0.6264171 0.3857247 0.6264171 0.3896573 0.6264171 0.3872268 0.6264171 0.3872268 0.6264171 0.3896573 0.6264171 0.3920877 0.6264171 0.3920877 0.6264171 0.3896573 0.6264171 0.3935898 0.6264171 0.3935898 0.6264171 0.3896573 0.6264171 0.3896573 0.6466115 0.3857247 0.6466115 0.3896573 0.6466115 0.3896573 0.6466115 0.3872268 0.6466115 0.3896573 0.6466115 0.3857247 0.6466115 0.3920877 0.6466115 0.3896573 0.6466115 0.3872268 0.6466115 0.3935898 0.6466115 0.3896573 0.6466115 0.3920877 0.6466115 0.3896573 0.6466115 0.3896573 0.6466115 0.3935898 0.05666828 0.359151 0.7044231 0.3693665 0.04586774 0.3693665 0.7044231 0.3693665 0.05666828 0.359151 0.6941643 0.3591509 0.6941643 0.3591509 0.7044231 0.2383843 0.7044231 0.3693665 0.7044231 0.2383843 0.6941643 0.3591509 0.6941643 0.2486 0.05666828 0.2486 0.04586774 0.3693665 0.04586774 0.2383844 0.04586774 0.3693665 0.05666828 0.2486 0.05666828 0.359151 0.6941643 0.2486 0.04586774 0.2383844 0.7044231 0.2383843 0.04586774 0.2383844 0.6941643 0.2486 0.05666828 0.2486 0.1294076 0.3896574 0.1092132 0.3896574 0.1294076 0.3857247 0.1294076 0.3857247 0.1092132 0.3896574 0.1092132 0.3857247 0.1294076 0.3857247 0.1092132 0.3857247 0.1294076 0.3872268 0.1294076 0.3872268 0.1092132 0.3857247 0.1092132 0.3872268 0.1294076 0.3872268 0.1092132 0.3872268 0.1294076 0.3920878 0.1294076 0.3920878 0.1092132 0.3872268 0.1092132 0.3920878 0.1294076 0.3935899 0.1092132 0.3920878 0.1092132 0.3935899 0.1294076 0.3935899 0.1092132 0.3935899 0.1294076 0.3896574 0.1294076 0.3896574 0.1092132 0.3935899 0.1092132 0.3896574 0.3864981 0.3896574 0.3663037 0.3896574 0.3864981 0.3857247 0.3864981 0.3857247 0.3663037 0.3896574 0.3663037 0.3857247 0.3864981 0.3857247 0.3663037 0.3857247 0.3864981 0.3872268 0.3864981 0.3872268 0.3663037 0.3857247 0.3663037 0.3872268 0.3864981 0.3872268 0.3663037 0.3872268 0.3864981 0.3920878 0.3864981 0.3920878 0.3663037 0.3872268 0.3663037 0.3920878 0.3864981 0.3935899 0.3663037 0.3920878 0.3663037 0.3935899 0.3864981 0.3935899 0.3663037 0.3935899 0.3864981 0.3896574 0.3864981 0.3896574 0.3663037 0.3935899 0.3663037 0.3896574 0.6466115 0.3896573 0.6264171 0.3896573 0.6466115 0.3857247 0.6466115 0.3857247 0.6264171 0.3896573 0.6264171 0.3857247 0.6466115 0.3857247 0.6264171 0.3857247 0.6466115 0.3872268 0.6466115 0.3872268 0.6264171 0.3857247 0.6264171 0.3872268 0.6466115 0.3872268 0.6264171 0.3872268 0.6466115 0.3920877 0.6466115 0.3920877 0.6264171 0.3872268 0.6264171 0.3920877 0.6466115 0.3935898 0.6264171 0.3920877 0.6264171 0.3935898 0.6466115 0.3935898 0.6264171 0.3935898 0.6466115 0.3896573 0.6466115 0.3896573 0.6264171 0.3935898 0.6264171 0.3896573 0.07965135 0.2614572 0.0831831 0.2614572 0.0831831 0.2585942 0.07965135 0.2614572 0.0831831 0.2585942 0.07965135 0.2585942 0.07965135 0.2614572 0.0831831 0.257964 0.0831831 0.2614572 0.07965135 0.2614572 0.07965135 0.257964 0.0831831 0.257964 0.07965135 0.2585942 0.0831831 0.2585942 0.0831831 0.2571525 0.07965135 0.2585942 0.0831831 0.2571525 0.07965135 0.2571525 0.07965135 0.257964 0.0831831 0.2563188 0.0831831 0.257964 0.07965135 0.257964 0.07965135 0.2563188 0.0831831 0.2563188 0.07965135 0.2571525 0.0831831 0.2571525 0.0831831 0.2518628 0.07965135 0.2571525 0.0831831 0.2518628 0.07965135 0.2518628 0.07965135 0.2563188 0.0831831 0.2518676 0.0831831 0.2563188 0.07965135 0.2563188 0.07965135 0.2518676 0.0831831 0.2518676 0.07965135 0.2614572 0.0831831 0.2643201 0.0831831 0.2614572 0.07965135 0.2614572 0.07965135 0.2643201 0.0831831 0.2643201 0.07965135 0.2614572 0.0831831 0.2614572 0.0831831 0.2649505 0.07965135 0.2614572 0.0831831 0.2649505 0.07965135 0.2649505 0.07965135 0.2643201 0.0831831 0.265762 0.0831831 0.2643201 0.07965135 0.2643201 0.07965135 0.265762 0.0831831 0.265762 0.07965135 0.2649505 0.0831831 0.2649505 0.0831831 0.2665957 0.07965135 0.2649505 0.0831831 0.2665957 0.07965135 0.2665957 0.07965135 0.265762 0.0831831 0.2710516 0.0831831 0.265762 0.07965135 0.265762 0.07965135 0.2710516 0.0831831 0.2710516 0.07965135 0.2665957 0.0831831 0.2665957 0.0831831 0.2710466 0.07965135 0.2665957 0.0831831 0.2710466 0.07965135 0.2710466 0.0831831 0.2585942 0.0831831 0.2614572 0.0831831 0.2614572 0.0831831 0.2585942 0.0831831 0.2614572 0.0831831 0.257964 0.07965135 0.2585942 0.07965135 0.2614572 0.07965135 0.2614572 0.07965135 0.2585942 0.07965135 0.257964 0.07965135 0.2614572 0.0831831 0.2571525 0.0831831 0.2585942 0.0831831 0.257964 0.0831831 0.2571525 0.0831831 0.257964 0.0831831 0.2563188 0.07965135 0.2571525 0.07965135 0.257964 0.07965135 0.2585942 0.07965135 0.2571525 0.07965135 0.2563188 0.07965135 0.257964 0.0831831 0.2518628 0.0831831 0.2571525 0.0831831 0.2563188 0.0831831 0.2518628 0.0831831 0.2563188 0.0831831 0.2518676 0.07965135 0.2518628 0.07965135 0.2563188 0.07965135 0.2571525 0.07965135 0.2518628 0.07965135 0.2518676 0.07965135 0.2563188 0.0831831 0.2643201 0.0831831 0.2614572 0.0831831 0.2614572 0.0831831 0.2643201 0.0831831 0.2649505 0.0831831 0.2614572 0.07965135 0.2643201 0.07965135 0.2614572 0.07965135 0.2614572 0.07965135 0.2643201 0.07965135 0.2614572 0.07965135 0.2649505 0.0831831 0.265762 0.0831831 0.2649505 0.0831831 0.2643201 0.0831831 0.265762 0.0831831 0.2665957 0.0831831 0.2649505 0.07965135 0.265762 0.07965135 0.2643201 0.07965135 0.2649505 0.07965135 0.265762 0.07965135 0.2649505 0.07965135 0.2665957 0.0831831 0.2710516 0.0831831 0.2665957 0.0831831 0.265762 0.0831831 0.2710516 0.0831831 0.2710466 0.0831831 0.2665957 0.07965135 0.2710516 0.07965135 0.265762 0.07965135 0.2665957 0.07965135 0.2710516 0.07965135 0.2665957 0.07965135 0.2710466 0.1797684 0.2614572 0.1833003 0.2614572 0.1833003 0.2585942 0.1797684 0.2614572 0.1833003 0.2585942 0.1797684 0.2585942 0.1797684 0.2614572 0.1833003 0.257964 0.1833003 0.2614572 0.1797684 0.2614572 0.1797684 0.257964 0.1833003 0.257964 0.1797684 0.2585942 0.1833003 0.2585942 0.1833003 0.2571525 0.1797684 0.2585942 0.1833003 0.2571525 0.1797684 0.2571525 0.1797684 0.257964 0.1833003 0.2563188 0.1833003 0.257964 0.1797684 0.257964 0.1797684 0.2563188 0.1833003 0.2563188 0.1797684 0.2571525 0.1833003 0.2571525 0.1833003 0.2518628 0.1797684 0.2571525 0.1833003 0.2518628 0.1797684 0.2518628 0.1797684 0.2563188 0.1833003 0.2518676 0.1833003 0.2563188 0.1797684 0.2563188 0.1797684 0.2518676 0.1833003 0.2518676 0.1797684 0.2614572 0.1833003 0.2643201 0.1833003 0.2614572 0.1797684 0.2614572 0.1797684 0.2643201 0.1833003 0.2643201 0.1797684 0.2614572 0.1833003 0.2614572 0.1833003 0.2649505 0.1797684 0.2614572 0.1833003 0.2649505 0.1797684 0.2649505 0.1797684 0.2643201 0.1833003 0.265762 0.1833003 0.2643201 0.1797684 0.2643201 0.1797684 0.265762 0.1833003 0.265762 0.1797684 0.2649505 0.1833003 0.2649505 0.1833003 0.2665957 0.1797684 0.2649505 0.1833003 0.2665957 0.1797684 0.2665957 0.1797684 0.265762 0.1833003 0.2710516 0.1833003 0.265762 0.1797684 0.265762 0.1797684 0.2710516 0.1833003 0.2710516 0.1797684 0.2665957 0.1833003 0.2665957 0.1833003 0.2710466 0.1797684 0.2665957 0.1833003 0.2710466 0.1797684 0.2710466 0.1833003 0.2585942 0.1833003 0.2614572 0.1833003 0.2614572 0.1833003 0.2585942 0.1833003 0.2614572 0.1833003 0.257964 0.1797684 0.2585942 0.1797684 0.2614572 0.1797684 0.2614572 0.1797684 0.2585942 0.1797684 0.257964 0.1797684 0.2614572 0.1833003 0.2571525 0.1833003 0.2585942 0.1833003 0.257964 0.1833003 0.2571525 0.1833003 0.257964 0.1833003 0.2563188 0.1797684 0.2571525 0.1797684 0.257964 0.1797684 0.2585942 0.1797684 0.2571525 0.1797684 0.2563188 0.1797684 0.257964 0.1833003 0.2518628 0.1833003 0.2571525 0.1833003 0.2563188 0.1833003 0.2518628 0.1833003 0.2563188 0.1833003 0.2518676 0.1797684 0.2518628 0.1797684 0.2563188 0.1797684 0.2571525 0.1797684 0.2518628 0.1797684 0.2518676 0.1797684 0.2563188 0.1833003 0.2643201 0.1833003 0.2614572 0.1833003 0.2614572 0.1833003 0.2643201 0.1833003 0.2649505 0.1833003 0.2614572 0.1797684 0.2643201 0.1797684 0.2614572 0.1797684 0.2614572 0.1797684 0.2643201 0.1797684 0.2614572 0.1797684 0.2649505 0.1833003 0.265762 0.1833003 0.2649505 0.1833003 0.2643201 0.1833003 0.265762 0.1833003 0.2665957 0.1833003 0.2649505 0.1797684 0.265762 0.1797684 0.2643201 0.1797684 0.2649505 0.1797684 0.265762 0.1797684 0.2649505 0.1797684 0.2665957 0.1833003 0.2710516 0.1833003 0.2665957 0.1833003 0.265762 0.1833003 0.2710516 0.1833003 0.2710466 0.1833003 0.2665957 0.1797684 0.2710516 0.1797684 0.265762 0.1797684 0.2665957 0.1797684 0.2710516 0.1797684 0.2665957 0.1797684 0.2710466 0.5715799 0.2614572 0.5751116 0.2614572 0.5751116 0.2585942 0.5715799 0.2614572 0.5751116 0.2585942 0.5715799 0.2585942 0.5715799 0.2614572 0.5751116 0.257964 0.5751116 0.2614572 0.5715799 0.2614572 0.5715799 0.257964 0.5751116 0.257964 0.5715799 0.2585942 0.5751116 0.2585942 0.5751116 0.2571525 0.5715799 0.2585942 0.5751116 0.2571525 0.5715799 0.2571525 0.5715799 0.257964 0.5751116 0.2563188 0.5751116 0.257964 0.5715799 0.257964 0.5715799 0.2563188 0.5751116 0.2563188 0.5715799 0.2571525 0.5751116 0.2571525 0.5751116 0.2518628 0.5715799 0.2571525 0.5751116 0.2518628 0.5715799 0.2518628 0.5715799 0.2563188 0.5751116 0.2518676 0.5751116 0.2563188 0.5715799 0.2563188 0.5715799 0.2518676 0.5751116 0.2518676 0.5715799 0.2614572 0.5751116 0.2643201 0.5751116 0.2614572 0.5715799 0.2614572 0.5715799 0.2643201 0.5751116 0.2643201 0.5715799 0.2614572 0.5751116 0.2614572 0.5751116 0.2649505 0.5715799 0.2614572 0.5751116 0.2649505 0.5715799 0.2649505 0.5715799 0.2643201 0.5751116 0.265762 0.5751116 0.2643201 0.5715799 0.2643201 0.5715799 0.265762 0.5751116 0.265762 0.5715799 0.2649505 0.5751116 0.2649505 0.5751116 0.2665957 0.5715799 0.2649505 0.5751116 0.2665957 0.5715799 0.2665957 0.5715799 0.265762 0.5751116 0.2710516 0.5751116 0.265762 0.5715799 0.265762 0.5715799 0.2710516 0.5751116 0.2710516 0.5715799 0.2665957 0.5751116 0.2665957 0.5751116 0.2710466 0.5715799 0.2665957 0.5751116 0.2710466 0.5715799 0.2710466 0.5751116 0.2585942 0.5751116 0.2614572 0.5751116 0.2614572 0.5751116 0.2585942 0.5751116 0.2614572 0.5751116 0.257964 0.5715799 0.2585942 0.5715799 0.2614572 0.5715799 0.2614572 0.5715799 0.2585942 0.5715799 0.257964 0.5715799 0.2614572 0.5751116 0.2571525 0.5751116 0.2585942 0.5751116 0.257964 0.5751116 0.2571525 0.5751116 0.257964 0.5751116 0.2563188 0.5715799 0.2571525 0.5715799 0.257964 0.5715799 0.2585942 0.5715799 0.2571525 0.5715799 0.2563188 0.5715799 0.257964 0.5751116 0.2518628 0.5751116 0.2571525 0.5751116 0.2563188 0.5751116 0.2518628 0.5751116 0.2563188 0.5751116 0.2518676 0.5715799 0.2518628 0.5715799 0.2563188 0.5715799 0.2571525 0.5715799 0.2518628 0.5715799 0.2518676 0.5715799 0.2563188 0.5751116 0.2643201 0.5751116 0.2614572 0.5751116 0.2614572 0.5751116 0.2643201 0.5751116 0.2649505 0.5751116 0.2614572 0.5715799 0.2643201 0.5715799 0.2614572 0.5715799 0.2614572 0.5715799 0.2643201 0.5715799 0.2614572 0.5715799 0.2649505 0.5751116 0.265762 0.5751116 0.2649505 0.5751116 0.2643201 0.5751116 0.265762 0.5751116 0.2665957 0.5751116 0.2649505 0.5715799 0.265762 0.5715799 0.2643201 0.5715799 0.2649505 0.5715799 0.265762 0.5715799 0.2649505 0.5715799 0.2665957 0.5751116 0.2710516 0.5751116 0.2665957 0.5751116 0.265762 0.5751116 0.2710516 0.5751116 0.2710466 0.5751116 0.2665957 0.5715799 0.2710516 0.5715799 0.265762 0.5715799 0.2665957 0.5715799 0.2710516 0.5715799 0.2665957 0.5715799 0.2710466 0.6716974 0.2614572 0.6752291 0.2614572 0.6752291 0.2585942 0.6716974 0.2614572 0.6752291 0.2585942 0.6716974 0.2585942 0.6716974 0.2614572 0.6752291 0.257964 0.6752291 0.2614572 0.6716974 0.2614572 0.6716974 0.257964 0.6752291 0.257964 0.6716974 0.2585942 0.6752291 0.2585942 0.6752291 0.2571525 0.6716974 0.2585942 0.6752291 0.2571525 0.6716974 0.2571525 0.6716974 0.257964 0.6752291 0.2563188 0.6752291 0.257964 0.6716974 0.257964 0.6716974 0.2563188 0.6752291 0.2563188 0.6716974 0.2571525 0.6752291 0.2571525 0.6752291 0.2518628 0.6716974 0.2571525 0.6752291 0.2518628 0.6716974 0.2518628 0.6716974 0.2563188 0.6752291 0.2518676 0.6752291 0.2563188 0.6716974 0.2563188 0.6716974 0.2518676 0.6752291 0.2518676 0.6716974 0.2614572 0.6752291 0.2643201 0.6752291 0.2614572 0.6716974 0.2614572 0.6716974 0.2643201 0.6752291 0.2643201 0.6716974 0.2614572 0.6752291 0.2614572 0.6752291 0.2649505 0.6716974 0.2614572 0.6752291 0.2649505 0.6716974 0.2649505 0.6716974 0.2643201 0.6752291 0.265762 0.6752291 0.2643201 0.6716974 0.2643201 0.6716974 0.265762 0.6752291 0.265762 0.6716974 0.2649505 0.6752291 0.2649505 0.6752291 0.2665957 0.6716974 0.2649505 0.6752291 0.2665957 0.6716974 0.2665957 0.6716974 0.265762 0.6752291 0.2710516 0.6752291 0.265762 0.6716974 0.265762 0.6716974 0.2710516 0.6752291 0.2710516 0.6716974 0.2665957 0.6752291 0.2665957 0.6752291 0.2710466 0.6716974 0.2665957 0.6752291 0.2710466 0.6716974 0.2710466 0.6752291 0.2585942 0.6752291 0.2614572 0.6752291 0.2614572 0.6752291 0.2585942 0.6752291 0.2614572 0.6752291 0.257964 0.6716974 0.2585942 0.6716974 0.2614572 0.6716974 0.2614572 0.6716974 0.2585942 0.6716974 0.257964 0.6716974 0.2614572 0.6752291 0.2571525 0.6752291 0.2585942 0.6752291 0.257964 0.6752291 0.2571525 0.6752291 0.257964 0.6752291 0.2563188 0.6716974 0.2571525 0.6716974 0.257964 0.6716974 0.2585942 0.6716974 0.2571525 0.6716974 0.2563188 0.6716974 0.257964 0.6752291 0.2518628 0.6752291 0.2571525 0.6752291 0.2563188 0.6752291 0.2518628 0.6752291 0.2563188 0.6752291 0.2518676 0.6716974 0.2518628 0.6716974 0.2563188 0.6716974 0.2571525 0.6716974 0.2518628 0.6716974 0.2518676 0.6716974 0.2563188 0.6752291 0.2643201 0.6752291 0.2614572 0.6752291 0.2614572 0.6752291 0.2643201 0.6752291 0.2649505 0.6752291 0.2614572 0.6716974 0.2643201 0.6716974 0.2614572 0.6716974 0.2614572 0.6716974 0.2643201 0.6716974 0.2614572 0.6716974 0.2649505 0.6752291 0.265762 0.6752291 0.2649505 0.6752291 0.2643201 0.6752291 0.265762 0.6752291 0.2665957 0.6752291 0.2649505 0.6716974 0.265762 0.6716974 0.2643201 0.6716974 0.2649505 0.6716974 0.265762 0.6716974 0.2649505 0.6716974 0.2665957 0.6752291 0.2710516 0.6752291 0.2665957 0.6752291 0.265762 0.6752291 0.2710516 0.6752291 0.2710466 0.6752291 0.2665957 0.6716974 0.2710516 0.6716974 0.265762 0.6716974 0.2665957 0.6716974 0.2710516 0.6716974 0.2665957 0.6716974 0.2710466 0.301366 0.2614572 0.3048982 0.2614572 0.3048982 0.2585942 0.301366 0.2614572 0.3048982 0.2585942 0.301366 0.2585942 0.301366 0.2614572 0.3048982 0.257964 0.3048982 0.2614572 0.301366 0.2614572 0.301366 0.257964 0.3048982 0.257964 0.301366 0.2585942 0.3048982 0.2585942 0.3048982 0.2571525 0.301366 0.2585942 0.3048982 0.2571525 0.301366 0.2571525 0.301366 0.257964 0.3048982 0.2563188 0.3048982 0.257964 0.301366 0.257964 0.301366 0.2563188 0.3048982 0.2563188 0.301366 0.2571525 0.3048982 0.2571525 0.3048982 0.2518628 0.301366 0.2571525 0.3048982 0.2518628 0.301366 0.2518628 0.301366 0.2563188 0.3048982 0.2518676 0.3048982 0.2563188 0.301366 0.2563188 0.301366 0.2518676 0.3048982 0.2518676 0.301366 0.2614572 0.3048982 0.2643201 0.3048982 0.2614572 0.301366 0.2614572 0.301366 0.2643201 0.3048982 0.2643201 0.301366 0.2614572 0.3048982 0.2614572 0.3048982 0.2649505 0.301366 0.2614572 0.3048982 0.2649505 0.301366 0.2649505 0.301366 0.2643201 0.3048982 0.265762 0.3048982 0.2643201 0.301366 0.2643201 0.301366 0.265762 0.3048982 0.265762 0.301366 0.2649505 0.3048982 0.2649505 0.3048982 0.2665957 0.301366 0.2649505 0.3048982 0.2665957 0.301366 0.2665957 0.301366 0.265762 0.3048982 0.2710516 0.3048982 0.265762 0.301366 0.265762 0.301366 0.2710516 0.3048982 0.2710516 0.301366 0.2665957 0.3048982 0.2665957 0.3048982 0.2710466 0.301366 0.2665957 0.3048982 0.2710466 0.301366 0.2710466 0.3048982 0.2585942 0.3048982 0.2614572 0.3048982 0.2614572 0.3048982 0.2585942 0.3048982 0.2614572 0.3048982 0.257964 0.301366 0.2585942 0.301366 0.2614572 0.301366 0.2614572 0.301366 0.2585942 0.301366 0.257964 0.301366 0.2614572 0.3048982 0.2571525 0.3048982 0.2585942 0.3048982 0.257964 0.3048982 0.2571525 0.3048982 0.257964 0.3048982 0.2563188 0.301366 0.2571525 0.301366 0.257964 0.301366 0.2585942 0.301366 0.2571525 0.301366 0.2563188 0.301366 0.257964 0.3048982 0.2518628 0.3048982 0.2571525 0.3048982 0.2563188 0.3048982 0.2518628 0.3048982 0.2563188 0.3048982 0.2518676 0.301366 0.2518628 0.301366 0.2563188 0.301366 0.2571525 0.301366 0.2518628 0.301366 0.2518676 0.301366 0.2563188 0.3048982 0.2643201 0.3048982 0.2614572 0.3048982 0.2614572 0.3048982 0.2643201 0.3048982 0.2649505 0.3048982 0.2614572 0.301366 0.2643201 0.301366 0.2614572 0.301366 0.2614572 0.301366 0.2643201 0.301366 0.2614572 0.301366 0.2649505 0.3048982 0.265762 0.3048982 0.2649505 0.3048982 0.2643201 0.3048982 0.265762 0.3048982 0.2665957 0.3048982 0.2649505 0.301366 0.265762 0.301366 0.2643201 0.301366 0.2649505 0.301366 0.265762 0.301366 0.2649505 0.301366 0.2665957 0.3048982 0.2710516 0.3048982 0.2665957 0.3048982 0.265762 0.3048982 0.2710516 0.3048982 0.2710466 0.3048982 0.2665957 0.301366 0.2710516 0.301366 0.265762 0.301366 0.2665957 0.301366 0.2710516 0.301366 0.2665957 0.301366 0.2710466 0.4543963 0.2614572 0.4579278 0.2614572 0.4579278 0.2585942 0.4543963 0.2614572 0.4579278 0.2585942 0.4543963 0.2585942 0.4543963 0.2614572 0.4579278 0.257964 0.4579278 0.2614572 0.4543963 0.2614572 0.4543963 0.257964 0.4579278 0.257964 0.4543963 0.2585942 0.4579278 0.2585942 0.4579278 0.2571525 0.4543963 0.2585942 0.4579278 0.2571525 0.4543963 0.2571525 0.4543963 0.257964 0.4579278 0.2563188 0.4579278 0.257964 0.4543963 0.257964 0.4543963 0.2563188 0.4579278 0.2563188 0.4543963 0.2571525 0.4579278 0.2571525 0.4579278 0.2518628 0.4543963 0.2571525 0.4579278 0.2518628 0.4543963 0.2518628 0.4543963 0.2563188 0.4579278 0.2518676 0.4579278 0.2563188 0.4543963 0.2563188 0.4543963 0.2518676 0.4579278 0.2518676 0.4543963 0.2614572 0.4579278 0.2643201 0.4579278 0.2614572 0.4543963 0.2614572 0.4543963 0.2643201 0.4579278 0.2643201 0.4543963 0.2614572 0.4579278 0.2614572 0.4579278 0.2649505 0.4543963 0.2614572 0.4579278 0.2649505 0.4543963 0.2649505 0.4543963 0.2643201 0.4579278 0.265762 0.4579278 0.2643201 0.4543963 0.2643201 0.4543963 0.265762 0.4579278 0.265762 0.4543963 0.2649505 0.4579278 0.2649505 0.4579278 0.2665957 0.4543963 0.2649505 0.4579278 0.2665957 0.4543963 0.2665957 0.4543963 0.265762 0.4579278 0.2710516 0.4579278 0.265762 0.4543963 0.265762 0.4543963 0.2710516 0.4579278 0.2710516 0.4543963 0.2665957 0.4579278 0.2665957 0.4579278 0.2710466 0.4543963 0.2665957 0.4579278 0.2710466 0.4543963 0.2710466 0.4579278 0.2585942 0.4579278 0.2614572 0.4579278 0.2614572 0.4579278 0.2585942 0.4579278 0.2614572 0.4579278 0.257964 0.4543963 0.2585942 0.4543963 0.2614572 0.4543963 0.2614572 0.4543963 0.2585942 0.4543963 0.257964 0.4543963 0.2614572 0.4579278 0.2571525 0.4579278 0.2585942 0.4579278 0.257964 0.4579278 0.2571525 0.4579278 0.257964 0.4579278 0.2563188 0.4543963 0.2571525 0.4543963 0.257964 0.4543963 0.2585942 0.4543963 0.2571525 0.4543963 0.2563188 0.4543963 0.257964 0.4579278 0.2518628 0.4579278 0.2571525 0.4579278 0.2563188 0.4579278 0.2518628 0.4579278 0.2563188 0.4579278 0.2518676 0.4543963 0.2518628 0.4543963 0.2563188 0.4543963 0.2571525 0.4543963 0.2518628 0.4543963 0.2518676 0.4543963 0.2563188 0.4579278 0.2643201 0.4579278 0.2614572 0.4579278 0.2614572 0.4579278 0.2643201 0.4579278 0.2649505 0.4579278 0.2614572 0.4543963 0.2643201 0.4543963 0.2614572 0.4543963 0.2614572 0.4543963 0.2643201 0.4543963 0.2614572 0.4543963 0.2649505 0.4579278 0.265762 0.4579278 0.2649505 0.4579278 0.2643201 0.4579278 0.265762 0.4579278 0.2665957 0.4579278 0.2649505 0.4543963 0.265762 0.4543963 0.2643201 0.4543963 0.2649505 0.4543963 0.265762 0.4543963 0.2649505 0.4543963 0.2665957 0.4579278 0.2710516 0.4579278 0.2665957 0.4579278 0.265762 0.4579278 0.2710516 0.4579278 0.2710466 0.4579278 0.2665957 0.4543963 0.2710516 0.4543963 0.265762 0.4543963 0.2665957 0.4543963 0.2710516 0.4543963 0.2665957 0.4543963 0.2710466 0.2118509 0.2307794 0.2151204 0.2209745 0.2129816 0.2209745 0.2118509 0.2307794 0.2142813 0.2288627 0.2151204 0.2209745 0.2118509 0.2307794 0.2129816 0.2209745 0.2151204 0.2209745 0.2118509 0.2307794 0.2151204 0.2209745 0.2142813 0.2288627 0.2102207 0.2283393 0.2142813 0.2288627 0.2118509 0.2307794 0.2102207 0.2283393 0.2125771 0.2263122 0.2142813 0.2288627 0.2102207 0.2283393 0.2118509 0.2307794 0.2142813 0.2288627 0.2102207 0.2283393 0.2142813 0.2288627 0.2125771 0.2263122 0.2077805 0.226709 0.2125771 0.2263122 0.2102207 0.2283393 0.2077805 0.226709 0.2100266 0.224608 0.2125771 0.2263122 0.2077805 0.226709 0.2102207 0.2283393 0.2125771 0.2263122 0.2077805 0.226709 0.2125771 0.2263122 0.2100266 0.224608 0.1646521 0.2267473 0.2100266 0.224608 0.2077805 0.226709 0.1646521 0.2267473 0.1646521 0.2246086 0.2100266 0.224608 0.1646521 0.2267473 0.2077805 0.226709 0.2100266 0.224608 0.1646521 0.2267473 0.2100266 0.224608 0.1646521 0.2246086 0.1215265 0.2268702 0.1646521 0.2246086 0.1646521 0.2267473 0.1215265 0.2268702 0.1193209 0.224608 0.1646521 0.2246086 0.1215265 0.2268702 0.1646521 0.2267473 0.1646521 0.2246086 0.1215265 0.2268702 0.1646521 0.2246086 0.1193209 0.224608 0.1190864 0.2285007 0.1193209 0.224608 0.1215265 0.2268702 0.1190864 0.2285007 0.1167705 0.2263122 0.1193209 0.224608 0.1190864 0.2285007 0.1215265 0.2268702 0.1193209 0.224608 0.1190864 0.2285007 0.1193209 0.224608 0.1167705 0.2263122 0.1174561 0.2309406 0.1167705 0.2263122 0.1190864 0.2285007 0.1174561 0.2309406 0.1150663 0.2288627 0.1167705 0.2263122 0.1174561 0.2309406 0.1190864 0.2285007 0.1167705 0.2263122 0.1174561 0.2309406 0.1167705 0.2263122 0.1150663 0.2288627 0.1184618 0.2209745 0.1150663 0.2288627 0.1174561 0.2309406 0.1184618 0.2209745 0.1163231 0.2209745 0.1150663 0.2288627 0.1184618 0.2209745 0.1174561 0.2309406 0.1150663 0.2288627 0.1184618 0.2209745 0.1150663 0.2288627 0.1163231 0.2209745 0.2129816 0.2209745 0.2118509 0.2307794 0.2129816 0.2209745 0.2129816 0.2209745 0.2118509 0.2307794 0.2118509 0.2307794 0.2151204 0.2209745 0.2151204 0.2209745 0.2142813 0.2288627 0.2151204 0.2209745 0.2142813 0.2288627 0.2142813 0.2288627 0.2118509 0.2307794 0.2102207 0.2283393 0.2118509 0.2307794 0.2118509 0.2307794 0.2102207 0.2283393 0.2102207 0.2283393 0.2142813 0.2288627 0.2142813 0.2288627 0.2125771 0.2263122 0.2142813 0.2288627 0.2125771 0.2263122 0.2125771 0.2263122 0.2102207 0.2283393 0.2077805 0.226709 0.2102207 0.2283393 0.2102207 0.2283393 0.2077805 0.226709 0.2077805 0.226709 0.2125771 0.2263122 0.2125771 0.2263122 0.2100266 0.224608 0.2125771 0.2263122 0.2100266 0.224608 0.2100266 0.224608 0.2077805 0.226709 0.1646521 0.2267473 0.2077805 0.226709 0.2077805 0.226709 0.1646521 0.2267473 0.1646521 0.2267473 0.2100266 0.224608 0.2100266 0.224608 0.1646521 0.2246086 0.2100266 0.224608 0.1646521 0.2246086 0.1646521 0.2246086 0.1646521 0.2267473 0.1215265 0.2268702 0.1646521 0.2267473 0.1646521 0.2267473 0.1215265 0.2268702 0.1215265 0.2268702 0.1646521 0.2246086 0.1646521 0.2246086 0.1193209 0.224608 0.1646521 0.2246086 0.1193209 0.224608 0.1193209 0.224608 0.1215265 0.2268702 0.1190864 0.2285007 0.1215265 0.2268702 0.1215265 0.2268702 0.1190864 0.2285007 0.1190864 0.2285007 0.1193209 0.224608 0.1193209 0.224608 0.1167705 0.2263122 0.1193209 0.224608 0.1167705 0.2263122 0.1167705 0.2263122 0.1190864 0.2285007 0.1174561 0.2309406 0.1190864 0.2285007 0.1190864 0.2285007 0.1174561 0.2309406 0.1174561 0.2309406 0.1167705 0.2263122 0.1167705 0.2263122 0.1150663 0.2288627 0.1167705 0.2263122 0.1150663 0.2288627 0.1150663 0.2288627 0.1174561 0.2309406 0.1184618 0.2209745 0.1174561 0.2309406 0.1174561 0.2309406 0.1184618 0.2209745 0.1184618 0.2209745 0.1150663 0.2288627 0.1150663 0.2288627 0.1163231 0.2209745 0.1150663 0.2288627 0.1163231 0.2209745 0.1163231 0.2209745 0.641277 0.2307794 0.6445467 0.2209745 0.6424073 0.2209745 0.641277 0.2307794 0.6437074 0.2288627 0.6445467 0.2209745 0.641277 0.2307794 0.6424073 0.2209745 0.6445467 0.2209745 0.641277 0.2307794 0.6445467 0.2209745 0.6437074 0.2288627 0.6396468 0.2283393 0.6437074 0.2288627 0.641277 0.2307794 0.6396468 0.2283393 0.6420034 0.2263122 0.6437074 0.2288627 0.6396468 0.2283393 0.641277 0.2307794 0.6437074 0.2288627 0.6396468 0.2283393 0.6437074 0.2288627 0.6420034 0.2263122 0.6372065 0.226709 0.6420034 0.2263122 0.6396468 0.2283393 0.6372065 0.226709 0.639453 0.224608 0.6420034 0.2263122 0.6372065 0.226709 0.6396468 0.2283393 0.6420034 0.2263122 0.6372065 0.226709 0.6420034 0.2263122 0.639453 0.224608 0.5940782 0.2267473 0.639453 0.224608 0.6372065 0.226709 0.5940782 0.2267473 0.5940782 0.2246086 0.639453 0.224608 0.5940782 0.2267473 0.6372065 0.226709 0.639453 0.224608 0.5940782 0.2267473 0.639453 0.224608 0.5940782 0.2246086 0.5509527 0.2268702 0.5940782 0.2246086 0.5940782 0.2267473 0.5509527 0.2268702 0.548747 0.224608 0.5940782 0.2246086 0.5509527 0.2268702 0.5940782 0.2267473 0.5940782 0.2246086 0.5509527 0.2268702 0.5940782 0.2246086 0.548747 0.224608 0.5485128 0.2285007 0.548747 0.224608 0.5509527 0.2268702 0.5485128 0.2285007 0.5461968 0.2263122 0.548747 0.224608 0.5485128 0.2285007 0.5509527 0.2268702 0.548747 0.224608 0.5485128 0.2285007 0.548747 0.224608 0.5461968 0.2263122 0.5468819 0.2309406 0.5461968 0.2263122 0.5485128 0.2285007 0.5468819 0.2309406 0.5444923 0.2288627 0.5461968 0.2263122 0.5468819 0.2309406 0.5485128 0.2285007 0.5461968 0.2263122 0.5468819 0.2309406 0.5461968 0.2263122 0.5444923 0.2288627 0.5478878 0.2209745 0.5444923 0.2288627 0.5468819 0.2309406 0.5478878 0.2209745 0.5457492 0.2209745 0.5444923 0.2288627 0.5478878 0.2209745 0.5468819 0.2309406 0.5444923 0.2288627 0.5478878 0.2209745 0.5444923 0.2288627 0.5457492 0.2209745 0.6424073 0.2209745 0.641277 0.2307794 0.6424073 0.2209745 0.6424073 0.2209745 0.641277 0.2307794 0.641277 0.2307794 0.6445467 0.2209745 0.6445467 0.2209745 0.6437074 0.2288627 0.6445467 0.2209745 0.6437074 0.2288627 0.6437074 0.2288627 0.641277 0.2307794 0.6396468 0.2283393 0.641277 0.2307794 0.641277 0.2307794 0.6396468 0.2283393 0.6396468 0.2283393 0.6437074 0.2288627 0.6437074 0.2288627 0.6420034 0.2263122 0.6437074 0.2288627 0.6420034 0.2263122 0.6420034 0.2263122 0.6396468 0.2283393 0.6372065 0.226709 0.6396468 0.2283393 0.6396468 0.2283393 0.6372065 0.226709 0.6372065 0.226709 0.6420034 0.2263122 0.6420034 0.2263122 0.639453 0.224608 0.6420034 0.2263122 0.639453 0.224608 0.639453 0.224608 0.6372065 0.226709 0.5940782 0.2267473 0.6372065 0.226709 0.6372065 0.226709 0.5940782 0.2267473 0.5940782 0.2267473 0.639453 0.224608 0.639453 0.224608 0.5940782 0.2246086 0.639453 0.224608 0.5940782 0.2246086 0.5940782 0.2246086 0.5940782 0.2267473 0.5509527 0.2268702 0.5940782 0.2267473 0.5940782 0.2267473 0.5509527 0.2268702 0.5509527 0.2268702 0.5940782 0.2246086 0.5940782 0.2246086 0.548747 0.224608 0.5940782 0.2246086 0.548747 0.224608 0.548747 0.224608 0.5509527 0.2268702 0.5485128 0.2285007 0.5509527 0.2268702 0.5509527 0.2268702 0.5485128 0.2285007 0.5485128 0.2285007 0.548747 0.224608 0.548747 0.224608 0.5461968 0.2263122 0.548747 0.224608 0.5461968 0.2263122 0.5461968 0.2263122 0.5485128 0.2285007 0.5468819 0.2309406 0.5485128 0.2285007 0.5485128 0.2285007 0.5468819 0.2309406 0.5468819 0.2309406 0.5461968 0.2263122 0.5461968 0.2263122 0.5444923 0.2288627 0.5461968 0.2263122 0.5444923 0.2288627 0.5444923 0.2288627 0.5468819 0.2309406 0.5478878 0.2209745 0.5468819 0.2309406 0.5468819 0.2309406 0.5478878 0.2209745 0.5478878 0.2209745 0.5444923 0.2288627 0.5444923 0.2288627 0.5457492 0.2209745 0.5444923 0.2288627 0.5457492 0.2209745 0.5457492 0.2209745 0 0 0 0 0 0 0 0 0 0 0 0 0 0 0 0 0 0 0 0 0 0 0 0 0 0 0 0 0 0 0 0 0 0 0 0 0 0 0 0 0 0 0 0 0 0 0 0 0 0 0 0 0 0 0 0 0 0 0 0 0 0 0 0 0 0 0 0 0 0 0 0 0 0 0 0 0 0 0 0 0 0 0 0 0 0 0 0 0 0 0 0 0 0 0 0 0 0 0 0 0 0 0 0 0 0 0 0 0 0 0 0 0 0 0 0 0 0 0 0</float_array>
          <technique_common>
            <accessor source="#Cube_003-mesh-map-1-array" count="8127" stride="2">
              <param name="S" type="float"/>
              <param name="T" type="float"/>
            </accessor>
          </technique_common>
        </source>
        <source id="Cube_003-mesh-map-2">
          <float_array id="Cube_003-mesh-map-2-array" count="16254">0 1 0 1 0 1 0 1 0 1 0 1 0 1 0 1 0 1 0 1 0 1 0 1 0 1 0 1 0 1 0 1 0 1 0 1 0 1 0 1 0 1 0 1 0 1 0 1 0 1 0 1 0 1 0 1 0 1 0 1 0 1 0 1 0 1 0 1 0 1 0 1 0 1 0 1 0 1 0 1 0 1 0 1 0 1 0 1 0 1 0 1 0 1 0 1 0 1 0 1 0 1 0 1 0 1 0 1 0 1 0 1 0 1 0 1 0 1 0 1 0 1 0 1 0 1 0 1 0 1 0 1 0 1 0 1 0 1 0 1 0 1 0 1 0 1 0 1 0 1 0 1 0 1 0 1 0 1 0 1 0 1 0 1 0 1 0 1 0 1 0 1 0 1 0 1 0 1 0 1 0 1 0 1 0 1 0 1 0 1 0 1 0 1 0 1 0 1 0 1 0 1 0 1 0 1 0 1 0 1 0 1 0 1 0 1 0 1 0 1 0 1 0 1 0 1 0 1 0 1 0 1 0 1 0 1 0 1 0 1 0 1 0 1 0 1 0 1 0 1 0 1 0 1 0 1 0 1 0 1 0 1 0 1 0 1 0 1 0 1 0 1 0 1 0 1 0 1 0 1 0 1 0 1 0 1 0 1 0 1 0 1 0 1 0 1 0 1 0 1 0 1 0 1 0 1 0 1 0 1 0 1 0 1 0 1 0 1 0 1 0 1 0 1 0 1 0 1 0 1 0 1 0 1 0 1 0 1 0 1 0 1 0 1 0 1 0 1 0 1 0 1 0 1 0 1 0 1 0 1 0 1 0 1 0 1 0 1 0 1 0 1 0 1 0 1 0 1 0 1 0 1 0 1 0 1 0 1 0 1 0 1 0 1 0 1 0 1 0 1 0 1 0 1 0 1 0 1 0 1 0 1 0 1 0 1 0 1 0 1 0 1 0 1 0 1 0 1 0 1 0 1 0 1 0 1 0 1 0 1 0 1 0 1 0 1 0 1 0 1 0 1 0 1 0 1 0 1 0 1 0 1 0 1 0 1 0 1 0 1 0 1 0 1 0 1 0 1 0 1 0 1 0 1 0 1 0 1 0 1 0 1 0 1 0 1 0 1 0 1 0 1 0 1 0 1 0 1 0 1 0 1 0 1 0 1 0 1 0 1 0 1 0 1 0 1 0 1 0 1 0 1 0 1 0 1 0 1 0 1 0 1 0 1 0 1 0 1 0 1 0 1 0 1 0 1 0 1 0 1 0 1 0 1 0 1 0 1 0 1 0 1 0 1 0 1 0 1 0 1 0 1 0 1 0 1 0 1 0 1 0 1 0 1 0 1 0 1 0 1 0 1 0 1 0 1 0 1 0 1 0 1 0 1 0 1 0 1 0 1 0 1 0 1 0 1 0 1 0 1 0 1 0 1 0 1 0 1 0 1 0 1 0 1 0 1 0 1 0 1 0 1 0 1 0 1 0 1 0 1 0 1 0 1 0 1 0 1 0 1 0 1 0 1 0 1 0 1 0 1 0 1 0 1 0 1 0 1 0 1 0 1 0 1 0 1 0 1 0 1 0 1 0 1 0 1 0 1 0 1 0 1 0 1 0 1 0 1 0 1 0 1 0 1 0 1 0 1 0 1 0 1 0 1 0 1 0 1 0 1 0 1 0 1 0 1 0 1 0 1 0 1 0 1 0 1 0 1 0 1 0 1 0 1 0 1 0 1 0 1 0 1 0 1 0 1 0 1 0 1 0 1 0 1 0 1 0 1 0 1 0 1 0 1 0 1 0 1 0 1 0 1 0 1 0 1 0 1 0 1 0 1 0 1 0 1 0 1 0 1 0 1 0 1 0 1 0 1 0 1 0 1 0 1 0 1 0 1 0 1 0 1 0 1 0 1 0 1 0 1 0 1 0 1 0 1 0 1 0 1 0 1 0 1 0 1 0 1 0 1 0 1 0 1 0 1 0 1 0 1 0 1 0 1 0 1 0 1 0 1 0 1 0 1 0 1 0 1 0 1 0 1 0 1 0 1 0 1 0 1 0 1 0 1 0 1 0 1 0 1 0 1 0 1 0 1 0 1 0 1 0 1 0 1 0 1 0 1 0 1 0 1 0 1 0 1 0 1 0 1 0 1 0 1 0 1 0 1 0 1 0 1 0 1 0 1 0 1 0 1 0 1 0 1 0 1 0 1 0 1 0 1 0 1 0 1 0 1 0 1 0 1 0 1 0 1 0 1 0 1 0 1 0 1 0 1 0 1 0 1 0 1 0 1 0 1 0 1 0 1 0 1 0 1 0 1 0 1 0 1 0 1 0 1 0 1 0 1 0 1 0 1 0 1 0 1 0 1 0 1 0 1 0 1 0 1 0 1 0 1 0 1 0 1 0 1 0 1 0 1 0 1 0 1 0 1 0 1 0 1 0 1 0 1 0 1 0 1 0 1 0 1 0 1 0 1 0 1 0 1 0 1 0 1 0 1 0 1 0 1 0 1 0 1 0 1 0 1 0 1 0 1 0 1 0 1 0 1 0 1 0 1 0 1 0 1 0 1 0 1 0 1 0 1 0 1 0 1 0 1 0 1 0 1 0 1 0 1 0 1 0 1 0 1 0 1 0 1 0 1 0 1 0 1 0 1 0 1 0 1 0 1 0 1 0 1 0 1 0 1 0 1 0 1 0 1 0 1 0 1 0 1 0 1 0 1 0 1 0 1 0 1 0 1 0 1 0 1 0 1 0 1 0 1 0 1 0 1 0 1 0 1 0 1 0 1 0 1 0 1 0 1 0 1 0 1 0 1 0 1 0 1 0 1 0 1 0 1 0 1 0 1 0 1 0 1 0 1 0 1 0 1 0 1 0 1 0 1 0 1 0 1 0 1 0 1 0 1 0 1 0 1 0 1 0 1 0 1 0 1 0 1 0 1 0 1 0 1 0 1 0 1 0 1 0 1 0 1 0 1 0 1 0 1 0 1 0 1 0 1 0 1 0 1 0 1 0 1 0 1 0 1 0 1 0 1 0 1 0 1 0 1 0 1 0 1 0 1 0 1 0 1 0 1 0 1 0 1 0 1 0 1 0 1 0 1 0 1 0 1 0 1 0 1 0 1 0 1 0 1 0 1 0 1 0 1 0 1 0 1 0 1 0 1 0 1 0 1 0 1 0 1 0 1 0 1 0 1 0 1 0 1 0 1 0 1 0 1 0 1 0 1 0 1 0 1 0 1 0 1 0 1 0 1 0 1 0 1 0 1 0 1 0 1 0 1 0 1 0 1 0 1 0 1 0 1 0 1 0 1 0 1 0 1 0 1 0 1 0 1 0 1 0 1 0 1 0 1 0 1 0 1 0 1 0 1 0 1 0 1 0 1 0 1 0 1 0 1 0 1 0 1 0 1 0 1 0 1 0 1 0 1 0 1 0 1 0 1 0 1 0 1 0 1 0 1 0 1 0 1 0 1 0 1 0 1 0 1 0 1 0 1 0 1 0 1 0 1 0 1 0 1 0 1 0 1 0 1 0 1 0 1 0 1 0 1 0 1 0 1 0 1 0 1 0 1 0 1 0 1 0 1 0 1 0 1 0 1 0 1 0 1 0 1 0 1 0 1 0 1 0 1 0 1 0 1 0 1 0 1 0 1 0 1 0 1 0 1 0 1 0 1 0 1 0 1 0 1 0 1 0 1 0 1 0 1 0 1 0 1 0 1 0 1 0 1 0 1 0 1 0 1 0 1 0 1 0 1 0 1 0 1 0 1 0 1 0 1 0 1 0 1 0 1 0 1 0 1 0 1 0 1 0 1 0 1 0 1 0 1 0 1 0 1 0 1 0 1 0 1 0 1 0 1 0 1 0 1 0 1 0 1 0 1 0 1 0 1 0 1 0 1 0 1 0 1 0 1 0 1 0 1 0 1 0 1 0 1 0 1 0 1 0 1 0 1 0 1 0 1 0 1 0 1 0 1 0 1 0 1 0 1 0 1 0 1 0 1 0 1 0 1 0 1 0 1 0 1 0 1 0 1 0 1 0 1 0 1 0 1 0 1 0 1 0 1 0 1 0 1 0 1 0 1 0 1 0 1 0 1 0 1 0 1 0 1 0 1 0 1 0 1 0 1 0 1 0 1 0 1 0 1 0 1 0 1 0 1 0 1 0 1 0 1 0 1 0 1 0 1 0 1 0 1 0 1 0 1 0 1 0 1 0 1 0 1 0 1 0 1 0 1 0 1 0 1 0 1 0 1 0 1 0 1 0 1 0 1 0 1 0 1 0 1 0 1 0 1 0 1 0 1 0 1 0 1 0 1 0 1 0 1 0 1 0 1 0 1 0 1 0 1 0 1 0 1 0 1 0 1 0 1 0 1 0 1 0 1 0 1 0 1 0 1 0 1 0 1 0 1 0 1 0 1 0 1 0 1 0 1 0 1 0 1 0 1 0 1 0 1 0 1 0 1 0 1 0 1 0 1 0 1 0 1 0 1 0 1 0 1 0 1 0 1 0 1 0 1 0 1 0 1 0 1 0 1 0 1 0 1 0 1 0 1 0 1 0 1 0 1 0 1 0 1 0 1 0 1 0 1 0 1 0 1 0 1 0 1 0 1 0 1 0 1 0 1 0 1 0 1 0 1 0 1 0 1 0 1 0 1 0 1 0 1 0 1 0 1 0 1 0 1 0 1 0 1 0 1 0 1 0 1 0 1 0 1 0 1 0 1 0 1 0 1 0 1 0 1 0 1 0 1 0 1 0 1 0 1 0 1 0 1 0 1 0 1 0 1 0 1 0 1 0 1 0 1 0 1 0 1 0 1 0 1 0 1 0 1 0 1 0 1 0 1 0 1 0 1 0 1 0 1 0 1 0 1 0 1 0 1 0 1 0 1 0 1 0 1 0 1 0 1 0 1 0 1 0 1 0 1 0 1 0 1 0 1 0 1 0 1 0 1 0 1 0 1 0 1 0 1 0 1 0 1 0 1 0 1 0 1 0 1 0 1 0 1 0 1 0 1 0 1 0 1 0 1 0 1 0 1 0 1 0 1 0 1 0 1 0 1 0 1 0 1 0 1 0 1 0 1 0 1 0 1 0 1 0 1 0 1 0 1 0 1 0 1 0 1 0 1 0 1 0 1 0 1 0 1 0 1 0 1 0 1 0 1 0 1 0 1 0 1 0 1 0 1 0 1 0 1 0 1 0 1 0 1 0 1 0 1 0 1 0 1 0 1 0 1 0 1 0 1 0 1 0 1 0 1 0 1 0 1 0 1 0 1 0 1 0 1 0 1 0 1 0 1 0 1 0 1 0 1 0 1 0 1 0 1 0 1 0 1 0 1 0 1 0 1 0 1 0 1 0 1 0 1 0 1 0 1 0 1 0 1 0 1 0 1 0 1 0 1 0 1 0 1 0 1 0 1 0 1 0 1 0 1 0 1 0 1 0 1 0 1 0 1 0 1 0 1 0 1 0 1 0 1 0 1 0 1 0 1 0 1 0 1 0 1 0 1 0 1 0 1 0 1 0 1 0 1 0 1 0 1 0 1 0 1 0 1 0 1 0 1 0 1 0 1 0 1 0 1 0 1 0 1 0 1 0 1 0 1 0 1 0 1 0 1 0 1 0 1 0 1 0 1 0 1 0 1 0 1 0 1 0 1 0 1 0 1 0 1 0 1 0 1 0 1 0 1 0 1 0 1 0 1 0 1 0 1 0 1 0 1 0 1 0 1 0 1 0 1 0 1 0 1 0 1 0 1 0 1 0 1 0 1 0 1 0 1 0 1 0 1 0 1 0 1 0 1 0 1 0 1 0 1 0 1 0 1 0 1 0 1 0 1 0 1 0 1 0 1 0 1 0 1 0 1 0 1 0 1 0 1 0 1 0 1 0 1 0 1 0 1 0 1 0 1 0 1 0 1 0 1 0 1 0 1 0 1 0 1 0 1 0 1 0 1 0 1 0 1 0 1 0 1 0 1 0 1 0 1 0 1 0 1 0 1 0 1 0 1 0 1 0 1 0 1 0 1 0 1 0 1 0 1 0 1 0 1 0 1 0 1 0 1 0 1 0 1 0 1 0 1 0 1 0 1 0 1 0 1 0 1 0 1 0 1 0 1 0 1 0 1 0 1 0 1 0 1 0 1 0 1 0 1 0 1 0 1 0 1 0 1 0 1 0 1 0 1 0 1 0 1 0 1 0 1 0 1 0 1 0 1 0 1 0 1 0 1 0 1 0 1 0 1 0 1 0 1 0 1 0 1 0 1 0 1 0 1 0 1 0 1 0 1 0 1 0 1 0 1 0 1 0 1 0 1 0 1 0 1 0 1 0 1 0 1 0 1 0 1 0 1 0 1 0 1 0 1 0 1 0 1 0 1 0 1 0 1 0 1 0 1 0 1 0 1 0 1 0 1 0 1 0 1 0 1 0 1 0 1 0 1 0 1 0 1 0 1 0 1 0 1 0 1 0 1 0 1 0 1 0 1 0 1 0 1 0 1 0 1 0 1 0 1 0 1 0 1 0 1 0 1 0 1 0 1 0 1 0 1 0 1 0 1 0 1 0 1 0 1 0 1 0 1 0 1 0 1 0 1 0 1 0 1 0 1 0 1 0 1 0 1 0 1 0 1 0 1 0 1 0 1 0 1 0 1 0 1 0 1 0 1 0 1 0 1 0 1 0 1 0 1 0 1 0 1 0 1 0 1 0 1 0 1 0 1 0 1 0 1 0 1 0 1 0 1 0 1 0 1 0 1 0 1 0 1 0 1 0 1 0 1 0 1 0 1 0 1 0 1 0 1 0 1 0 1 0 1 0 1 0 1 0 1 0 1 0 1 0 1 0 1 0 1 0 1 0 1 0 1 0 1 0 1 0 1 0 1 0 1 0 1 0 1 0 1 0 1 0 1 0 1 0 1 0 1 0 1 0 1 0 1 0 1 0 1 0 1 0 1 0 1 0 1 0 1 0 1 0 1 0 1 0 1 0 1 0 1 0 1 0 1 0 1 0 1 0 1 0 1 0 1 0 1 0 1 0 1 0 1 0 1 0 1 0 1 0 1 0 1 0 1 0 1 0 1 0 1 0 1 0 1 0 1 0 1 0 1 0 1 0 1 0 1 0 1 0 1 0 1 0 1 0 1 0 1 0 1 0 1 0 1 0 1 0 1 0 1 0 1 0 1 0 1 0 1 0 1 0 1 0 1 0 1 0 1 0 1 0 1 0 1 0 1 0 1 0 1 0 1 0 1 0 1 0 1 0 1 0 1 0 1 0 1 0 1 0 1 0 1 0 1 0 1 0 1 0 1 0 1 0 1 0 1 0 1 0 1 0 1 0 1 0 1 0 1 0 1 0 1 0 1 0 1 0 1 0 1 0 1 0 1 0 1 0 1 0 1 0 1 0 1 0 1 0 1 0 1 0 1 0 1 0 1 0 1 0 1 0 1 0 1 0 1 0 1 0 1 0 1 0 1 0 1 0 1 0 1 0 1 0 1 0 1 0 1 0 1 0 1 0 1 0 1 0 1 0 1 0 1 0 1 0 1 0 1 0 1 0 1 0 1 0 1 0 1 0 1 0 1 0 1 0 1 0 1 0 1 0 1 0 1 0 1 0 1 0 1 0 1 0 1 0 1 0 1 0 1 0 1 0 1 0 1 0 1 0 1 0 1 0 1 0 1 0 1 0 1 0 1 0 1 0 1 0 1 0 1 0 1 0 1 0 1 0 1 0 1 0 1 0 1 0 1 0 1 0 1 0 1 0 1 0 1 0 1 0 1 0 1 0 1 0 1 0 1 0 1 0 1 0 1 0 1 0 1 0 1 0 1 0 1 0 1 0 1 0 1 0 1 0 1 0 1 0 1 0 1 0 1 0 1 0 1 0 1 0 1 0 1 0 1 0 1 0 1 0 1 0 1 0 1 0 1 0 1 0 1 0 1 0 1 0 1 0 1 0 1 0 1 0 1 0 1 0 1 0 1 0 1 0 1 0 1 0 1 0 1 0 1 0 1 0 1 0 1 0 1 0 1 0 1 0 1 0 1 0 1 0 1 0 1 0 1 0 1 0 1 0 1 0 1 0 1 0 1 0 1 0 1 0 1 0 1 0 1 0 1 0 1 0 1 0 1 0 1 0 1 0 1 0 1 0 1 0 1 0 1 0 1 0 1 0 1 0 1 0 1 0 1 0 1 0 1 0 1 0 1 0 1 0 1 0 1 0 1 0 1 0 1 0 1 0 1 0 1 0 1 0 1 0 1 0 1 0 1 0 1 0 1 0 1 0 1 0 1 0 1 0 1 0 1 0 1 0 1 0 1 0 1 0 1 0 1 0 1 0 1 0 1 0 1 0 1 0 1 0 1 0 1 0 1 0 1 0 1 0 1 0 1 0 1 0 1 0 1 0 1 0 1 0 1 0 1 0 1 0 1 0 1 0 1 0 1 0 1 0 1 0 1 0 1 0 1 0 1 0 1 0 1 0 1 0 1 0 1 0 1 0 1 0 1 0 1 0 1 0 1 0 1 0 1 0 1 0 1 0 1 0 1 0 1 0 1 0 1 0 1 0 1 0 1 0 1 0 1 0 1 0 1 0 1 0 1 0 1 0 1 0 1 0 1 0 1 0 1 0 1 0 1 0 1 0 1 0 1 0 1 0 1 0 1 0 1 0 1 0 1 0 1 0 1 0 1 0 1 0 1 0 1 0 1 0 1 0 1 0 1 0 1 0 1 0 1 0 1 0 1 0 1 0 1 0 1 0 1 0 1 0 1 0 1 0 1 0 1 0 1 0 1 0 1 0 1 0 1 0 1 0 1 0 1 0 1 0 1 0 1 0 1 0 1 0 1 0 1 0 1 0 1 0 1 0 1 0 1 0 1 0 1 0 1 0 1 0 1 0 1 0 1 0 1 0 1 0 1 0 1 0 1 0 1 0 1 0 1 0 1 0 1 0 1 0 1 0 1 0 1 0 1 0 1 0 1 0 1 0 1 0 1 0 1 0 1 0 1 0 1 0 1 0 1 0 1 0 1 0 1 0 1 0 1 0 1 0 1 0 1 0 1 0 1 0 1 0 1 0 1 0 1 0 1 0 1 0 1 0 1 0 1 0 1 0 1 0 1 0 1 0 1 0 1 0 1 0 1 0 1 0 1 0 1 0 1 0 1 0 1 0 1 0 1 0 1 0 1 0 1 0 1 0 1 0 1 0 1 0 1 0 1 0 1 0 1 0 1 0 1 0 1 0 1 0 1 0 1 0 1 0 1 0 1 0 1 0 1 0 1 0 1 0 1 0 1 0 1 0 1 0 1 0 1 0 1 0 1 0 1 0 1 0 1 0 1 0 1 0 1 0 1 0 1 0 1 0 1 0 1 0 1 0 1 0 1 0 1 0 1 0 1 0 1 0 1 0 1 0 1 0 1 0 1 0 1 0 1 0 1 0 1 0 1 0 1 0 1 0 1 0 1 0 1 0 1 0 1 0 1 0 1 0 1 0 1 0 1 0 1 0 1 0 1 0 1 0 1 0 1 0 1 0 1 0 1 0 1 0 1 0 1 0 1 0 1 0 1 0 1 0 1 0 1 0 1 0 1 0 1 0 1 0 1 0 1 0 1 0 1 0 1 0 1 0 1 0 1 0 1 0 1 0 1 0 1 0 1 0 1 0 1 0 1 0 1 0 1 0 1 0 1 0 1 0 1 0 1 0 1 0 1 0 1 0 1 0 1 0 1 0 1 0 1 0 1 0 1 0 1 0 1 0 1 0 1 0 1 0 1 0 1 0 1 0 1 0 1 0 1 0 1 0 1 0 1 0 1 0 1 0 1 0 1 0 1 0 1 0 1 0 1 0 1 0 1 0 1 0 1 0 1 0 1 0 1 0 1 0 1 0 1 0 1 0 1 0 1 0 1 0 1 0 1 0 1 0 1 0 1 0 1 0 1 0 1 0 1 0 1 0 1 0 1 0 1 0 1 0 1 0 1 0 1 0 1 0 1 0 1 0 1 0 1 0 1 0 1 0 1 0 1 0 1 0 1 0 1 0 1 0 1 0 1 0 1 0 1 0 1 0 1 0 1 0 1 0 1 0 1 0 1 0 1 0 1 0 1 0 1 0 1 0 1 0 1 0 1 0 1 0 1 0 1 0 1 0 1 0 1 0 1 0 1 0 1 0 1 0 1 0 1 0 1 0 1 0 1 0 1 0 1 0 1 0 1 0 1 0 1 0 1 0 1 0 1 0 1 0 1 0 1 0 1 0 1 0 1 0 1 0 1 0 1 0 1 0 1 0 1 0 1 0 1 0 1 0 1 0 1 0 1 0 1 0 1 0 1 0 1 0 1 0 1 0 1 0 1 0 1 0 1 0 1 0 1 0 1 0 1 0 1 0 1 0 1 0 1 0 1 0 1 0 1 0 1 0 1 0 1 0 1 0 1 0 1 0 1 0 1 0 1 0 1 0 1 0 1 0 1 0 1 0 1 0 1 0 1 0 1 0 1 0 1 0 1 0 1 0 1 0 1 0 1 0 1 0 1 0 1 0 1 0 1 0 1 0 1 0 1 0 1 0 1 0 1 0 1 0 1 0 1 0 1 0 1 0 1 0 1 0 1 0 1 0 1 0 1 0 1 0 1 0 1 0 1 0 1 0 1 0 1 0 1 0 1 0 1 0 1 0 1 0 1 0 1 0 1 0 1 0 1 0 1 0 1 0 1 0 1 0 1 0 1 0 1 0 1 0 1 0 1 0 1 0 1 0 1 0 1 0 1 0 1 0 1 0 1 0 1 0 1 0 1 0 1 0 1 0 1 0 1 0 1 0 1 0 1 0 1 0 1 0 1 0 1 0 1 0 1 0 1 0 1 0 1 0 1 0 1 0 1 0 1 0 1 0 1 0 1 0 1 0 1 0 1 0 1 0 1 0 1 0 1 0 1 0 1 0 1 0 1 0 1 0 1 0 1 0 1 0 1 0 1 0 1 0 1 0 1 0 1 0 1 0 1 0 1 0 1 0 1 0 1 0 1 0 1 0 1 0 1 0 1 0 1 0 1 0 1 0 1 0 1 0 1 0 1 0 1 0 1 0 1 0 1 0 1 0 1 0 1 0 1 0 1 0 1 0 1 0 1 0 1 0 1 0 1 0 1 0 1 0 1 0 1 0 1 0 1 0 1 0 1 0 1 0 1 0 1 0 1 0 1 0 1 0 1 0 1 0 1 0 1 0 1 0 1 0 1 0 1 0 1 0 1 0 1 0 1 0 1 0 1 0 1 0 1 0 1 0 1 0 1 0 1 0 1 0 1 0 1 0 1 0 1 0 1 0 1 0 1 0 1 0 1 0 1 0 1 0 1 0 1 0 1 0 1 0 1 0 1 0 1 0 1 0 1 0 1 0 1 0 1 0 1 0 1 0 1 0 1 0 1 0 1 0 1 0 1 0 1 0 1 0 1 0 1 0 1 0 1 0 1 0 1 0 1 0 1 0 1 0 1 0 1 0 1 0 1 0 1 0 1 0 1 0 1 0 1 0 1 0 1 0 1 0 1 0 1 0 1 0 1 0 1 0 1 0 1 0 1 0 1 0 1 0 1 0 1 0 1 0 1 0 1 0 1 0 1 0 1 0 1 0 1 0 1 0 1 0 1 0 1 0 1 0 1 0 1 0 1 0 1 0 1 0 1 0 1 0 1 0 1 0 1 0 1 0 1 0 1 0 1 0 1 0 1 0 1 0 1 0 1 0 1 0 1 0 1 0 1 0 1 0 1 0 1 0 1 0 1 0 1 0 1 0 1 0 1 0 1 0 1 0 1 0 1 0 1 0 1 0 1 0 1 0 1 0 1 0 1 0 1 0 1 0 1 0 1 0 1 0 1 0 1 0 1 0 1 0 1 0 1 0 1 0 1 0 1 0 1 0 1 0 1 0 1 0 1 0 1 0 1 0 1 0 1 0 1 0 1 0 1 0 1 0 1 0 1 0 1 0 1 0 1 0 1 0 1 0 1 0 1 0 1 0 1 0 1 0 1 0 1 0 1 0 1 0 1 0 1 0 1 0 1 0 1 0 1 0 1 0 1 0 1 0 1 0 1 0 1 0 1 0 1 0 1 0 1 0 1 0 1 0 1 0 1 0 1 0 1 0 1 0 1 0 1 0 1 0 1 0 1 0 1 0 1 0 1 0 1 0 1 0 1 0 1 0 1 0 1 0 1 0 1 0 1 0 1 0 1 0 1 0 1 0 1 0 1 0 1 0 1 0 1 0 1 0 1 0 1 0 1 0 1 0 1 0 1 0 1 0 1 0 1 0 1 0 1 0 1 0 1 0 1 0 1 0 1 0 1 0 1 0 1 0 1 0 1 0 1 0 1 0 1 0 1 0 1 0 1 0 1 0 1 0 1 0 1 0 1 0 1 0 1 0 1 0 1 0 1 0 1 0 1 0 1 0 1 0 1 0 1 0 1 0 1 0 1 0 1 0 1 0 1 0 1 0 1 0 1 0 1 0 1 0 1 0 1 0 1 0 1 0 1 0 1 0 1 0 1 0 1 0 1 0 1 0 1 0 1 0 1 0 1 0 1 0 1 0 1 0 1 0 1 0 1 0 1 0 1 0 1 0 1 0 1 0 1 0 1 0 1 0 1 0 1 0 1 0 1 0 1 0 1 0 1 0 1 0 1 0 1 0 1 0 1 0 1 0 1 0 1 0 1 0 1 0 1 0 1 0 1 0 1 0 1 0 1 0 1 0 1 0 1 0 1 0 1 0 1 0 1 0 1 0 1 0 1 0 1 0 1 0 1 0 1 0 1 0 1 0 1 0 1 0 1 0 1 0 1 0 1 0 1 0 1 0 1 0 1 0 1 0 1 0 1 0 1 0 1 0 1 0 1 0 1 0 1 0 1 0 1 0 1 0 1 0 1 0 1 0 1 0 1 0 1 0 1 0 1 0 1 0 1 0 1 0 1 0 1 0 1 0 1 0 1 0 1 0 1 0 1 0 1 0 1 0 1 0 1 0 1 0 1 0 1 0 1 0 1 0 1 0 1 0 1 0 1 0 1 0 1 0 1 0 1 0 1 0 1 0 1 0 1 0 1 0 1 0 1 0 1 0 1 0 1 0 1 0 1 0 1 0 1 0 1 0 1 0 1 0 1 0 1 0 1 0 1 0 1 0 1 0 1 0 1 0 1 0 1 0 1 0 1 0 1 0 1 0 1 0 1 0 1 0 1 0 1 0 1 0 1 0 1 0 1 0 1 0 1 0 1 0 1 0 1 0 1 0 1 0 1 0 1 0 1 0 1 0 1 0 1 0 1 0 1 0 1 0 1 0 1 0 1 0 1 0 1 0 1 0 1 0 1 0 1 0 1 0 1 0 1 0 1 0 1 0 1 0 1 0 1 0 1 0 1 0 1 0 1 0 1 0 1 0 1 0 1 0 1 0 1 0 1 0 1 0 1 0 1 0 1 0 1 0 1 0 1 0 1 0 1 0 1 0 1 0 1 0 1 0 1 0 1 0 1 0 1 0 1 0 1 0 1 0 1 0 1 0 1 0 1 0 1 0 1 0 1 0 1 0 1 0 1 0 1 0 1 0 1 0 1 0 1 0 1 0 1 0 1 0 1 0 1 0 1 0 1 0 1 0 1 0 1 0 1 0 1 0 1 0 1 0 1 0 1 0 1 0 1 0 1 0 1 0 1 0 1 0 1 0 1 0 1 0 1 0 1 0 1 0 1 0 1 0 1 0 1 0 1 0 1 0 1 0 1 0 1 0 1 0 1 0 1 0 1 0 1 0 1 0 1 0 1 0 1 0 1 0 1 0 1 0 1 0 1 0 1 0 1 0 1 0 1 0 1 0 1 0 1 0 1 0 1 0 1 0 1 0 1 0 1 0 1 0 1 0 1 0 1 0 1 0 1 0 1 0 1 0 1 0 1 0 1 0 1 0 1 0 1 0 1 0 1 0 1 0 1 0 1 0 1 0 1 0 1 0 1 0 1 0 1 0 1 0 1 0 1 0 1 0 1 0 1 0 1 0 1 0 1 0 1 0 1 0 1 0 1 0 1 0 1 0 1 0 1 0 1 0 1 0 1 0 1 0 1 0 1 0 1 0 1 0 1 0 1 0 1 0 1 0 1 0 1 0 1 0 1 0 1 0 1 0 1 0 1 0 1 0 1 0 1 0 1 0 1 0 1 0 1 0 1 0 1 0 1 0 1 0 1 0 1 0 1 0 1 0 1 0 1 0 1 0 1 0 1 0 1 0 1 0 1 0 1 0 1 0 1 0 1 0 1 0 1 0 1 0 1 0 1 0 1 0 1 0 1 0 1 0 1 0 1 0 1 0 1 0 1 0 1 0 1 0 1 0 1 0 1 0 1 0 1 0 1 0 1 0 1 0 1 0 1 0 1 0 1 0 1 0 1 0 1 0 1 0 1 0 1 0 1 0 1 0 1 0 1 0 1 0 1 0 1 0 1 0 1 0 1 0 1 0 1 0 1 0 1 0 1 0 1 0 1 0 1 0 1 0 1 0 1 0 1 0 1 0 1 0 1 0 1 0 1 0 1 0 1 0 1 0 1 0 1 0 1 0 1 0 1 0 1 0 1 0 1 0 1 0 1 0 1 0 1 0 1 0 1 0 1 0 1 0 1 0 1 0 1 0 1 0 1 0 1 0 1 0 1 0 1 0 1 0 1 0 1 0 1 0 1 0 1 0 1 0 1 0 1 0 1 0 1 0 1 0 1 0 1 0 1 0 1 0 1 0 1 0 1 0 1 0 1 0 1 0 1 0 1 0 1 0 1 0 1 0 1 0 1 0 1 0 1 0 1 0 1 0 1 0 1 0 1 0 1 0 1 0 1 0 1 0 1 0 1 0 1 0 1 0 1 0 1 0 1 0 1 0 1 0 1 0 1 0 1 0 1 0 1 0 1 0 1 0 1 0 1 0 1 0 1 0 1 0 1 0 1 0 1 0 1 0 1 0 1 0 1 0 1 0 1 0 1 0 1 0 1 0 1 0 1 0 1 0 1 0 1 0 1 0 1 0 1 0 1 0 1 0 1 0 1 0 1 0 1 0 1 0 1 0 1 0 1 0 1 0 1 0 1 0 1 0 1 0 1 0 1 0 1 0 1 0 1 0 1 0 1 0 1 0 1 0 1 0 1 0 1 0 1 0 1 0 1 0 1 0 1 0 1 0 1 0 1 0 1 0 1 0 1 0 1 0 1 0 1 0 1 0 1 0 1 0 1 0 1 0 1 0 1 0 1 0 1 0 1 0 1 0 1 0 1 0 1 0 1 0 1 0 1 0 1 0 1 0 1 0 1 0 1 0 1 0 1 0 1 0 1 0 1 0 1 0 1 0 1 0 1 0 1 0 1 0 1 0 1 0 1 0 1 0 1 0 1 0 1 0 1 0 1 0 1 0 1 0 1 0 1 0 1 0 1 0 1 0 1 0 1 0 1 0 1 0 1 0 1 0 1 0 1 0 1 0 1 0 1 0 1 0 1 0 1 0 1 0 1 0 1 0 1 0 1 0 1 0 1 0 1 0 1 0 1 0 1 0 1 0 1 0 1 0 1 0 1 0 1 0 1 0 1 0 1 0 1 0 1 0 1 0 1 0 1 0 1 0 1 0 1 0 1 0 1 0 1 0 1 0 1 0 1 0 1 0 1 0 1 0 1 0 1 0 1 0 1 0 1 0 1 0 1 0 1 0 1 0 1 0 1 0 1 0 1 0 1 0 1 0 1 0 1 0 1 0 1 0 1 0 1 0 1 0 1 0 1 0 1 0 1 0 1 0 1 0 1 0 1 0 1 0 1 0 1 0 1 0 1 0 1 0 1 0 1 0 1 0 1 0 1 0 1 0 1 0 1 0 1 0 1 0 1 0 1 0 1 0 1 0 1 0 1 0 1 0 1 0 1 0 1 0 1 0 1 0 1 0 1 0 1 0 1 0 1 0 1 0 1 0 1 0 1 0 1 0 1 0 1 0 1 0 1 0 1 0 1 0 1 0 1 0 1 0 1 0 1 0 1 0 1 0 1 0 1 0 1 0 1 0 1 0 1 0 1 0 1 0 1 0 1 0 1 0 1 0 1 0 1 0 1 0 1 0 1 0 1 0 1 0 1 0 1 0 1 0 1 0 1 0 1 0 1 0 1 0 1 0 1 0 1 0 1 0 1 0 1 0 1 0 1 0 1 0 1 0 1 0 1 0 1 0 1 0 1 0 1 0 1 0 1 0 1 0 1 0 1 0 1 0 1 0 1 0 1 0 1 0 1 0 1 0 1 0 1 0 1 0 1 0 1 0 1 0 1 0 1 0 1 0 1 0 1 0 1 0 1 0 1 0 1 0 1 0 1 0 1 0 1 0 1 0 1 0 1 0 1 0 1 0 1 0 1 0 1 0 1 0 1 0 1 0 1 0 1 0 1 0 1 0 1 0 1 0 1 0 1 0 1 0 1 0 1 0 1 0 1 0 1 0 1 0 1 0 1 0 1 0 1 0 1 0 1 0 1 0 1 0 1 0 1 0 1 0 1 0 1 0 1 0 1 0 1 0 1 0 1 0 1 0 1 0 1 0 1 0 1 0 1 0 1 0 1 0 1 0 1 0 1 0 1 0 1 0 1 0 1 0 1 0 1 0 1 0 1 0 1 0 1 0 1 0 1 0 1 0 1 0 1 0 1 0 1 0 1 0 1 0 1 0 1 0 1 0 1 0 1 0 1 0 1 0 1 0 1 0 1 0 1 0 1 0 1 0 1 0 1 0 1 0 1 0 1 0 1 0 1 0 1 0 1 0 1 0 1 0 1 0 1 0 1 0 1 0 1 0 1 0 1 0 1 0 1 0 1 0 1 0 1 0 1 0 1 0 1 0 1 0 1 0 1 0 1 0 1 0 1 0 1 0 1 0 1 0 1 0 1 0 1 0 1 0 1 0 1 0 1 0 1 0 1 0 1 0 1 0 1 0 1 0 1 0 1 0 1 0 1 0 1 0 1 0 1 0 1 0 1 0 1 0 1 0 1 0 1 0 1 0 1 0 1 0 1 0 1 0 1 0 1 0 1 0 1 0 1 0 1 0 1 0 1 0 1 0 1 0 1 0 1 0 1 0 1 0 1 0 1 0 1 0 1 0 1 0 1 0 1 0 1 0 1 0 1 0 1 0 1 0 1 0 1 0 1 0 1 0 1 0 1 0 1 0 1 0 1 0 1 0 1 0 1 0 1 0 1 0 1 0 1 0 1 0 1 0 1 0 1 0 1 0 1 0 1 0 1 0 1 0 1 0 1 0 1 0 1 0 1 0 1 0 1 0 1 0 1 0 1 0 1 0 1 0 1 0 1 0 1 0 1 0 1 0 1 0 1 0 1 0 1 0 1 0 1 0 1 0 1 0 1 0 1 0 1 0 1 0 1 0 1 0 1 0 1 0 1 0 1 0 1 0 1 0 1 0 1 0 1 0 1 0 1 0 1 0 1 0 1 0 1 0 1 0 1 0 1 0 1 0 1 0 1 0 1 0 1 0 1 0 1 0 1 0 1 0 1 0 1 0 1 0 1 0 1 0 1 0 1 0 1 0 1 0 1 0 1 0 1 0 1 0 1 0 1 0 1 0 1 0 1 0 1 0 1 0 1 0 1 0 1 0 1 0 1 0 1 0 1 0 1 0 1 0 1 0 1 0 1 0 1 0 1 0 1 0 1 0 1 0 1 0 1 0 1 0 1 0 1 0 1 0 1 0 1 0 1 0 1 0 1 0 1 0 1 0 1 0 1 0 1 0 1 0 1 0 1 0 1 0 1 0 1 0 1 0 1 0 1 0 1 0 1 0 1 0 1 0 1 0 1 0 1 0 1 0 1 0 1 0 1 0 1 0 1 0 1 0 1 0 1 0 1 0 1 0 1 0 1 0 1 0 1 0 1 0 1 0 1 0 1 0 1 0 1 0 1 0 1 0 1 0 1 0 1 0 1 0 1 0 1 0 1 0 1 0 1 0 1 0 1 0 1 0 1 0 1 0 1 0 1 0 1 0 1 0 1 0 1 0 1 0 1 0 1 0 1 0 1 0 1 0 1 0 1 0 1 0 1 0 1 0 1 0 1 0 1 0 1 0 1 0 1 0 1 0 1 0 1 0 1 0 1 0 1 0 1 0 1 0 1 0 1 0 1 0 1 0 1 0 1 0 1 0 1 0 1 0 1 0 1 0 1 0 1 0 1 0 1 0 1 0 1 0 1 0 1 0 1 0 1 0 1 0 1 0 1 0 1 0 1 0 1 0 1 0 1 0 1 0 1 0 1 0 1 0 1 0 1 0 1 0 1 0 1 0 1 0 1 0 1 0 1 0 1 0 1 0 1 0 1 0 1 0 1 0 1 0 1 0 1 0 1 0 1 0 1 0 1 0 1 0 1 0 1 0 1 0 1 0 1 0 1 0 1 0 1 0 1 0 1 0 1 0 1 0 1 0 1 0 1 0 1 0 1 0 1 0 1 0 1 0 1 0 1 0 1 0 1 0 1 0 1 0 1 0 1 0 1 0 1 0 1 0 1 0 1 0 1 0 1 0 1 0 1 0 1 0 1 0 1 0 1 0 1 0 1 0 1 0 1 0 1 0 1 0 1 0 1 0 1 0 1 0 1 0 1 0 1 0 1 0 1 0 1 0 1 0 1 0 1 0 1 0 1 0 1 0 1 0 1 0 1 0 1 0 1 0 1 0 1 0 1 0 1 0 1 0 1 0 1 0 1 0 1 0 1 0 1 0 1 0 1 0 1 0 1 0 1 0 1 0 1 0 1 0 1 0 1 0 1 0 1 0 1 0 1 0 1 0 1 0 1 0 1 0 1 0 1 0 1 0 1 0 1 0 1 0 1 0 1 0 1 0 1 0 1 0 1 0 1 0 1 0 1 0 1 0 1 0 1 0 1 0 1 0 1 0 1 0 1 0 1 0 1 0 1 0 1 0 1 0 1 0 1 0 1 0 1 0 1 0 1 0 1 0 1 0 1 0 1 0 1 0 1 0 1 0 1 0 1 0 1 0 1 0 1 0 1 0 1 0 1 0 1 0 1 0 1 0 1 0 1 0 1 0 1 0 1 0 1 0 1 0 1 0 1 0 1 0 1 0 1 0 1 0 1 0 1 0 1 0 1 0 1 0 1 0 1 0 1 0 1 0 1 0 1 0 1 0 1 0 1 0 1 0 1 0 1 0 1 0 1 0 1 0 1 0 1 0 1 0 1 0 1 0 1 0 1 0 1 0 1 0 1 0 1 0 1 0 1 0 1 0 1 0 1 0 1 0 1 0 1 0 1 0 1 0 1 0 1 0 1 0 1 0 1 0 1 0 1 0 1 0 1 0 1 0 1 0 1 0 1 0 1 0 1 0 1 0 1 0 1 0 1 0 1 0 1 0 1 0 1 0 1 0 1 0 1 0 1 0 1 0 1 0 1 0 1 0 1 0 1 0 1 0 1 0 1 0 1 0 1 0 1 0 1 0 1 0 1 0 1 0 1 0 1 0 1 0 1 0 1 0 1 0 1 0 1 0 1 0 1 0 1 0 1 0 1 0 1 0 1 0 1 0 1 0 1 0 1 0 1 0 1 0 1 0 1 0 1 0 1 0 1 0 1 0 1 0 1 0 1 0 1 0 1 0 1 0 1 0 1 0 1 0 1 0 1 0 1 0 1 0 1 0 1 0 1 0 1 0 1 0 1 0 1 0 1 0 1 0 1 0 1 0 1 0 1 0 1 0 1 0 1 0 1 0 1 0 1 0 1 0 1 0 1 0 1 0 1 0 1 0 1 0 1 0 1 0 1 0 1 0 1 0 1 0 1 0 1 0 1 0 1 0 1 0 1 0 1 0 1 0 1 0 1 0 1 0 1 0 1 0 1 0 1 0 1 0 1 0 1 0 1 0 1 0 1 0 1 0 1 0 1 0 1 0 1 0 1 0 1 0 1 0 1 0 1 0 1 0 1 0 1 0 1 0 1 0 1 0 1 0 1 0 1 0 1 0 1 0 1 0 1 0 1 0 1 0 1 0 1 0 1 0 1 0 1 0 1 0 1 0 1 0 1 0 1 0 1 0 1 0 1 0 1 0 1 0 1 0 1 0 1 0 1 0 1 0 1 0 1 0 1 0 1 0 1 0 1 0 1 0 1 0 1 0 1 0 1 0 1 0 1 0 1 0 1 0 1 0 1 0 1 0 1 0 1 0 1 0 1 0 1 0 1 0 1 0 1 0 1 0 1 0 1 0 1 0 1 0 1 0 1 0 1 0 1 0 1 0 1 0 1 0 1 0 1 0 1 0 1 0 1 0 1 0 1 0 1 0 1 0 1 0 1 0 1 0 1 0 1 0 1 0 1 0 1 0 1 0 1 0 1 0 1 0 1 0 1 0 1 0 1 0 1 0 1 0 1 0 1 0 1 0 1 0 1 0 1 0 1 0 1 0 1 0 1 0 1 0 1 0 1 0 1 0 1 0 1 0 1 0 1 0 1 0 1 0 1 0 1 0 1 0 1 0 1 0 1 0 1 0 1 0 1 0 1 0 1 0 1 0 1 0 1 0 1 0 1 0 1 0 1 0 1 0 1 0 1 0 1 0 1 0 1 0 1 0 1 0 1 0 1 0 1 0 1 0 1 0 1 0 1 0 1 0 1 0 1 0 1 0 1 0 1 0 1 0 1 0 1 0 1 0 1 0 1 0 1 0 1 0 1 0 1 0 1 0 1 0 1 0 1 0 1 0 1 0 1 0 1 0 1 0 1 0 1 0 1 0 1 0 1 0 1 0 1 0 1 0 1 0 1 0 1 0 1 0 1 0 1 0 1 0 1 0 1 0 1 0 1 0 1 0 1 0 1 0 1 0 1 0 1 0 1 0 1 0 1 0 1 0 1 0 1 0 1 0 1 0 1 0 1 0 1 0 1 0 1 0 1 0 1 0 1 0 1 0 1 0 1 0 1 0 1 0 1 0 1 0 1 0 1 0 1 0 1 0 1 0 1 0 1 0 1 0 1 0 1 0 1 0 1 0 1 0 1 0 1 0 1 0 1 0 1 0 1 0 1 0 1 0 1 0 1 0 1 0 1 0 1 0 1 0 1 0 1 0 1 0 1 0 1 0 1 0 1 0 1 0 1 0 1 0 1 0 1 0 1 0 1 0 1 0 1 0 1 0 1 0 1 0 1 0 1 0 1 0 1 0 1 0 1 0 1 0 1 0 1 0 1 0 1 0 1 0 1 0 1 0 1 0 1 0 1 0 1 0 1 0 1 0 1 0 1 0 1 0 1 0 1 0 1 0 1 0 1 0 1 0 1 0 1 0 1 0 1 0 1 0 1 0 1 0 1 0 1 0 1 0 1 0 1 0 1 0 1 0 1 0 1 0 1 0 1 0 1 0 1 0 1 0 1 0 1 0 1 0 1 0 1 0 1 0 1 0 1 0 1 0 1 0 1 0 1 0 1 0 1 0 1 0 1 0 1 0 1 0 1 0 1 0 1 0 1 0 1 0 1 0 1 0 1 0 1 0 1 0 1 0 1 0 1 0 1 0 1 0 1 0 1 0 1 0 1 0 1 0 1 0 1 0 1 0 1 0 1 0 1 0 1 0 1 0 1 0 1 0 1 0 1 0 1 0 1 0 1 0 1 0 1 0 1 0 1 0 1 0 1 0 1 0 1 0 1 0 1 0 1 0 1 0 1 0 1 0 1 0 1 0 1 0 1 0 1 0 1 0 1 0 1 0 1 0 1 0 1 0 1 0 1 0 1 0 1 0 1 0 1 0 1 0 1 0 1 0 1 0 1 0 1 0 1 0 1 0 1 0 1 0 1 0 1 0 1 0 1 0 1 0 1 0 1 0 1 0 1 0 1 0 1 0 1 0 1 0 1 0 1 0 1 0 1 0 1 0 1 0 1 0 1 0 1 0 1 0 1 0 1 0 1 0 1 0 1 0 1 0 1 0 1 0 1 0 1 0 1 0 1 0 1 0 1 0 1 0 1 0 1 0 1 0 1 0 1 0 1 0 1 0 1 0 1 0 1 0 1 0 1 0 1 0 1 0 1 0 1 0 1 0 1 0 1 0 1 0 1 0 1 0 1 0 1 0 1 0 1 0 1 0 1 0 1 0 1 0 1 0 1 0 1 0 1 0 1 0 1 0 1 0 1 0 1 0 1 0 1 0 1 0 1 0 1 0 1 0 1 0 1 0 1 0 1 0 1 0 1 0 1 0 1 0 1 0 1 0 1 0 1 0 1 0 1 0 1 0 1 0 1 0 1 0 1 0 1 0 1 0 1 0 1 0 1 0 1 0 1 0 1 0 1 0 1 0 1 0 1 0 1 0 1 0 1 0 1 0 1 0 1 0 1 0 1 0 1 0 1 0 1 0 1 0 1 0 1 0 1 0 1 0 1 0 1 0 1 0 1 0 1 0 1 0 1 0 1 0 1 0 1 0 1 0 1 0 1 0 1 0 1 0 1 0 1 0 1 0 1 0 1 0 1 0 1 0 1 0 1 0 1 0 1 0 1 0 1 0 1 0 1 0 1 0 1 0 1 0 1 0 1 0 1 0 1 0 1 0 1 0 1 0 1 0 1 0 1 0 1 0 1 0 1 0 1 0 1 0 1 0 1 0 1 0 1 0 1 0 1 0 1 0 1 0 1 0 1 0 1 0 1 0 1 0 1 0 1 0 1 0 1 0 1 0 1 0 1 0 1 0 1 0 1 0 1 0 1 0 1 0 1 0 1 0 1 0 1 0 1 0 1 0 1 0 1 0 1 0 1 0 1 0 1 0 1 0 1 0 1 0 1 0 1 0 1 0 1 0 1 0 1 0 1 0 1 0 1 0 1 0 1 0 1 0 1 0 1 0 1 0 1 0 1 0 1 0 1 0 1 0 1 0 1 0 1 0 1 0 1 0 1 0 1 0 1 0 1 0 1 0 1 0 1 0 1 0 1 0 1 0 1 0 1 0 1 0 1 0 1 0 1 0 1 0 1 0 1 0 1 0 1 0 1 0 1 0 1 0 1 0 1 0 1 0 1 0 1 0 1 0 1 0 1 0 1 0 1 0 1 0 1 0 1 0 1 0 1 0 1 0 1 0 1 0 1 0 1 0 1 0 1 0 1 0 1 0 1 0 1 0 1 0 1 0 1 0 1 0 1 0 1 0 1 0 1 0 1 0 1 0 1 0 1 0 1 0 1 0 1 0 1 0 1 0 1 0 1 0 1 0 1 0 1 0 1 0 1 0 1 0 1 0 1 0 1 0 1 0 1 0 1 0 1 0 1 0 1 0 1 0 1 0 1 0 1 0 1 0 1 0 1 0 1 0 1 0 1 0 1 0 1 0 1 0 1 0 1 0 1 0 1 0 1 0 1 0 1 0 1 0 1 0 1 0 1 0 1 0 1 0 1 0 1 0 1 0 1 0 1 0 1 0 1 0 1 0 1 0 1 0 1 0 1 0 1 0 1 0 1 0 1 0 1 0 1 0 1 0 1 0 1 0 1 0 1 0 1 0 1 0 1 0 1 0 1 0 1 0 1 0 1 0 1 0 1 0 1 0 1 0 1 0 1 0 1 0 1 0 1 0 1 0 1 0 1 0 1 0 1 0 1 0 1 0 1 0 1 0 1 0 1 0 1 0 1 0 1 0 1 0 1 0 1 0 1 0 1 0 1 0 1 0 1 0 1 0 1 0 1 0 1 0 1 0 1 0 1 0 1 0 1 0 1 0 1 0 1 0 1 0 1 0 1 0 1 0 1 0 1 0 1 0 1 0 1 0 1 0 1 0 1 0 1 0 1 0 1 0 1 0 1 0 1 0 1 0 1 0 1 0 1 0 1 0 1 0 1 0 1 0 1 0 1 0 1 0 1 0 1 0 1 0 1 0 1 0 1 0 1 0 1 0 1 0 1 0 1 0 1 0 1 0 1 0 1 0 1 0 1 0 1 0 1 0 1 0 1 0 1 0 1 0 1 0 1 0 1 0 1 0 1 0 1 0 1 0 1 0 1 0 1 0 1 0 1 0 1 0 1 0 1 0 1 0 1 0 1 0 1 0 1 0 1 0 1 0 1 0 1 0 1 0 1 0 1 0 1 0 1 0 1 0 1 0 1 0 1 0 1 0 1 0 1 0 1 0 1 0 1 0 1 0 1 0 1 0 1 0 1 0 1 0 1 0 1 0 1 0 1 0 1 0 1 0 1 0 1 0 1 0 1 0 1 0 1 0 1 0 1 0 1 0 1 0 1 0 1 0 1 0 1 0 1 0 1 0 1 0 1 0 1 0 1 0 1 0 1 0 1 0 1 0 1 0 1 0 1 0 1 0 1 0 1 0 1 0 1 0 1 0 1 0 1 0 1 0 1 0 1 0 1 0 1 0 1 0 1 0 1 0 1 0 1 0 1 0 1 0 1 0 1 0 1 0 1 0 1 0 1 0 1 0 1 0 1 0 1 0 1 0 1 0 1 0 1 0 1 0 1 0 1 0 1 0 1 0 1 0 1 0 1 0 1 0 1 0 1 0 1 0 1 0 1 0 1 0 1 0 1 0 1 0 1 0 1 0 1 0 1 0 1 0 1 0 1 0 1 0 1 0 1 0 1 0 1 0 1 0 1 0 1 0 1 0 1 0 1 0 1 0 1 0 1 0 1 0 1 0 1 0 1 0 1 0 1 0 1 0 1 0 1 0 1 0 1 0 1 0 1 0 1 0 1 0 1 0 1 0 1 0 1 0 1 0 1 0 1 0 1 0 1 0 1 0 1 0 1 0 1 0 1 0 1 0 1 0 1 0 1 0 1 0 1 0 1 0 1 0 1 0 1 0 1 0 1 0 1 0 1 0 1 0 1 0 1 0 1 0 1 0 1 0 1 0 1 0 1 0 1 0 1 0 1 0 1 0 1 0 1 0 1 0 1 0 1 0 1 0 1 0 1 0 1 0 1 0 1 0 1 0 1 0 1 0 1 0 1 0 1 0 1 0 1 0 1 0 1 0 1 0 1 0 1 0 1 0 1 0 1 0 1 0 1 0 1 0 1 0 1 0 1 0 1 0 1 0 1 0 1 0 1 0 1 0 1 0 1 0 1 0 1 0 1 0 1 0 1 0 1 0 1 0 1 0 1 0 1 0 1 0 1 0 1 0 1 0 1 0 1 0 1 0 1 0 1 0 1 0 1 0 1 0 1 0 1 0 1 0 1 0 1 0 1 0 1 0 1 0 1 0 1 0 1 0 1 0 1 0 1 0 1 0 1 0 1 0 1 0 1 0 1 0 1 0 1 0 1 0 1 0 1 0 1 0 1 0 1 0 1 0 1 0 1 0 1 0 1 0 1 0 1 0 1 0 1 0 1 0 1 0 1 0 1 0 1 0 1 0 1 0 1 0 1 0 1 0 1 0 1 0 1 0 1 0 1 0 1 0 1 0 1 0 1 0 1 0 1 0 1 0 1 0 1 0 1 0 1 0 1 0 1 0 1 0 1 0 1 0 1 0 1 0 1 0 1 0 1 0 1 0 1 0 1 0 1 0 1 0 1 0 1 0 1 0 1 0 1 0 1 0 1 0 1 0 1 0 1 0 1 0 1 0 1 0 1 0 1 0 1 0 1 0 1 0 1 0 1 0 1 0 1 0 1 0 1 0 1 0 1 0 1 0 1 0 1 0 1 0 1 0 1 0 1 0 1 0 1 0 1 0 1 0 1 0 1 0 1 0 1 0 1 0 1 0 1 0 1 0 1 0 1 0 1 0 1 0 1 0 1 0 1 0 1 0 1 0 1 0 1 0 1 0 1 0 1 0 1 0 1 0 1 0 1 0 1 0 1 0 1 0 1 0 1 0 1 0 1 0 1 0 1 0 1 0 1 0 1 0 1 0 1 0 1 0 1 0 1 0 1 0 1 0 1 0 1 0 1 0 1 0 1 0 1 0 1 0 1 0 1 0 1 0 1 0 1 0 1 0 1 0 1 0 1 0 1 0 1 0 1 0 1 0 1 0 1 0 1 0 1 0 1 0 1 0 1 0 1 0 1 0 1 0 1 0 1 0 1 0 1 0 1 0 1 0 1 0 1 0 1 0 1 0 1 0 1 0 1 0 1 0 1 0 1 0 1 0 1 0 1 0 1 0 1 0 1 0 1 0 1 0 1 0 1 0 1 0 1 0 1 0 1 0 1 0 1 0 1 0 1 0 1 0 1 0 1 0 1 0 1 0 1 0 1 0 1 0 1 0 1 0 1 0 1 0 1 0 1 0 1 0 1 0 1 0 1 0 1 0 1 0 1 0 1 0 1 0 1 0 1 0 1 0 1 0 1 0 1 0 1 0 1 0 1 0 1 0 1 0 1 0 1 0 1 0 1 0 1 0 1 0 1 0 1 0 1 0 1 0 1 0 1 0 1 0 1 0 1 0 1 0 1 0 1 0 1 0 1 0 1 0 1 0 1 0 1 0 1 0 1 0 1 0 1 0 1 0 1 0 1 0 1 0 1 0 1 0 1 0 1 0 1 0 1 0 1 0 1 0 1 0 1 0 1 0 1 0 1 0 1 0 1 0 1 0 1 0 1 0 1 0 1 0 1 0 1 0 1 0 1 0 1 0 1 0 1 0 1 0 1 0 1 0 1 0 1 0 1 0 1 0 1 0 1 0 1 0 1 0 1 0 1 0 1 0 1 0 1 0 1 0 1 0 1 0 1 0 1 0 1 0 1 0 1 0 1 0 1 0 1 0 1 0 1 0 1 0 1 0 1 0 1 0 1 0 1 0 1 0 1 0 1 0 1 0 1 0 1 0 1 0 1 0 1 0 1 0 1 0 1 0 1 0 1 0 1 0 1 0 1 0 1 0 1 0 1 0 1 0 1 0 1 0 1 0 1 0 1 0 1 0 1 0 1 0 1 0 1 0 1 0 1 0 1 0 1 0 1 0 1 0 1 0 1 0 1 0 1 0 1 0 1 0 1 0 1 0 1 0 1 0 1 0 1 0 1 0 1 0 1 0 1 0 1 0 1 0 1 0 1 0 1 0 1 0 1 0 1 0 1 0 1 0 1 0 1 0 1 0 1 0 1 0 1 0 1 0 1 0 1 0 1 0 1 0 1 0 1 0 1 0 1 0 1 0 1 0 1 0 1 0 1 0 1 0 1 0 1 0 1 0 1 0 1 0 1 0 1 0 1 0 1 0 1 0 1 0 1 0 1 0 1 0 1 0 1 0 1 0 1 0 1 0 1 0 1 0 1 0 1 0 1 0 1 0 1 0 1 0 1 0 1 0 1 0 1 0 1 0 1 0 1 0 1 0 1 0 1 0 1 0 1 0 1 0 1 0 1 0 1 0 1 0 1 0 1 0 1 0 1 0 1 0 1 0 1 0 1 0 1 0 1 0 1 0 1 0 1 0 1 0 1 0 1 0 1 0 1 0 1 0 1 0 1 0 1 0 1 0 1 0 1 0 1 0 1 0 1 0 1 0 1 0 1 0 1 0 1 0 1 0 1 0 1 0 1 0 1 0 1 0 1 0 1 0 1 0 1 0 1 0 1 0 1 0 1 0 1 0 1 0 1 0 1 0 1 0 1 0 1 0 1 0 1 0 1 0 1 0 1 0 1 0 1 0 1 0 1 0 1 0 1 0 1 0 1 0 1 0 1 0 1 0 1 0 1 0 1 0 1 0 1 0 1 0 1 0 1 0 1 0 1 0 1 0 1 0 1 0 1 0 1 0 1 0 1 0 1 0 1 0 1 0 1 0 1 0 1 0 1 0 1 0 1 0 1 0 1 0 1 0 1 0 1 0 1 0 1 0 1 0 1 0 1 0 1 0 1 0 1 0 1 0 1 0 1 0 1 0 1 0 1 0 1 0 1 0 1 0 1 0 1 0 1 0 1 0 1 0 1 0 1 0 1 0 1 0 1 0 1 0 1 0 1 0 1 0 1 0 1 0 1 0 1 0 1 0 1 0 1 0 1 0 1 0 1 0 1 0 1 0 1 0 1 0 1 0 1 0 1 0 1 0 1 0 1 0 1 0 1 0 1 0 1 0 1 0 1 0 1 0 1 0 1 0 1 0 1 0 1 0 1 0 1 0 1 0 1 0 1 0 1 0 1 0 1 0 1 0 1 0 1 0 1 0 1 0 1 0 1 0 1 0 1 0 1 0 1 0 1 0 1 0 1 0 1 0 1 0 1 0 1 0 1 0 1 0 1 0 1 0 1 0 1 0 1 0 1 0 1 0 1 0 1 0 1 0 1 0 1 0 1 0 1 0 1 0 1 0 1 0 1 0 1 0 1 0 1 0 1 0 1 0 1 0 1 0 1 0 1 0 1 0 1 0 1 0 1 0 1 0 1 0 1 0 1 0 1 0 1 0 1 0 1 0 1 0 1 0 1 0 1 0 1 0 1 0 1 0 1 0 1 0 1 0 1 0 1 0 1 0 1 0 1 0 1 0 1 0 1 0 1 0 1 0 1 0 1 0 1 0 1 0 1 0 1 0 1 0 1 0 1 0 1 0 1 0 1 0 1 0 1 0 1 0 1 0 1 0 1 0 1 0 1 0 1 0 1 0 1 0 1 0 1 0 1 0 1 0 1 0 1 0 1 0 1 0 1 0 1 0 1 0 1 0 1 0 1 0 1 0 1 0 1 0 1 0 1 0 1 0 1 0 1 0 1 0 1 0 1 0 1 0 1 0 1 0 1 0 1 0 1 0 1 0 1 0 1 0 1 0 1 0 1 0 1 0 1 0 1 0 1 0 1 0 1 0 1 0 1 0 1 0 1 0 1 0 1 0 1 0 1 0 1 0 1 0 1 0 1 0 1 0 1 0 1 0 1 0 1 0 1 0 1 0 1 0 1 0 1 0 1 0 1 0 1 0 1 0 1 0 1 0 1 0 1 0 1 0 1 0 1 0 1 0 1 0 1 0 1 0 1 0 1 0 1 0 1 0 1 0 1 0 1 0 1 0 1 0 1 0 1 0 1 0 1 0 1 0 1 0 1 0 1 0 1 0 1 0 1 0 1 0 1 0 1 0 1 0 1 0 1 0 1 0 1 0 1 0 1 0 1 0 1 0 1 0 1 0 1 0 1 0 1 0 1 0 1 0 1 0 1 0 1 0 1 0 1 0 1 0 1 0 1 0 1 0 1 0 1 0 1 0 1 0 1 0 1 0 1 0 1 0 1 0 1 0 1 0 1 0 1 0 1 0 1 0 1 0 1 0 1 0 1 0 1 0 1 0 1 0 1 0 1 0 1 0 1 0 1 0 1 0 1 0 1 0 1 0 1 0 1 0 1 0 1 0 1 0 1 0 1 0 1 0 1 0 1 0 1 0 1 0 1 0 1 0 1 0 1 0 1 0 1 0 1 0 1 0 1 0 1 0 1 0 1 0 1 0 1 0 1 0 1 0 1 0 1 0 1 0 1 0 1 0 1 0 1 0 1 0 1 0 1 0 1 0 1 0 1 0 1 0 1 0 1 0 1 0 1 0 1 0 1 0 1 0 1 0 1 0 1 0 1 0 1 0 1 0 1 0 1 0 1 0 1 0 1 0 1 0 1 0 1 0 1 0 1 0 1 0 1 0 1 0 1 0 1 0 1 0 1 0 1 0 1 0 1 0 1 0 1 0 1 0 1 0 1 0 1 0 1 0 1 0 1 0 1 0 1 0 1 0 1 0 1 0 1 0 1 0 1 0 1 0 1 0 1 0 1 0 1 0 1 0 1 0 1 0 1 0 1 0 1 0 1 0 1 0 1 0 1 0 1 0 1 0 1 0 1 0 1 0 1 0 1 0 1 0 1 0 1 0 1 0 1 0 1 0 1 0 1 0 1 0 1 0 1 0 1 0 1 0 1 0 1 0 1 0 1 0 1 0 1 0 1 0 1 0 1 0 1 0 1 0 1 0 1 0 1 0 1 0 1 0 1 0 1 0 1 0 1 0 1 0 1 0 1 0 1 0 1 0 1 0 1 0 1 0 1 0 1 0 1 0 1 0 1 0 1 0 1 0 1 0 1 0 1 0 1 0 1 0 1 0 1 0 1 0 1 0 1 0 1 0 1 0 1 0 1 0 1 0 1 0 1 0 1 0 1 0 1 0 1 0 1 0 1 0 1 0 1 0 1 0 1 0 1 0 1 0 1 0 1 0 1 0 1 0 1 0 1 0 1 0 1 0 1 0 1 0 1 0 1 0 1 0 1 0 1 0 1 0 1 0 1 0 1 0 1 0 1 0 1 0 1 0 1 0 1 0 1 0 1 0 1 0 1 0 1 0 1 0 1 0 1 0 1 0 1 0 1 0 1 0 1 0 1 0 1 0 1 0 1 0 1 0 1 0 1 0 1 0 1 0 1 0 1 0 1 0 1 0 1 0 1 0 1 0 1 0 1 0 1 0 1 0 1 0 1 0 1 0 1 0 1 0 1 0 1 0 1 0 1 0 1 0 1 0 1 0 1 0 1 0 1 0 1 0 1 0 1 0 1 0 1 0 1 0 1 0 1 0 1 0 1 0 1 0 1 0 1 0 1 0 1 0 1 0 1 0 1 0 1 0 1 0 1 0 1 0 1 0 1 0 1 0 1 0 1 0 1 0 1 0 1 0 1 0 1 0 1 0 1 0 1 0 1 0 1 0 1 0 1 0 1 0 1 0 1 0 1 0 1 0 1 0 1 0 1 0 1 0 1 0 1 0 1 0 1 0 1 0 1 0 1 0 1 0 1 0 1 0 1 0 1 0 1 0 1 0 1 0 1 0 1 0 1 0 1 0 1 0 1 0 1 0 1 0 1 0 1 0 1 0 1 0 1 0 1 0 1 0 1 0 1 0 1 0 1 0 1 0 1 0 1 0 1 0 1 0 1 0 1 0 1 0 1 0 1 0 1 0 1 0 1 0 1 0 1 0 1 0 1 0 1 0 1 0 1 0 1 0 1 0 1 0 1 0 1 0 1 0 1 0 1 0 1 0 1 0 1 0 1 0 1 0 1 0 1 0 1 0 1 0 1 0 1 0 1 0 1 0 1 0 1 0 1 0 1 0 1 0 1 0 1 0 1 0 1 0 1 0 1 0 1 0 1 0 1 0 1 0 1 0 1 0 1 0 1 0 1 0 1 0 1 0 1 0 1 0 1 0 1 0 1 0 1 0 1 0 1 0 1 0 1 0 1 0 1 0 1 0 1 0 1 0 1 0 1 0 1 0 1 0 1 0 1 0 1 0 1 0 1 0 1 0 1 0 1 0 1 0 1 0 1 0 1 0 1 0 1 0 1 0 1 0 1 0 1 0 1 0 1 0 1 0 1 0 1 0 1 0 1 0 1 0 1 0 1 0 1 0 1 0 1 0 1 0 1 0 1 0 1 0 1 0 1 0 1 0 1 0 1 0 1 0 1 0 1 0 1 0 1 0 1 0 1 0 1 0 1 0 1 0 1 0 1 0 1 0 1 0 1 0 1 0 1 0 1 0 1 0 1 0 1 0 1 0 1 0 1 0 1 0 1 0 1 0 1 0 1 0 1 0 1 0 1 0 1 0 1 0 1 0 1 0 1 0 1 0 1 0 1 0 1 0 1 0 1 0 1 0 1 0 1 0 1 0 1 0 1 0 1 0 1 0 1 0 1 0 1 0 1 0 1 0 1 0 1 0 1 0 1 0 1 0 1 0 1 0 1 0 1 0 1 0 1 0 1 0 1 0 1 0 1 0 1 0 1 0 1 0 1 0 1 0 1 0 1 0 1 0 1 0 1 0 1 0 1 0 1 0 1 0 1 0 1 0 1 0 1 0 1 0 1 0 1 0 1 0 1 0 1 0 1 0 1 0 1 0 1 0 1 0 1 0 1 0 1 0 1 0 1 0 1 0 1 0 1 0 1 0 1 0 1 0 1 0 1 0 1 0 1 0 1 0 1 0 1 0 1 0 1 0 1 0 1 0 1 0 1 0 1 0 1 0 1 0 1 0 1 0 1 0 1 0 1 0 1 0 1 0 1 0 1 0 1 0 1 0 1 0 1 0 1 0 1 0 1 0 1 0 1 0 1 0 1 0 1 0 1 0 1 0 1 0 1 0 1 0 1 0 1 0 1 0 1 0 1 0 1 0 1 0 1 0 1 0 1 0 1 0 1 0 1 0 1 0 1 0 1 0 1 0 1 0 1 0 1 0 1 0 1 0 1 0 1 0 1 0 1 0 1 0 1 0 1 0 1 0 1 0 1 0 1 0 1 0 1 0 1 0 1 0 1 0 1 0 1 0 1 0 1 0 1 0 1 0 1 0 1 0 1 0 1 0 1 0 1 0 1 0 1 0 1 0 1 0 1 0 1 0 1 0 1 0 1 0 1 0 1 0 1 0 1 0 1 0 1 0 1 0 1 0 1 0 1 0 1 0 1 0 1 0 1 0 1 0 1 0 1 0 1 0 1 0 1 0 1 0 1 0 1 0 1 0 1 0 1 0 1 0 1 0 1 0 1 0 1 0 1 0 1 0 1 0 1 0 1 0 1 0 1 0 1 0 1 0 1 0 1 0 1 0 1 0 1 0 1 0 1 0 1 0 1 0 1 0 1 0 1 0 1 0 1 0 1 0 1 0 1 0 1 0 1 0 1 0 1 0 1 0 1 0 1 0 1 0 1 0 1 0 1 0 1 0 1 0 1 0 1 0 1 0 1 0 1 0 1 0 1 0 1 0 1 0 1 0 1 0 1 0 1 0 1 0 1 0 1 0 1 0 1 0 1 0 1 0 1 0 1 0 1 0 1 0 1 0 1 0 1 0 1 0 1 0 1 0 1 0 1 0 1 0 1 0 1 0 1 0 1 0 1 0 1 0 1 0 1 0 1 0 1 0 1 0 1 0 1 0 1 0 1 0 1 0 1 0 1 0 1 0 1 0 1 0 1 0 1 0 1 0 1 0 1 0 1 0 1 0 1 0 1 0 1 0 1 0 1 0 1 0 1 0 1 0 1 0 1 0 1 0 1 0 1 0 1 0 1 0 1 0 1 0 1 0 1 0 1 0 1 0 1 0 1 0 1 0 1 0 1 0 1 0 1 0 1 0 1 0 1 0 1 0 1 0 1 0 1 0 1 0 1 0 1 0 1 0 1 0 1 0 1 0 1 0 1 0 1 0 1 0 1 0 1 0 1 0 1 0 1 0 1 0 1 0 1 0 1 0 1 0 1 0 1 0 1 0 1 0 1 0 1 0 1 0 1 0 1 0 1 0 1 0 1 0 1 0 1 0 1 0 1 0 1 0 1 0 1 0 1 0 1 0 1 0 1 0 1 0 1 0 1 0 1 0 1 0 1 0 1 0 1 0 1 0 1 0 1 0 1 0 1 0 1 0 1 0 1 0 1 0 1 0 1 0 1 0 1 0 1 0 1 0 1 0 1 0 1 0 1 0 1 0 1 0 1 0 1 0 1 0 1 0 1 0 1 0 1 0 1 0 1 0 1 0 1 0 1 0 1 0 1 0 1 0 1 0 1 0 1 0 1 0 1 0 1 0 1 0 1 0 1 0 1 0 1 0 1 0 1 0 1 0 1 0 1 0 1 0 1 0 1 0 1 0 1 0 1 0 1 0 1 0 1 0 1 0 1 0 1 0 1 0 1 0 1 0 1 0 1 0 1 0 1 0 1 0 1 0 1 0 1 0 1 0 1 0 1 0 1 0 1 0 1 0 1 0 1 0 1 0 1 0 1 0 1 0 1 0 1 0 1 0 1 0 1 0 1 0 1 0 1 0 1 0 1 0 1 0 1 0 1 0 1 0 1 0 1 0 1 0 1 0 1 0 1 0 1 0 1 0 1 0 1 0 1 0 1 0 1 0 1 0 1 0 1 0 1 0 1 0 1 0 1 0 1 0 1 0 1 0 1 0 1 0 1 0 1 0 1 0 1 0 1 0 1 0 1 0 1 0 1 0 1 0 1 0 1 0 1 0 1 0 1 0 1 0 1 0 1 0 1 0 1 0 1 0 1 0 1 0 1 0 1 0 1 0 1 0 1 0 1 0 1 0 1 0 1 0 1 0 1 0 1 0 1 0 1 0 1 0 1 0 1 0 1 0 1 0 1 0 1 0 1 0 1 0 1 0 1 0 1 0 1 0 1 0 1 0 1 0 1 0 1 0 1 0 1 0 1 0 1 0 1 0 1 0 1 0 1 0 1 0 1 0 1 0 1 0 1 0 1 0 1 0 1 0 1 0 1 0 1 0 1 0 1 0 1 0 1 0 1 0 1 0 1 0 1 0 1 0 1 0 1 0 1 0 1 0 1 0 1 0 1 0 1 0 1 0 1 0 1 0 1 0 1 0 1 0 1 0 1 0 1 0 1 0 1 0 1 0 1 0 1 0 1 0 1 0 1 0 1 0 1 0 1 0 1 0 1 0 1 0 1 0 1 0 1 0 1 0 1 0 1 0 1 0 1 0 1 0 1 0 1 0 1 0 1 0 1 0 1 0 1 0 1 0 1 0 1 0 1 0 1 0 1 0 1 0 1 0 1 0 1 0 1 0 1 0 1 0 1 0 1 0 1 0 1 0 1 0 1 0 1 0 1 0 1 0 1 0 1 0 1 0 1 0 1 0 1 0 1 0 1 0 1 0 1 0 1 0 1 0 1 0 1 0 1 0 1 0 1 0 1 0 1 0 1 0 1 0 1 0 1 0 1 0 1 0 1 0 1 0 1 0 1 0 1 0 1 0 1 0 1 0 1 0 1 0 1 0 1 0 1 0 1 0 1 0 1 0 1 0 1 0 1 0 1 0 1 0 1 0 1 0 1 0 1 0 1 0 1 0 1 0 1 0 1 0 1 0 1 0 1 0 1 0 1 0 1 0 1 0 1 0 1 0 1 0 1 0 1 0 1 0 1 0 1 0 1 0 1 0 1 0 1 0 1 0 1 0 1 0 1 0 1 0 1 0 1 0 1 0 1 0 1 0 1 0 1 0 1 0 1 0 1 0 1 0 1 0 1 0 1 0 1 0 1 0 1 0 1 0 1 0 1 0 1 0 1 0 1 0 1 0 1 0 1 0 1 0 1 0 1 0 1 0 1 0 1 0 1 0 1 0 1 0 1 0 1 0 1 0 1 0 1 0 1 0 1 0 1 0 1 0 1 0 1 0 1 0 1 0 1 0 1 0 1 0 1 0 1 0 1 0 1 0 1 0 1 0 1 0 1 0 1 0 1 0 1 0 1 0 1 0 1 0 1 0 1 0 1 0 1 0 1 0 1 0 1 0 1 0 1 0 1 0 1 0 1 0 1 0 1 0 1 0 1 0 1 0 1 0 1 0 1 0 1 0 1 0 1 0 1 0 1 0 1 0 1 0 1 0 1 0 1 0 1 0 1 0 1 0 1 0 1 0 1 0 1 0 1 0 1 0 1 0 1 0 1 0 1 0 1 0 1 0 1 0 1 0 1 0 1 0 1 0 1 0 1 0 1 0 1 0 1 0 1 0 1 0 1 0 1 0 1 0 1 0 1 0 1 0 1 0 1 0 1 0 1 0 1 0 1 0 1 0 1 0 1 0 1 0 1 0 1 0 1 0 1 0 1 0 1 0 1 0 1 0 1 0 1 0 1 0 1 0 1 0 1 0 1 0 1 0 1 0 1 0 1 0 1 0 1 0 1 0 1 0 1 0 1 0 1 0 1 0 1 0 1 0 1 0 1 0 1 0 1 0 1 0 1 0 1 0 1 0 1 0 1 0 1 0 1 0 1 0 1 0 1 0 1 0 1 0 1 0 1 0 1 0 1 0 1 0 1 0 1 0 1 0 1 0 1 0 1 0 1 0 1 0 1 0 1 0 1 0 1 0 1 0 1 0 1 0 1 0 1 0 1 0 1 0 1 0 1 0 1 0 1 0 1 0 1 0 1 0 1 0 1 0 1 0 1 0 1 0 1 0 1 0 1 0 1 0 1 0 1 0 1 0 1 0 1 0 1 0 1 0 1 0 1 0 1 0 1 0 1 0 1 0 1 0 1 0 1 0 1 0 1 0 1 0 1 0 1 0 1 0 1 0 1 0 1 0 1 0 1 0 1 0 1 0 1 0 1 0 1 0 1 0 1 0 1 0 1 0 1 0 1 0 1 0 1 0 1 0 1 0 1 0 1 0 1 0 1 0 1 0 1 0 1 0 1 0 1 0 1 0 1 0 1 0 1 0 1 0 1 0 1 0 0 0 0 0 0 0 0 0 0 0 0 0 0 0 0 0 0 0 0 0 0 0 0 0 0 0 0 0 0 0 0 0 0 0 0 0 0 0 0 0 0 0 0 0 0 0 0 0 0 0 0 0 0 0 0 0 0 0 0 0 0 0 0 0 0 0 0 0 0 0 0 0 0 0 0 0 0 0 0 0 0 0 0 0 0 0 0 0 0 0 0 0 0 0 0 0 0 0 0 0 0 0 0 0 0 0 0 0 0 0 0 0 0 0 0 0 0 0 0</float_array>
          <technique_common>
            <accessor source="#Cube_003-mesh-map-2-array" count="8127" stride="2">
              <param name="S" type="float"/>
              <param name="T" type="float"/>
            </accessor>
          </technique_common>
        </source>
        <vertices id="Cube_003-mesh-vertices">
          <input semantic="POSITION" source="#Cube_003-mesh-positions"/>
        </vertices>
        <triangles material="boot_ok_0-material" count="2709">
          <input semantic="VERTEX" source="#Cube_003-mesh-vertices" offset="0"/>
          <input semantic="NORMAL" source="#Cube_003-mesh-normals" offset="1"/>
          <input semantic="TEXCOORD" source="#Cube_003-mesh-map-0" offset="2" set="0"/>
          <input semantic="TEXCOORD" source="#Cube_003-mesh-map-1" offset="2" set="1"/>
          <input semantic="TEXCOORD" source="#Cube_003-mesh-map-2" offset="2" set="2"/>
          <p>1621 0 0 3338 1 1 1625 2 2 3338 1 3 1621 0 4 3339 3 5 511 4 6 1608 5 7 1610 6 8 1608 5 9 511 4 10 26 7 11 510 8 12 1610 6 13 1611 9 14 1610 6 15 510 8 16 511 4 17 1614 5 18 1611 9 19 1612 5 20 1611 9 21 1614 5 22 510 8 23 3343 10 24 26 7 25 511 4 26 26 7 27 3343 10 28 3344 11 29 3346 12 30 513 13 31 512 14 32 513 13 33 3346 12 34 2410 15 35 1616 5 36 510 8 37 1614 5 38 510 8 39 1616 5 40 2411 16 41 1629 17 42 3344 11 43 3343 10 44 3344 11 45 1629 17 46 1631 18 47 1619 19 48 3343 10 49 2411 16 50 3343 10 51 1619 19 52 1629 17 53 1617 5 54 2411 16 55 1616 5 56 2411 16 57 1617 5 58 1619 19 59 25 20 60 9 21 61 1609 22 62 11 23 63 25 20 64 3340 24 65 25 20 66 11 23 67 9 21 68 3340 24 69 1613 25 70 11 23 71 3341 26 72 1615 26 73 12 26 74 16 27 75 19 28 76 1623 29 77 19 28 78 16 27 79 13 30 80 1623 29 81 1618 31 82 16 27 83 1624 32 84 1620 32 85 18 33 86 1628 34 87 1622 35 88 1626 36 89 21 37 90 22 38 91 17 38 92 1626 36 93 1630 39 94 1628 34 95 1627 40 96 3345 41 97 23 42 98 3342 43 99 20 44 100 3337 45 101 20 44 102 3342 43 103 24 46 104 3337 45 105 10 47 106 3342 43 107 29 48 108 28 49 109 27 50 110 30 51 111 28 49 112 29 48 113 1633 52 114 28 49 115 1632 53 116 1635 54 117 28 49 118 1633 52 119 1636 55 120 28 49 121 1635 54 122 27 50 123 28 49 124 1636 55 125 1637 56 126 27 50 127 1636 55 128 1639 57 129 27 50 130 1637 56 131 1640 58 132 27 50 133 1639 57 134 29 48 135 27 50 136 1640 58 137 1641 59 138 29 48 139 1640 58 140 1643 60 141 29 48 142 1641 59 143 1644 61 144 29 48 145 1643 60 146 30 51 147 29 48 148 1644 61 149 1645 62 150 30 51 151 1644 61 152 1647 63 153 30 51 154 1645 62 155 1632 53 156 30 51 157 1647 63 158 28 49 159 30 51 160 1632 53 161 1648 64 162 31 65 163 43 66 164 1634 67 165 31 65 166 1648 64 167 45 68 168 32 69 169 44 70 170 33 71 171 32 69 172 45 68 173 46 72 174 33 71 175 45 68 176 34 73 177 33 71 178 46 72 179 1649 74 180 34 73 181 46 72 182 1638 75 183 34 73 184 1649 74 185 48 76 186 35 77 187 47 78 188 36 79 189 35 77 190 48 76 191 49 80 192 36 79 193 48 76 194 37 81 195 36 79 196 49 80 197 1650 82 198 37 81 199 49 80 200 1642 83 201 37 81 202 1650 82 203 51 84 204 38 85 205 50 86 206 39 87 207 38 85 208 51 84 209 52 88 210 39 87 211 51 84 212 40 89 213 39 87 214 52 88 215 1651 90 216 40 89 217 52 88 218 1646 91 219 40 89 220 1651 90 221 54 92 222 41 93 223 53 94 224 42 95 225 41 93 226 54 92 227 43 66 228 42 95 229 54 92 230 31 65 231 42 95 232 43 66 233 57 96 234 56 97 235 55 98 236 58 99 237 56 97 238 57 96 239 1653 100 240 56 97 241 1652 101 242 1655 102 243 56 97 244 1653 100 245 1656 103 246 56 97 247 1655 102 248 55 98 249 56 97 250 1656 103 251 1657 104 252 55 98 253 1656 103 254 1659 105 255 55 98 256 1657 104 257 1660 106 258 55 98 259 1659 105 260 57 96 261 55 98 262 1660 106 263 1661 107 264 57 96 265 1660 106 266 1663 108 267 57 96 268 1661 107 269 1664 109 270 57 96 271 1663 108 272 58 99 273 57 96 274 1664 109 275 1665 110 276 58 99 277 1664 109 278 1667 111 279 58 99 280 1665 110 281 1652 101 282 58 99 283 1667 111 284 56 97 285 58 99 286 1652 101 287 1668 112 288 59 113 289 71 114 290 1654 115 291 59 113 292 1668 112 293 73 116 294 60 117 295 72 118 296 61 119 297 60 117 298 73 116 299 74 120 300 61 119 301 73 116 302 62 121 303 61 119 304 74 120 305 1669 122 306 62 121 307 74 120 308 1658 123 309 62 121 310 1669 122 311 76 124 312 63 125 313 75 126 314 64 127 315 63 125 316 76 124 317 77 128 318 64 127 319 76 124 320 65 129 321 64 127 322 77 128 323 1670 130 324 65 129 325 77 128 326 1662 131 327 65 129 328 1670 130 329 79 132 330 66 133 331 78 134 332 67 135 333 66 133 334 79 132 335 80 136 336 67 135 337 79 132 338 68 137 339 67 135 340 80 136 341 1671 138 342 68 137 343 80 136 344 1666 139 345 68 137 346 1671 138 347 82 140 348 69 141 349 81 142 350 70 143 351 69 141 352 82 140 353 71 114 354 70 143 355 82 140 356 59 113 357 70 143 358 71 114 359 1687 144 360 3348 145 361 3350 145 362 3350 145 363 3353 144 364 1687 144 365 1672 146 366 1680 147 367 1678 3 368 1678 3 369 3356 148 370 1672 146 371 1673 149 372 1682 150 373 1680 147 374 1680 147 375 1672 146 376 1673 149 377 1676 151 378 1684 152 379 1682 150 380 1682 150 381 1673 149 382 1676 151 383 1674 153 384 1672 146 385 3356 148 386 3356 148 387 102 154 388 1674 153 389 2414 155 390 2413 156 391 2412 157 392 2412 157 393 3358 158 394 2414 155 395 1675 3 396 1676 151 397 1673 149 398 1673 149 399 1677 159 400 1675 3 401 1691 160 402 1674 153 403 102 154 404 102 154 405 1693 161 406 1691 160 407 3359 162 408 1677 159 409 1674 153 410 1674 153 411 1691 160 412 3359 162 413 1690 3 414 1675 3 415 1677 159 416 1677 159 417 3359 162 418 1690 3 419 3351 163 420 1679 163 421 1681 164 422 1683 165 423 3354 166 424 3352 167 425 3352 167 426 93 168 427 1683 165 428 3355 169 429 96 170 430 1685 169 431 97 171 432 95 172 433 87 173 434 90 174 435 1686 175 436 97 171 437 97 171 438 87 173 439 90 174 440 1686 175 441 90 174 442 1689 176 443 1688 177 444 98 177 445 3360 177 446 1692 178 447 3349 179 448 99 180 449 99 180 450 92 181 451 1692 178 452 103 182 453 101 183 454 1694 182 455 3347 184 456 100 185 457 3357 186 458 85 187 459 83 188 460 3347 184 461 3347 184 462 3357 186 463 85 187 464 83 188 465 85 187 466 94 189 467 106 190 468 105 191 469 104 192 470 107 193 471 106 190 472 104 192 473 1695 194 474 1697 195 475 104 192 476 1698 196 477 1695 194 478 104 192 479 1699 197 480 1698 196 481 104 192 482 105 191 483 1699 197 484 104 192 485 1700 198 486 1699 197 487 105 191 488 1702 199 489 1700 198 490 105 191 491 1703 200 492 1702 199 493 105 191 494 106 190 495 1703 200 496 105 191 497 1704 201 498 1703 200 499 106 190 500 1706 202 501 1704 201 502 106 190 503 1707 203 504 1706 202 505 106 190 506 107 193 507 1707 203 508 106 190 509 1708 204 510 1707 203 511 107 193 512 1710 205 513 1708 204 514 107 193 515 1697 195 516 1710 205 517 107 193 518 104 192 519 1697 195 520 107 193 521 1711 206 522 120 207 523 108 208 524 1696 209 525 1711 206 526 108 208 527 122 210 528 121 211 529 109 212 530 110 213 531 122 210 532 109 212 533 123 214 534 122 210 535 110 213 536 111 215 537 123 214 538 110 213 539 1712 216 540 123 214 541 111 215 542 1701 217 543 1712 216 544 111 215 545 125 218 546 124 219 547 112 220 548 113 221 549 125 218 550 112 220 551 126 222 552 125 218 553 113 221 554 114 223 555 126 222 556 113 221 557 1713 224 558 126 222 559 114 223 560 1705 225 561 1713 224 562 114 223 563 128 226 564 127 227 565 115 228 566 116 229 567 128 226 568 115 228 569 129 230 570 128 226 571 116 229 572 117 231 573 129 230 574 116 229 575 1714 232 576 129 230 577 117 231 578 1709 233 579 1714 232 580 117 231 581 131 234 582 130 235 583 118 236 584 119 237 585 131 234 586 118 236 587 120 207 588 131 234 589 119 237 590 108 208 591 120 207 592 119 237 593 134 238 594 133 239 595 132 240 596 135 241 597 134 238 598 132 240 599 1715 242 600 1717 243 601 132 240 602 1718 244 603 1715 242 604 132 240 605 1719 245 606 1718 244 607 132 240 608 133 239 609 1719 245 610 132 240 611 1720 246 612 1719 245 613 133 239 614 1722 247 615 1720 246 616 133 239 617 1723 248 618 1722 247 619 133 239 620 134 238 621 1723 248 622 133 239 623 1724 249 624 1723 248 625 134 238 626 1726 250 627 1724 249 628 134 238 629 1727 251 630 1726 250 631 134 238 632 135 241 633 1727 251 634 134 238 635 1728 252 636 1727 251 637 135 241 638 1730 253 639 1728 252 640 135 241 641 1717 243 642 1730 253 643 135 241 644 132 240 645 1717 243 646 135 241 647 1731 254 648 148 255 649 136 256 650 1716 257 651 1731 254 652 136 256 653 150 258 654 149 259 655 137 260 656 138 261 657 150 258 658 137 260 659 151 262 660 150 258 661 138 261 662 139 263 663 151 262 664 138 261 665 1732 264 666 151 262 667 139 263 668 1721 265 669 1732 264 670 139 263 671 153 266 672 152 267 673 140 268 674 141 269 675 153 266 676 140 268 677 154 270 678 153 266 679 141 269 680 142 271 681 154 270 682 141 269 683 1733 272 684 154 270 685 142 271 686 1725 273 687 1733 272 688 142 271 689 156 274 690 155 275 691 143 276 692 144 277 693 156 274 694 143 276 695 157 278 696 156 274 697 144 277 698 145 279 699 157 278 700 144 277 701 1734 280 702 157 278 703 145 279 704 1729 281 705 1734 280 706 145 279 707 159 282 708 158 283 709 146 284 710 147 285 711 159 282 712 146 284 713 148 255 714 159 282 715 147 285 716 136 256 717 148 255 718 147 285 719 161 286 720 2422 287 721 2445 288 722 2448 289 723 2445 288 724 2422 287 725 163 290 726 3361 290 727 3362 290 728 2446 290 729 3362 290 730 3361 290 731 526 291 732 3364 292 733 3365 293 734 3363 294 735 3365 293 736 3364 292 737 541 295 738 527 295 739 2427 295 740 2429 295 741 2427 295 742 527 295 743 2424 296 744 3366 296 745 2425 296 746 3368 296 747 2425 296 748 3366 296 749 164 297 750 1755 298 751 1783 299 752 1755 298 753 164 297 754 1771 300 755 1739 301 756 1784 302 757 1735 303 758 1784 302 759 1739 301 760 1758 304 761 1744 305 762 1736 306 763 1741 307 764 1736 306 765 1744 305 766 1740 308 767 1751 309 768 1742 310 769 1746 311 770 1742 310 771 1751 309 772 1745 312 773 1772 313 774 1747 314 775 1754 314 776 1750 315 777 1770 316 778 1752 316 779 1760 317 780 1773 318 781 1759 319 782 1773 318 783 1760 317 784 1793 320 785 1762 321 786 1758 304 787 1739 301 788 1758 304 789 1762 321 790 1761 322 791 1765 323 792 166 324 793 168 325 794 166 324 795 1765 323 796 1763 326 797 1768 327 798 1745 312 799 1751 309 800 1745 312 801 1768 327 802 1766 328 803 1794 329 804 1753 330 805 176 330 806 170 331 807 1795 332 808 1769 333 809 1782 334 810 1774 335 811 1777 336 812 1776 337 813 180 338 814 1756 339 815 1737 340 816 1778 341 817 1780 342 818 177 343 819 165 344 820 1785 344 821 1743 345 822 1781 345 823 1786 346 824 1781 345 825 1743 345 826 1738 346 827 1748 347 828 1787 347 829 1789 348 830 181 349 831 1749 350 832 167 351 833 1757 352 834 1791 353 835 1775 354 836 182 355 837 171 356 838 169 357 839 1796 358 840 1767 359 841 175 358 842 1792 360 843 1764 361 844 174 362 845 183 363 846 172 364 847 173 365 848 1779 366 849 1788 367 850 179 368 851 1779 366 852 1790 369 853 1788 367 854 1779 366 855 178 370 856 1790 369 857 1804 371 858 1800 372 859 187 373 860 1800 372 861 1804 371 862 1797 374 863 1810 290 864 1802 290 865 1803 290 866 1802 290 867 1810 290 868 1805 290 869 1806 375 870 186 376 871 3369 377 872 186 376 873 1806 375 874 1809 378 875 2444 295 876 1801 295 877 1798 295 878 1801 295 879 2444 295 880 2434 295 881 2432 296 882 1807 296 883 3370 296 884 1807 296 885 2432 296 886 2442 296 887 3371 379 888 1864 380 889 192 381 890 1836 382 891 192 381 892 1864 380 893 1845 383 894 3372 384 895 1811 385 896 1825 386 897 1811 385 898 3372 384 899 1860 387 900 1846 388 901 1813 389 902 1812 390 903 1813 389 904 1846 388 905 1818 391 906 1861 392 907 1815 393 908 1814 394 909 1815 393 910 1861 392 911 1865 395 912 1819 396 913 1837 397 914 1816 398 915 1835 398 916 1821 398 917 1826 399 918 1838 400 919 1823 401 920 1841 402 921 1823 401 922 1838 400 923 1811 385 924 1825 386 925 1827 403 926 1824 404 927 1827 403 928 1825 386 929 194 405 930 193 406 931 1830 407 932 1828 408 933 1830 407 934 193 406 935 1815 393 936 1814 394 937 1833 409 938 1831 410 939 1833 409 940 1814 394 941 201 411 942 1817 412 943 1840 413 944 1834 414 945 1839 415 946 195 416 947 1852 417 948 1868 418 949 3373 419 950 1862 420 951 204 421 952 1866 421 953 1848 422 954 1850 423 955 1844 423 956 3374 424 957 205 425 958 203 426 959 1853 427 960 1849 428 961 1859 428 962 1847 427 963 1859 428 964 1849 428 965 1856 429 966 1854 430 967 1820 431 968 209 432 969 1822 433 970 207 434 971 1867 435 972 1857 436 973 1863 437 974 196 438 975 210 438 976 208 439 977 200 440 978 1832 441 979 1842 441 980 199 442 981 1829 443 982 1843 444 983 198 445 984 197 446 985 202 447 986 206 448 987 1855 449 988 1851 450 989 1855 449 990 1858 451 991 1851 450 992 1858 451 993 211 452 994 1851 450 995 213 453 996 3377 454 997 3375 455 998 3379 456 999 3375 455 1000 3377 454 1001 1869 457 1002 1870 457 1003 1872 457 1004 3376 457 1005 1872 457 1006 1870 457 1007 3381 458 1008 214 459 1009 1873 460 1010 1871 461 1011 1873 460 1012 214 459 1013 3380 462 1014 3378 463 1015 2435 464 1016 2437 465 1017 2435 464 1018 3378 463 1019 3382 466 1020 1874 467 1021 537 468 1022 3383 469 1023 537 468 1024 1874 467 1025 217 5 1026 219 5 1027 2438 5 1028 2439 5 1029 2438 5 1030 219 5 1031 1879 470 1032 1929 471 1033 1875 472 1034 1929 471 1035 1879 470 1036 1881 473 1037 1889 474 1038 1876 475 1039 1885 476 1040 1876 475 1041 1889 474 1042 1880 477 1043 1894 478 1044 1886 479 1045 1891 480 1046 1886 479 1047 1894 478 1048 1890 481 1049 1904 482 1050 1892 483 1051 1933 484 1052 1892 483 1053 1904 482 1054 1895 485 1055 1883 486 1056 1934 487 1057 1930 488 1058 1935 489 1059 1884 489 1060 1906 490 1061 1896 491 1062 1882 492 1063 221 493 1064 1882 492 1065 1896 491 1066 1910 494 1067 1898 495 1068 1880 477 1069 1889 474 1070 1880 477 1071 1898 495 1072 1897 496 1073 1901 497 1074 224 497 1075 226 498 1076 224 497 1077 1901 497 1078 1899 498 1079 1907 499 1080 1895 485 1081 1904 482 1082 1895 485 1083 1907 499 1084 1902 500 1085 1909 501 1086 1905 502 1087 222 503 1088 227 504 1089 1911 505 1090 1908 504 1091 1877 506 1092 1914 506 1093 1917 506 1094 1916 507 1095 220 508 1096 1931 509 1097 1887 510 1098 1918 510 1099 1920 511 1100 233 512 1101 1888 513 1102 1878 514 1103 1893 515 1104 1921 516 1105 1922 517 1106 1921 516 1107 1893 515 1108 223 518 1109 1932 519 1110 1923 520 1111 1925 521 1112 236 522 1113 1936 523 1114 225 524 1115 1928 525 1116 1926 526 1117 1915 526 1118 237 527 1119 238 528 1120 239 529 1121 1912 530 1122 1903 531 1123 231 532 1124 1913 533 1125 1900 534 1126 230 535 1127 232 536 1128 228 537 1129 229 538 1130 1919 539 1131 1924 540 1132 235 541 1133 1919 539 1134 1927 542 1135 1924 540 1136 1919 539 1137 234 543 1138 1927 542 1139 3386 544 1140 247 545 1141 3385 546 1142 247 545 1143 3386 544 1144 3388 453 1145 3391 457 1146 240 457 1147 3390 457 1148 240 457 1149 3391 457 1150 3387 457 1151 3393 547 1152 243 548 1153 248 549 1154 243 548 1155 3393 547 1156 3392 550 1157 1937 551 1158 1941 552 1159 3389 553 1160 1941 552 1161 1937 551 1162 1939 554 1163 1945 555 1164 3394 556 1165 1944 557 1166 3394 556 1167 1945 555 1168 3395 558 1169 1940 3 1170 1943 3 1171 1942 3 1172 1943 3 1173 1940 3 1174 1946 3 1175 1980 559 1176 3397 560 1177 249 561 1178 1959 562 1179 249 561 1180 3397 560 1181 1993 563 1182 1981 564 1183 1953 565 1184 1964 566 1185 1953 565 1186 1981 564 1187 1949 567 1188 1994 568 1189 1947 569 1190 1954 570 1191 1947 569 1192 1994 568 1193 2003 571 1194 1950 572 1195 1955 573 1196 1948 574 1197 1955 573 1198 1950 572 1199 3398 575 1200 2004 576 1201 1960 577 1202 1956 578 1203 1958 578 1204 2006 578 1205 1965 579 1206 1961 580 1207 1962 581 1208 1976 582 1209 1962 581 1210 1961 580 1211 1953 565 1212 1964 566 1213 1966 583 1214 1963 584 1215 1966 583 1216 1964 566 1217 251 585 1218 250 586 1219 1969 587 1220 1967 588 1221 1969 587 1222 250 586 1223 1955 573 1224 1948 574 1225 1972 589 1226 1970 590 1227 1972 589 1228 1948 574 1229 255 591 1230 1957 592 1231 1975 592 1232 1973 593 1233 1974 594 1234 253 595 1235 1983 596 1236 1986 596 1237 1979 597 1238 3399 598 1239 261 599 1240 1988 600 1241 1989 601 1242 1984 602 1243 1992 602 1244 1982 603 1245 265 604 1246 263 605 1247 1996 606 1248 1990 607 1249 1951 608 1250 1995 609 1251 1952 610 1252 1991 611 1253 1999 612 1254 1997 613 1255 2002 614 1256 252 615 1257 2005 616 1258 266 617 1259 1987 618 1260 2001 619 1261 3400 620 1262 268 621 1263 254 622 1264 267 623 1265 259 624 1266 1971 625 1267 1977 624 1268 258 626 1269 1968 626 1270 1978 627 1271 257 628 1272 256 629 1273 260 630 1274 264 631 1275 1998 632 1276 1985 633 1277 1998 632 1278 2000 634 1279 1985 633 1280 2000 634 1281 262 635 1282 1985 633 1283 3405 636 1284 3409 637 1285 3401 638 1286 2025 639 1287 3401 638 1288 3409 637 1289 3412 640 1290 3414 641 1291 2007 642 1292 288 643 1293 2007 642 1294 3414 641 1295 2029 644 1296 3412 640 1297 2008 645 1298 2007 642 1299 2008 645 1300 3412 640 1301 2031 646 1302 2029 644 1303 3416 647 1304 2008 645 1305 3416 647 1306 2029 644 1307 2007 642 1308 288 643 1309 524 648 1310 2033 649 1311 524 648 1312 288 643 1313 2010 650 1314 523 651 1315 2009 652 1316 2011 653 1317 2009 652 1318 523 651 1319 3416 647 1320 2008 645 1321 2021 654 1322 2420 655 1323 2021 654 1324 2008 645 1325 524 648 1326 2033 649 1327 2014 656 1328 2012 657 1329 2014 656 1330 2033 649 1331 2420 655 1332 524 648 1333 2017 658 1334 2014 656 1335 2017 658 1336 524 648 1337 2021 654 1338 2420 655 1339 2019 659 1340 2017 658 1341 2019 659 1342 2420 655 1343 3415 660 1344 3413 661 1345 3410 660 1346 2023 662 1347 3411 662 1348 2028 663 1349 271 664 1350 284 665 1351 289 666 1352 2030 667 1353 2032 668 1354 2024 667 1355 283 669 1356 3417 670 1357 2026 671 1358 3402 672 1359 2027 673 1360 2022 674 1361 285 675 1362 276 676 1363 282 677 1364 2022 674 1365 2020 678 1366 3402 672 1367 280 679 1368 2018 680 1369 3403 679 1370 3406 681 1371 3404 682 1372 2015 683 1373 279 684 1374 277 685 1375 286 686 1376 2016 687 1377 2013 687 1378 3407 687 1379 278 688 1380 287 689 1381 269 690 1382 3408 691 1383 269 690 1384 2034 692 1385 287 689 1386 2034 692 1387 269 690 1388 2034 692 1389 281 693 1390 3408 691 1391 292 694 1392 291 695 1393 290 696 1394 290 696 1395 291 695 1396 293 697 1397 2037 698 1398 291 695 1399 2035 699 1400 2035 699 1401 291 695 1402 2038 700 1403 2038 700 1404 291 695 1405 2039 701 1406 2039 701 1407 291 695 1408 292 694 1409 2039 701 1410 292 694 1411 2040 702 1412 2040 702 1413 292 694 1414 2042 703 1415 2042 703 1416 292 694 1417 2043 704 1418 2043 704 1419 292 694 1420 290 696 1421 2043 704 1422 290 696 1423 2044 705 1424 2044 705 1425 290 696 1426 2046 706 1427 2046 706 1428 290 696 1429 2047 707 1430 2047 707 1431 290 696 1432 293 697 1433 2047 707 1434 293 697 1435 2048 708 1436 2048 708 1437 293 697 1438 2050 709 1439 2050 709 1440 293 697 1441 2037 698 1442 2037 698 1443 293 697 1444 291 695 1445 307 710 1446 295 711 1447 2051 712 1448 2051 712 1449 295 711 1450 2036 713 1451 306 714 1452 294 715 1453 308 716 1454 308 716 1455 294 715 1456 296 717 1457 308 716 1458 296 717 1459 309 718 1460 309 718 1461 296 717 1462 297 719 1463 309 718 1464 297 719 1465 2052 720 1466 2052 720 1467 297 719 1468 2041 721 1469 310 722 1470 298 723 1471 311 724 1472 311 724 1473 298 723 1474 299 725 1475 311 724 1476 299 725 1477 312 726 1478 312 726 1479 299 725 1480 300 727 1481 312 726 1482 300 727 1483 2053 728 1484 2053 728 1485 300 727 1486 2045 729 1487 313 730 1488 301 731 1489 314 732 1490 314 732 1491 301 731 1492 302 733 1493 314 732 1494 302 733 1495 315 734 1496 315 734 1497 302 733 1498 303 735 1499 315 734 1500 303 735 1501 2054 736 1502 2054 736 1503 303 735 1504 2049 737 1505 316 738 1506 304 739 1507 317 740 1508 317 740 1509 304 739 1510 305 741 1511 317 740 1512 305 741 1513 307 710 1514 307 710 1515 305 741 1516 295 711 1517 320 742 1518 319 743 1519 318 744 1520 318 744 1521 319 743 1522 321 745 1523 2057 746 1524 319 743 1525 2055 747 1526 2055 747 1527 319 743 1528 2058 748 1529 2058 748 1530 319 743 1531 2059 749 1532 2059 749 1533 319 743 1534 320 742 1535 2059 749 1536 320 742 1537 2060 750 1538 2060 750 1539 320 742 1540 2062 751 1541 2062 751 1542 320 742 1543 2063 752 1544 2063 752 1545 320 742 1546 318 744 1547 2063 752 1548 318 744 1549 2064 753 1550 2064 753 1551 318 744 1552 2066 754 1553 2066 754 1554 318 744 1555 2067 755 1556 2067 755 1557 318 744 1558 321 745 1559 2067 755 1560 321 745 1561 2068 756 1562 2068 756 1563 321 745 1564 2070 757 1565 2070 757 1566 321 745 1567 2057 746 1568 2057 746 1569 321 745 1570 319 743 1571 335 758 1572 323 759 1573 2071 760 1574 2071 760 1575 323 759 1576 2056 761 1577 334 762 1578 322 763 1579 336 764 1580 336 764 1581 322 763 1582 324 765 1583 336 764 1584 324 765 1585 337 766 1586 337 766 1587 324 765 1588 325 767 1589 337 766 1590 325 767 1591 2072 768 1592 2072 768 1593 325 767 1594 2061 769 1595 338 770 1596 326 771 1597 339 772 1598 339 772 1599 326 771 1600 327 773 1601 339 772 1602 327 773 1603 340 774 1604 340 774 1605 327 773 1606 328 775 1607 340 774 1608 328 775 1609 2073 776 1610 2073 776 1611 328 775 1612 2065 777 1613 341 778 1614 329 779 1615 342 780 1616 342 780 1617 329 779 1618 330 781 1619 342 780 1620 330 781 1621 343 782 1622 343 782 1623 330 781 1624 331 783 1625 343 782 1626 331 783 1627 2074 784 1628 2074 784 1629 331 783 1630 2069 785 1631 344 786 1632 332 787 1633 345 788 1634 345 788 1635 332 787 1636 333 789 1637 345 788 1638 333 789 1639 335 758 1640 335 758 1641 333 789 1642 323 759 1643 2085 790 1644 2075 791 1645 2080 792 1646 2075 791 1647 2077 793 1648 2080 792 1649 2077 793 1650 2090 794 1651 2080 792 1652 2086 795 1653 2081 796 1654 2099 797 1655 2082 798 1656 2099 797 1657 2081 796 1658 2076 799 1659 2084 800 1660 2087 801 1661 2097 802 1662 350 803 1663 351 802 1664 2078 804 1665 347 805 1666 2101 806 1667 2088 807 1668 2101 806 1669 347 805 1670 2092 808 1671 2079 809 1672 353 809 1673 352 810 1674 2103 811 1675 348 812 1676 346 813 1677 2091 814 1678 2083 815 1679 2104 816 1680 349 817 1681 354 818 1682 2099 797 1683 2082 798 1684 2111 819 1685 2093 820 1686 2111 819 1687 2082 798 1688 2089 821 1689 2098 822 1690 2094 823 1691 2109 824 1692 356 824 1693 357 825 1694 2101 806 1695 2088 807 1696 2100 826 1697 2095 827 1698 2100 826 1699 2088 807 1700 2103 811 1701 352 810 1702 2102 828 1703 358 829 1704 2102 828 1705 352 810 1706 349 817 1707 2104 816 1708 355 830 1709 359 831 1710 355 830 1711 2104 816 1712 2111 819 1713 2093 820 1714 3419 832 1715 2105 833 1716 3419 832 1717 2093 820 1718 2096 834 1719 2110 835 1720 2106 836 1721 3420 837 1722 362 838 1723 363 839 1724 2100 826 1725 2095 827 1726 2112 840 1727 2107 841 1728 2112 840 1729 2095 827 1730 2102 828 1731 358 829 1732 2113 842 1733 364 843 1734 2113 842 1735 358 829 1736 355 830 1737 359 831 1738 361 844 1739 365 845 1740 361 844 1741 359 831 1742 3419 832 1743 2105 833 1744 2121 846 1745 2114 847 1746 2121 846 1747 2105 833 1748 2108 848 1749 3421 849 1750 2117 848 1751 2120 850 1752 2118 851 1753 360 851 1754 2112 840 1755 2107 841 1756 2124 852 1757 2119 853 1758 2124 852 1759 2107 841 1760 2113 842 1761 364 843 1762 2126 854 1763 2125 855 1764 2126 854 1765 364 843 1766 361 844 1767 365 845 1768 2115 856 1769 2127 857 1770 2115 856 1771 365 845 1772 2129 858 1773 2131 859 1774 2116 860 1775 2122 861 1776 2116 860 1777 2131 859 1778 2130 862 1779 2133 863 1780 2123 864 1781 367 865 1782 368 866 1783 2134 867 1784 2135 868 1785 2136 869 1786 2119 853 1787 2124 852 1788 2119 853 1789 2136 869 1790 374 870 1791 2137 871 1792 369 872 1793 2128 873 1794 369 872 1795 2137 871 1796 375 874 1797 371 875 1798 370 876 1799 366 877 1800 370 876 1801 371 875 1802 2138 878 1803 2157 879 1804 2129 858 1805 2131 859 1806 2129 858 1807 2157 879 1808 2155 880 1809 2144 881 1810 2132 882 1811 372 883 1812 373 884 1813 2141 885 1814 2142 457 1815 2145 886 1816 2135 868 1817 2136 869 1818 2135 868 1819 2145 886 1820 2146 887 1821 2148 888 1822 374 870 1823 2137 871 1824 374 870 1825 2148 888 1826 2149 889 1827 2139 889 1828 375 874 1829 371 875 1830 375 874 1831 2139 889 1832 2151 890 1833 382 891 1834 2140 892 1835 2158 893 1836 2140 892 1837 382 891 1838 2152 894 1839 2153 895 1840 2156 896 1841 2143 897 1842 383 898 1843 2154 897 1844 381 899 1845 2159 900 1846 377 901 1847 2147 902 1848 377 901 1849 2159 900 1850 384 903 1851 2160 904 1852 378 905 1853 2150 906 1854 378 905 1855 2160 904 1856 385 907 1857 380 908 1858 379 909 1859 376 910 1860 379 909 1861 380 908 1862 2164 911 1863 2166 912 1864 2170 913 1865 2164 911 1866 2172 914 1867 2166 912 1868 2164 911 1869 2177 915 1870 2172 914 1871 2183 916 1872 2163 917 1873 389 918 1874 2163 917 1875 2183 916 1876 2161 919 1877 2167 920 1878 2169 921 1879 2165 922 1880 2169 921 1881 2167 920 1882 2184 923 1883 2173 924 1884 388 925 1885 2171 926 1886 388 925 1887 2173 924 1888 2168 927 1889 2174 928 1890 391 929 1891 2175 930 1892 391 929 1893 2174 928 1894 392 931 1895 2162 932 1896 2176 933 1897 386 934 1898 394 935 1899 387 936 1900 393 937 1901 3422 938 1902 2161 919 1903 2183 916 1904 2161 919 1905 3422 938 1906 2178 939 1907 2179 940 1908 2182 941 1909 390 942 1910 398 943 1911 397 944 1912 3423 945 1913 2185 946 1914 2168 927 1915 2173 924 1916 2168 927 1917 2185 946 1918 2180 947 1919 2186 948 1920 392 931 1921 2174 928 1922 392 931 1923 2186 948 1924 399 949 1925 396 950 1926 393 937 1927 387 936 1928 393 937 1929 396 950 1930 400 951 1931 2201 952 1932 2178 939 1933 3422 938 1934 2178 939 1935 2201 952 1936 2187 953 1937 2188 954 1938 3424 955 1939 2181 956 1940 395 957 1941 402 957 1942 2200 958 1943 2191 959 1944 2180 947 1945 2185 946 1946 2180 947 1947 2191 959 1948 2189 960 1949 2192 961 1950 399 949 1951 2186 948 1952 399 949 1953 2192 961 1954 403 962 1955 401 963 1956 400 951 1957 396 950 1958 400 951 1959 401 963 1960 404 964 1961 2209 965 1962 2187 953 1963 2201 952 1964 2187 953 1965 2209 965 1966 2193 966 1967 2196 967 1968 2199 967 1969 2190 968 1970 406 969 1971 407 970 1972 2210 969 1973 2202 971 1974 2189 960 1975 2191 959 1976 2189 960 1977 2202 971 1978 2197 972 1979 2204 973 1980 403 962 1981 2192 961 1982 403 962 1983 2204 973 1984 2203 974 1985 2194 975 1986 404 964 1987 401 963 1988 404 964 1989 2194 975 1990 2205 976 1991 2195 977 1992 3425 978 1993 2207 979 1994 3425 978 1995 2195 977 1996 2211 980 1997 2208 981 1998 2212 982 1999 3426 983 2000 2213 984 2001 413 985 2002 2198 984 2003 2197 972 2004 2215 986 2005 2214 987 2006 2215 986 2007 2197 972 2008 2202 971 2009 408 988 2010 2216 989 2011 414 990 2012 2216 989 2013 408 988 2014 2206 991 2015 409 992 2016 410 993 2017 415 994 2018 410 993 2019 409 992 2020 405 995 2021 2207 979 2022 2224 996 2023 2217 997 2024 2224 996 2025 2207 979 2026 3425 978 2027 411 998 2028 2220 999 2029 2223 1000 2030 2220 999 2031 411 998 2032 412 1001 2033 2214 987 2034 2227 1002 2035 2221 1003 2036 2227 1002 2037 2214 987 2038 2215 986 2039 414 990 2040 2230 1004 2041 2228 1005 2042 2230 1004 2043 414 990 2044 2216 989 2045 415 994 2046 2218 1006 2047 2231 1007 2048 2218 1006 2049 415 994 2050 410 993 2051 2219 1008 2052 422 1009 2053 2233 1010 2054 422 1009 2055 2219 1008 2056 2225 1011 2057 2226 1012 2058 2234 1013 2059 2236 1014 2060 2235 1015 2061 417 1016 2062 2222 1016 2063 418 1017 2064 2237 1018 2065 423 1019 2066 2237 1018 2067 418 1017 2068 2229 1020 2069 419 1021 2070 2238 1022 2071 424 1023 2072 2238 1022 2073 419 1021 2074 2232 1024 2075 420 1025 2076 421 1026 2077 425 1027 2078 421 1026 2079 420 1025 2080 416 1028 2081 2247 1029 2082 3427 1030 2083 2239 1031 2084 3427 1030 2085 2251 1032 2086 2239 1031 2087 2251 1032 2088 2255 1033 2089 2239 1031 2090 2248 1034 2091 2240 1035 2092 2262 1036 2093 2241 1037 2094 2262 1036 2095 2240 1035 2096 3428 1038 2097 2246 1039 2098 2243 1040 2099 2264 1041 2100 429 1042 2101 430 1042 2102 2250 1043 2103 427 1044 2104 2249 1045 2105 2244 1046 2106 2249 1045 2107 427 1044 2108 2253 1047 2109 2252 1048 2110 2257 1047 2111 431 1049 2112 2256 1050 2113 432 1051 2114 426 1052 2115 2254 1053 2116 428 1054 2117 433 1055 2118 2242 1056 2119 434 1057 2120 2262 1036 2121 2241 1037 2122 2265 1058 2123 2258 1059 2124 2265 1058 2125 2241 1037 2126 2245 1060 2127 2263 1061 2128 2259 1060 2129 2266 1062 2130 2260 1063 2131 437 1064 2132 2249 1045 2133 2244 1046 2134 2268 1065 2135 2261 1066 2136 2268 1065 2137 2244 1046 2138 2256 1050 2139 431 1049 2140 2269 1067 2141 439 1068 2142 2269 1067 2143 431 1049 2144 2242 1056 2145 433 1055 2146 435 1069 2147 440 1070 2148 435 1069 2149 433 1055 2150 2265 1058 2151 2258 1059 2152 3429 1071 2153 2270 1072 2154 3429 1071 2155 2258 1059 2156 436 1073 2157 2267 1074 2158 2271 1075 2159 3430 1076 2160 443 1076 2161 438 1076 2162 2268 1065 2163 2261 1066 2164 2274 1077 2165 2272 1078 2166 2274 1077 2167 2261 1066 2168 2269 1067 2169 439 1068 2170 2275 1079 2171 444 1080 2172 2275 1079 2173 439 1068 2174 435 1069 2175 440 1070 2176 442 1081 2177 445 1082 2178 442 1081 2179 440 1070 2180 3429 1071 2181 2270 1072 2182 2283 1083 2183 2276 1084 2184 2283 1083 2185 2270 1072 2186 2273 1085 2187 3431 1086 2188 2279 1087 2189 2282 1088 2190 2280 1088 2191 441 1089 2192 2274 1077 2193 2272 1078 2194 2286 1090 2195 2281 1091 2196 2286 1090 2197 2272 1078 2198 2275 1079 2199 444 1080 2200 2288 1092 2201 2287 1093 2202 2288 1092 2203 444 1080 2204 442 1081 2205 445 1082 2206 2277 1094 2207 2289 1095 2208 2277 1094 2209 445 1082 2210 2291 1096 2211 2293 1097 2212 2278 1098 2213 2284 1099 2214 2278 1098 2215 2293 1097 2216 2292 1100 2217 2294 1101 2218 2285 1102 2219 447 1103 2220 448 1104 2221 2295 1103 2222 2296 1105 2223 2297 1106 2224 2281 1091 2225 2286 1090 2226 2281 1091 2227 2297 1106 2228 454 1107 2229 2298 1108 2230 449 1109 2231 2290 1110 2232 449 1109 2233 2298 1108 2234 455 1111 2235 451 1112 2236 450 1113 2237 446 1114 2238 450 1113 2239 451 1112 2240 2299 1115 2241 2303 1116 2242 2291 1096 2243 2293 1097 2244 2291 1096 2245 2303 1116 2246 2302 1117 2247 2306 1118 2248 453 1119 2249 452 1120 2250 453 1119 2251 2306 1118 2252 2307 1121 2253 2309 1122 2254 2296 1105 2255 2297 1106 2256 2296 1105 2257 2309 1122 2258 2310 1123 2259 2312 1124 2260 454 1107 2261 2298 1108 2262 454 1107 2263 2312 1124 2264 2313 1125 2265 2300 1126 2266 455 1111 2267 451 1112 2268 455 1111 2269 2300 1126 2270 2315 1127 2271 463 1128 2272 2301 1129 2273 2304 1130 2274 2301 1129 2275 463 1128 2276 2316 1131 2277 2317 1132 2278 2305 1132 2279 2308 1133 2280 458 1134 2281 2318 1135 2282 462 1136 2283 2319 1137 2284 457 1138 2285 2311 1139 2286 457 1138 2287 2319 1137 2288 464 1140 2289 2320 1141 2290 459 1142 2291 2314 1143 2292 459 1142 2293 2320 1141 2294 465 1144 2295 461 1145 2296 460 1146 2297 456 1147 2298 460 1146 2299 461 1145 2300 2328 1148 2301 2324 1149 2302 2335 1150 2303 2328 1148 2304 2321 1151 2305 2324 1149 2306 2328 1148 2307 2340 1152 2308 2321 1151 2309 2330 1153 2310 2329 1154 2311 2333 1155 2312 2329 1154 2313 2330 1153 2314 2326 1156 2315 2336 1157 2316 2334 1157 2317 2325 1158 2318 472 1159 2319 2337 1160 2320 2331 1161 2321 2348 1162 2322 466 1163 2323 2322 1164 2324 466 1163 2325 2348 1162 2326 2338 1165 2327 2342 1166 2328 2323 1167 2329 2339 1168 2330 468 1169 2331 2343 1170 2332 473 1171 2333 469 1172 2334 2341 1173 2335 467 1174 2336 474 1175 2337 2327 1176 2338 475 1177 2339 2358 1178 2340 2326 1156 2341 2330 1153 2342 2326 1156 2343 2358 1178 2344 2344 1179 2345 2345 1180 2346 2332 1181 2347 470 1180 2348 471 1182 2349 477 1183 2350 2360 1183 2351 2349 1184 2352 2338 1165 2353 2348 1162 2354 2338 1165 2355 2349 1184 2356 2346 1185 2357 2350 1186 2358 473 1171 2359 2343 1170 2360 473 1171 2361 2350 1186 2362 478 1187 2363 476 1188 2364 475 1177 2365 2327 1176 2366 475 1177 2367 476 1188 2368 479 1189 2369 2355 1190 2370 2344 1179 2371 2358 1178 2372 2344 1179 2373 2355 1190 2374 2351 1191 2375 2352 1192 2376 2359 1193 2377 2347 1194 2378 483 1195 2379 2353 1196 2380 2356 1197 2381 2361 1198 2382 2346 1185 2383 2349 1184 2384 2346 1185 2385 2361 1198 2386 2354 1199 2387 2362 1200 2388 478 1187 2389 2350 1186 2390 478 1187 2391 2362 1200 2392 484 1201 2393 480 1202 2394 479 1189 2395 476 1188 2396 479 1189 2397 480 1202 2398 485 1203 2399 2366 1204 2400 2351 1191 2401 2355 1190 2402 2351 1191 2403 2366 1204 2404 2363 1205 2405 2370 1206 2406 2357 1207 2407 481 1206 2408 482 1208 2409 488 1209 2410 2367 1210 2411 2373 1211 2412 2354 1199 2413 2361 1198 2414 2354 1199 2415 2373 1211 2416 2371 1212 2417 2375 1213 2418 484 1201 2419 2362 1200 2420 484 1201 2421 2375 1213 2422 2374 1214 2423 2364 1215 2424 485 1203 2425 480 1202 2426 485 1203 2427 2364 1215 2428 2376 1216 2429 2365 1217 2430 2383 1218 2431 2378 1219 2432 2383 1218 2433 2365 1217 2434 2368 1220 2435 2369 1221 2436 2379 1222 2437 2382 1221 2438 2380 1223 2439 486 1224 2440 2372 1225 2441 2371 1212 2442 2384 1226 2443 2381 1227 2444 2384 1226 2445 2371 1212 2446 2373 1211 2447 489 1228 2448 2385 1229 2449 494 1230 2450 2385 1229 2451 489 1228 2452 2377 1231 2453 490 1232 2454 491 1233 2455 495 1234 2456 491 1233 2457 490 1232 2458 487 1235 2459 2378 1219 2460 2403 1236 2461 2386 1237 2462 2403 1236 2463 2378 1219 2464 2383 1218 2465 492 1238 2466 2389 1239 2467 2402 1240 2468 2389 1239 2469 492 1238 2470 493 1241 2471 2381 1227 2472 2392 1242 2473 2390 1243 2474 2392 1242 2475 2381 1227 2476 2384 1226 2477 494 1230 2478 2395 1244 2479 2393 1245 2480 2395 1244 2481 494 1230 2482 2385 1229 2483 495 1234 2484 2387 1246 2485 2396 1247 2486 2387 1246 2487 495 1234 2488 491 1233 2489 2388 1248 2490 2399 1249 2491 2398 1250 2492 2399 1249 2493 2388 1248 2494 503 1251 2495 2401 1252 2496 2400 1253 2497 501 1254 2498 2400 1253 2499 2401 1252 2500 2391 1255 2501 497 1256 2502 2404 1257 2503 502 1258 2504 2404 1257 2505 497 1256 2506 2394 1259 2507 498 1260 2508 2405 1261 2509 504 1262 2510 2405 1261 2511 498 1260 2512 2397 1263 2513 499 1264 2514 500 1265 2515 505 1266 2516 500 1265 2517 499 1264 2518 496 1267 2519 2416 1268 2520 3435 1269 2521 3432 1270 2522 3435 1269 2523 2416 1268 2524 3436 1271 2525 2417 457 2526 3433 457 2527 3439 457 2528 3433 457 2529 2417 457 2530 2415 457 2531 3442 1272 2532 520 1273 2533 3440 1274 2534 520 1273 2535 3442 1272 2536 2418 1275 2537 3437 1276 2538 3441 1277 2539 519 1276 2540 3441 1277 2541 3437 1276 2542 3443 1278 2543 2408 1279 2544 2406 1280 2545 2407 1281 2546 2406 1280 2547 2408 1279 2548 2409 1282 2549 2409 1282 2550 14 1283 2551 2406 1280 2552 14 1283 2553 2409 1282 2554 514 1284 2555 15 1285 2556 2407 1281 2557 515 1286 2558 2407 1281 2559 15 1285 2560 2408 1279 2561 514 1284 2562 515 1286 2563 14 1283 2564 515 1286 2565 514 1284 2566 15 1285 2567 516 1287 2568 86 1288 2569 84 1289 2570 84 1289 2571 517 1290 2572 516 1287 2573 517 1290 2574 84 1289 2575 88 1291 2576 88 1291 2577 89 1292 2578 517 1290 2579 518 1293 2580 91 1294 2581 86 1288 2582 86 1288 2583 516 1287 2584 518 1293 2585 89 1292 2586 88 1291 2587 91 1294 2588 91 1294 2589 518 1293 2590 89 1292 2591 3438 1295 2592 3434 1296 2593 508 1297 2594 3434 1296 2595 3438 1295 2596 507 1298 2597 522 1299 2598 506 1300 2599 521 1300 2600 506 1300 2601 522 1299 2602 509 1300 2603 272 1301 2604 270 1302 2605 274 1303 2606 3418 1304 2607 274 1303 2608 270 1302 2609 270 1302 2610 2419 1305 2611 3418 1304 2612 275 1306 2613 3418 1304 2614 2419 1305 2615 525 1307 2616 272 1301 2617 273 1308 2618 274 1303 2619 273 1308 2620 272 1301 2621 2419 1305 2622 525 1307 2623 275 1306 2624 273 1308 2625 275 1306 2626 525 1307 2627 2421 3 2628 2423 3 2629 2430 3 2630 2426 3 2631 2430 3 2632 2423 3 2633 2433 5 2634 191 5 2635 184 5 2636 191 5 2637 2433 5 2638 2431 5 2639 212 3 2640 529 3 2641 216 3 2642 215 3 2643 216 3 2644 529 3 2645 215 3 2646 529 3 2647 3384 3 2648 536 3 2649 3384 3 2650 529 3 2651 242 1309 2652 241 1310 2653 530 1311 2654 241 1310 2655 242 1309 2656 531 5 2657 3396 5 2658 241 1310 2659 531 5 2660 241 1310 2661 3396 5 2662 1938 5 2663 533 457 2664 528 457 2665 2428 457 2666 540 457 2667 2428 457 2668 528 457 2669 2443 1312 2670 535 1313 2671 534 457 2672 535 1313 2673 2443 1312 2674 2441 1314 2675 538 290 2676 2440 290 2677 2436 290 2678 218 290 2679 2436 290 2680 2440 290 2681 244 290 2682 246 290 2683 245 290 2684 246 290 2685 244 290 2686 539 290 2687 162 1315 2688 2447 1316 2689 3367 5 2690 532 5 2691 3367 5 2692 2447 1316 2693 542 1317 2694 1799 1318 2695 1808 1319 2696 1799 1318 2697 542 1317 2698 543 1320 2699 544 1321 2700 2447 1316 2701 160 1322 2702 162 1315 2703 160 1322 2704 2447 1316 2705 190 1323 2706 185 1324 2707 188 1325 2708 185 1324 2709 190 1323 2710 189 1326 2711 2468 3 2712 2464 1327 2713 2463 3 2714 2468 3 2715 2466 1328 2716 2464 1327 2717 3444 1329 2718 2453 1330 2719 558 1331 2720 3444 1329 2721 558 1331 2722 561 1332 2723 560 1333 2724 2469 1334 2725 557 1335 2726 560 1333 2727 2476 1336 2728 2469 1334 2729 2478 1337 2730 2474 1338 2731 2472 1339 2732 2478 1337 2733 2472 1339 2734 2480 1340 2735 564 1341 2736 2481 1342 2737 562 1343 2738 564 1341 2739 567 1344 2740 2481 1342 2741 565 1345 2742 563 1346 2743 2449 1347 2744 565 1345 2745 2449 1347 2746 2450 1348 2747 2468 3 2748 2463 3 2749 2483 1349 2750 2468 3 2751 2483 1349 2752 2457 1350 2753 3444 1329 2754 2451 1351 2755 2453 1330 2756 3444 1329 2757 2490 1352 2758 2451 1351 2759 2456 1353 2760 2484 1354 2761 2485 1355 2762 2456 1353 2763 2485 1355 2764 2454 1356 2765 2489 1357 2766 2458 1358 2767 2452 1359 2768 2489 1357 2769 2487 1360 2770 2458 1358 2771 2455 1361 2772 2486 1362 2773 2461 1363 2774 2455 1361 2775 2461 1363 2776 2460 1364 2777 2488 1365 2778 2462 1366 2779 2459 1367 2780 2488 1365 2781 2491 1368 2782 2462 1366 2783 2465 1369 2784 545 457 2785 556 457 2786 2465 1369 2787 2473 1370 2788 545 457 2789 2467 1371 2790 559 290 2791 546 290 2792 2467 1371 2793 546 290 2794 2477 1372 2795 2470 1373 2796 2473 1370 2797 2465 1369 2798 2470 1373 2799 2471 1374 2800 2473 1370 2801 2475 1375 2802 2467 1371 2803 2477 1372 2804 2475 1375 2805 2477 1372 2806 2479 1376 2807 566 1377 2808 2471 1374 2809 2470 1373 2810 566 1377 2811 547 1378 2812 2471 1374 2813 2482 1379 2814 2475 1375 2815 2479 1376 2816 2482 1379 2817 2479 1376 2818 548 1380 2819 568 1381 2820 556 457 2821 545 457 2822 568 1381 2823 545 457 2824 550 1382 2825 549 1383 2826 546 290 2827 559 290 2828 549 1383 2829 569 1384 2830 546 290 2831 570 1385 2832 568 1381 2833 550 1382 2834 570 1385 2835 550 1382 2836 552 1386 2837 551 1387 2838 569 1384 2839 549 1383 2840 551 1387 2841 571 1388 2842 569 1384 2843 553 1389 2844 570 1385 2845 552 1386 2846 553 1389 2847 552 1386 2848 555 1390 2849 554 1391 2850 571 1388 2851 551 1387 2852 554 1391 2853 572 1392 2854 571 1388 2855 2492 3 2856 2495 1393 2857 3445 1394 2858 2492 3 2859 2493 1395 2860 2495 1393 2861 3446 1396 2862 2497 1397 2863 2498 1398 2864 3446 1396 2865 2498 1398 2866 2500 1399 2867 2494 1400 2868 2502 1401 2869 2496 1402 2870 2494 1400 2871 2504 1403 2872 2502 1401 2873 2501 1404 2874 2499 1405 2875 593 1406 2876 2501 1404 2877 593 1406 2878 2506 1407 2879 2505 1408 2880 594 1409 2881 2503 1410 2882 2505 1408 2883 596 1411 2884 594 1409 2885 2507 1412 2886 2525 1413 2887 595 1414 2888 2507 1412 2889 595 1414 2890 597 1415 2891 2492 3 2892 3445 1394 2893 2510 1416 2894 2492 3 2895 2510 1416 2896 2508 1417 2897 3446 1396 2898 2512 1418 2899 2497 1397 2900 3446 1396 2901 2514 1419 2902 2512 1418 2903 2509 1420 2904 2511 1421 2905 3447 1422 2906 2509 1420 2907 3447 1422 2908 3450 1423 2909 2515 1424 2910 2516 1425 2911 2513 1426 2912 2515 1424 2913 3452 1427 2914 2516 1425 2915 599 1428 2916 3448 1429 2917 2518 1430 2918 599 1428 2919 2518 1430 2920 2519 1431 2921 600 1432 2922 2520 1432 2923 2517 1433 2924 600 1432 2925 2521 1434 2926 2520 1432 2927 573 1435 2928 577 1436 2929 591 457 2930 573 1435 2931 576 1437 2932 577 1436 2933 575 1438 2934 574 290 2935 592 1439 2936 575 1438 2937 592 1439 2938 578 1440 2939 579 1441 2940 576 1437 2941 573 1435 2942 579 1441 2943 2524 1442 2944 576 1437 2945 580 1443 2946 575 1438 2947 578 1440 2948 580 1443 2949 578 1440 2950 581 1444 2951 2522 1445 2952 2524 1442 2953 579 1441 2954 2522 1445 2955 2523 1446 2956 2524 1442 2957 2527 1447 2958 580 1443 2959 581 1444 2960 2527 1447 2961 581 1444 2962 2526 1448 2963 582 1449 2964 591 457 2965 577 1436 2966 582 1449 2967 577 1436 2968 584 1450 2969 583 1451 2970 592 1439 2971 574 290 2972 583 1451 2973 585 1452 2974 592 1439 2975 598 1453 2976 582 1449 2977 584 1450 2978 598 1453 2979 584 1450 2980 586 1454 2981 3449 1455 2982 585 1452 2983 583 1451 2984 3449 1455 2985 3451 1456 2986 585 1452 2987 587 1457 2988 598 1453 2989 586 1454 2990 587 1457 2991 586 1454 2992 589 1458 2993 588 1459 2994 3451 1456 2995 3449 1455 2996 588 1459 2997 590 1460 2998 3451 1456 2999 2544 1461 3000 2528 1462 3001 2530 1463 3002 2544 1461 3003 2543 1464 3004 2528 1462 3005 615 1465 3006 2533 5 3007 614 1466 3008 615 1465 3009 614 1466 3010 2547 1467 3011 617 1468 3012 3454 1469 3013 2529 1470 3014 617 1468 3015 3456 1471 3016 3454 1469 3017 618 1472 3018 2551 1473 3019 2549 1472 3020 618 1472 3021 2549 1472 3022 2552 1473 3023 3455 1474 3024 3457 1475 3025 619 1476 3026 3455 1474 3027 622 1477 3028 3457 1475 3029 621 1478 3030 620 1479 3031 3458 1478 3032 621 1478 3033 3458 1478 3034 623 1479 3035 2544 1461 3036 2530 1463 3037 3459 1480 3038 2544 1461 3039 3459 1480 3040 2556 1481 3041 615 1465 3042 2531 1482 3043 2533 5 3044 615 1465 3045 2534 1483 3046 2531 1482 3047 625 1484 3048 3460 1485 3049 3461 1486 3050 625 1484 3051 3461 1486 3052 2558 1487 3053 2535 1488 3054 2536 1489 3055 2532 1490 3056 2535 1488 3057 2538 1491 3058 2536 1489 3059 2559 1492 3060 3462 1493 3061 3463 1494 3062 2559 1492 3063 3463 1494 3064 2560 1495 3065 2539 1496 3066 2540 1497 3067 2537 1498 3068 2539 1496 3069 2541 1499 3070 2540 1497 3071 602 1500 3072 603 457 3073 601 457 3074 602 1500 3075 2550 1501 3076 603 457 3077 2542 1502 3078 616 290 3079 2545 290 3080 2542 1502 3081 2545 290 3082 2546 1503 3083 3453 1504 3084 2550 1501 3085 602 1500 3086 3453 1504 3087 2548 1505 3088 2550 1501 3089 604 1506 3090 2542 1502 3091 2546 1503 3092 604 1506 3093 2546 1503 3094 2553 1507 3095 605 1508 3096 2548 1505 3097 3453 1504 3098 605 1508 3099 606 1509 3100 2548 1505 3101 2555 1510 3102 604 1506 3103 2553 1507 3104 2555 1510 3105 2553 1507 3106 2554 1511 3107 624 1512 3108 601 457 3109 603 457 3110 624 1512 3111 603 457 3112 607 1513 3113 2557 1514 3114 2545 290 3115 616 290 3116 2557 1514 3117 608 1515 3118 2545 290 3119 609 1516 3120 624 1512 3121 607 1513 3122 609 1516 3123 607 1513 3124 610 1517 3125 626 1518 3126 608 1515 3127 2557 1514 3128 626 1518 3129 611 1519 3130 608 1515 3131 627 1520 3132 609 1516 3133 610 1517 3134 627 1520 3135 610 1517 3136 612 1521 3137 628 1522 3138 611 1519 3139 626 1518 3140 628 1522 3141 613 1523 3142 611 1519 3143 3464 3 3144 2561 1524 3145 2563 3 3146 3464 3 3147 645 1525 3148 2561 1524 3149 644 5 3150 2579 1526 3151 2577 1527 3152 644 5 3153 2577 1527 3154 2582 1528 3155 2588 1529 3156 2564 1530 3157 2562 1531 3158 2588 1529 3159 2586 1532 3160 2564 1530 3161 646 1533 3162 2578 1534 3163 2583 1535 3164 646 1533 3165 2583 1535 3166 3466 1405 3167 648 1536 3168 649 1536 3169 2565 1537 3170 648 1536 3171 2589 1537 3172 649 1536 3173 3465 1538 3174 647 1538 3175 3468 1538 3176 3465 1538 3177 3468 1538 3178 651 1538 3179 3464 3 3180 2563 3 3181 2566 1539 3182 3464 3 3183 2566 1539 3184 3470 1540 3185 644 5 3186 2591 1482 3187 2579 1526 3188 644 5 3189 2594 1541 3190 2591 1482 3191 653 1542 3192 2567 1543 3193 2568 1542 3194 653 1542 3195 2568 1542 3196 2570 1543 3197 654 1544 3198 2595 1544 3199 2592 1545 3200 654 1544 3201 2574 1545 3202 2595 1544 3203 2571 1546 3204 2569 1547 3205 656 1546 3206 2571 1546 3207 656 1546 3208 2572 1546 3209 2573 1548 3210 2576 1548 3211 655 1549 3212 2573 1548 3213 2575 1550 3214 2576 1548 3215 630 1551 3216 642 457 3217 629 457 3218 630 1551 3219 643 1552 3220 642 457 3221 2587 1553 3222 631 290 3223 2580 1554 3224 2587 1553 3225 2580 1554 3226 2581 1555 3227 632 1556 3228 643 1552 3229 630 1551 3230 632 1556 3231 2584 1557 3232 643 1552 3233 2585 1558 3234 2587 1553 3235 2581 1555 3236 2585 1558 3237 2581 1555 3238 633 1559 3239 3467 1560 3240 2584 1557 3241 632 1556 3242 3467 1560 3243 634 1561 3244 2584 1557 3245 650 1562 3246 2585 1558 3247 633 1559 3248 650 1562 3249 633 1559 3250 2590 1563 3251 635 1564 3252 629 457 3253 642 457 3254 635 1564 3255 642 457 3256 652 1565 3257 3469 1566 3258 2580 1554 3259 631 290 3260 3469 1566 3261 2593 1567 3262 2580 1554 3263 636 1568 3264 635 1564 3265 652 1565 3266 636 1568 3267 652 1565 3268 2596 1569 3269 637 1570 3270 2593 1567 3271 3469 1566 3272 637 1570 3273 638 1571 3274 2593 1567 3275 3471 1572 3276 636 1568 3277 2596 1569 3278 3471 1572 3279 2596 1569 3280 640 1573 3281 639 1574 3282 638 1571 3283 637 1570 3284 639 1574 3285 641 1575 3286 638 1571 3287 674 1576 3288 2616 1577 3289 2615 3 3290 674 1576 3291 3473 1578 3292 2616 1577 3293 673 1579 3294 2603 5 3295 672 1580 3296 673 1579 3297 672 1580 3298 2619 1581 3299 3472 1582 3300 3474 1583 3301 671 1584 3302 3472 1582 3303 677 1585 3304 3474 1583 3305 675 1586 3306 2624 1587 3307 2621 1588 3308 675 1586 3309 2621 1588 3310 2599 1589 3311 2627 1590 3312 678 1591 3313 3475 1592 3314 2627 1590 3315 2625 1593 3316 678 1591 3317 2598 1414 3318 676 1415 3319 2600 1412 3320 2598 1414 3321 2600 1412 3322 2597 1413 3323 674 1576 3324 2615 3 3325 2607 1350 3326 674 1576 3327 2607 1350 3328 2629 1594 3329 673 1579 3330 2601 1595 3331 2603 5 3332 673 1579 3333 2604 1596 3334 2601 1595 3335 680 1597 3336 2606 1598 3337 2608 1599 3338 680 1597 3339 2608 1599 3340 2631 1600 3341 2605 1601 3342 2610 1602 3343 2602 1603 3344 2605 1601 3345 2612 1604 3346 2610 1602 3347 2632 1605 3348 2609 1605 3349 2614 1605 3350 2632 1605 3351 2614 1605 3352 2633 1606 3353 2613 1432 3354 3477 1432 3355 2611 1434 3356 2613 1432 3357 684 1434 3358 3477 1432 3359 2617 1607 3360 658 457 3361 670 457 3362 2617 1607 3363 2623 1608 3364 658 457 3365 657 1609 3366 2628 290 3367 2618 290 3368 657 1609 3369 2618 290 3370 2620 1610 3371 659 1611 3372 2623 1608 3373 2617 1607 3374 659 1611 3375 2622 1612 3376 2623 1608 3377 2626 1613 3378 657 1609 3379 2620 1610 3380 2626 1613 3381 2620 1610 3382 660 1614 3383 3476 1615 3384 2622 1612 3385 659 1611 3386 3476 1615 3387 661 1616 3388 2622 1612 3389 679 1617 3390 2626 1613 3391 660 1614 3392 679 1617 3393 660 1614 3394 662 1618 3395 663 1619 3396 670 457 3397 658 457 3398 663 1619 3399 658 457 3400 664 1620 3401 2630 1621 3402 2618 290 3403 2628 290 3404 2630 1621 3405 665 1622 3406 2618 290 3407 666 1623 3408 663 1619 3409 664 1620 3410 666 1623 3411 664 1620 3412 667 1624 3413 681 1625 3414 665 1622 3415 2630 1621 3416 681 1625 3417 668 1626 3418 665 1622 3419 669 1627 3420 666 1623 3421 667 1624 3422 669 1627 3423 667 1624 3424 682 1628 3425 683 1629 3426 668 1626 3427 681 1625 3428 683 1629 3429 2634 1630 3430 668 1626 3431 3478 1631 3432 2659 1632 3433 2642 3 3434 3478 1631 3435 3480 1578 3436 2659 1632 3437 701 1633 3438 2635 5 3439 2636 1580 3440 701 1633 3441 2636 1580 3442 2657 1581 3443 702 1634 3444 2660 1635 3445 2658 1585 3446 702 1634 3447 2639 1636 3448 2660 1635 3449 703 1637 3450 2637 1587 3451 705 1638 3452 703 1637 3453 705 1638 3454 2662 1639 3455 2638 1640 3456 2641 1641 3457 704 1642 3458 2638 1640 3459 2640 1643 3460 2641 1641 3461 2663 1644 3462 2666 1645 3463 2664 1646 3464 2663 1644 3465 2664 1646 3466 3481 1647 3467 3478 1631 3468 2642 3 3469 2643 1648 3470 3478 1631 3471 2643 1648 3472 3483 1594 3473 701 1633 3474 3485 1649 3475 2635 5 3476 701 1633 3477 2646 1650 3478 3485 1649 3479 709 1600 3480 2644 1600 3481 3487 1600 3482 709 1600 3483 3487 1600 3484 2653 1600 3485 2645 1601 3486 2649 1602 3487 708 1603 3488 2645 1601 3489 2647 1604 3490 2649 1602 3491 2652 1651 3492 710 1652 3493 2654 1653 3494 2652 1651 3495 2654 1653 3496 2651 1654 3497 2648 1655 3498 3488 1656 3499 2650 1657 3500 2648 1655 3501 3489 1658 3502 3488 1656 3503 700 1659 3504 688 457 3505 685 457 3506 700 1659 3507 687 1660 3508 688 457 3509 3479 1661 3510 686 290 3511 2655 290 3512 3479 1661 3513 2655 290 3514 2656 1662 3515 2661 1663 3516 687 1660 3517 700 1659 3518 2661 1663 3519 2665 1664 3520 687 1660 3521 689 1665 3522 3479 1661 3523 2656 1662 3524 689 1665 3525 2656 1662 3526 706 1666 3527 690 1667 3528 2665 1664 3529 2661 1663 3530 690 1667 3531 707 1668 3532 2665 1664 3533 691 1669 3534 689 1665 3535 706 1666 3536 691 1669 3537 706 1666 3538 692 1670 3539 693 1671 3540 685 457 3541 688 457 3542 693 1671 3543 688 457 3544 3484 1672 3545 3482 1673 3546 2655 290 3547 686 290 3548 3482 1673 3549 694 1674 3550 2655 290 3551 3486 1675 3552 693 1671 3553 3484 1672 3554 3486 1675 3555 3484 1672 3556 696 1676 3557 695 1677 3558 694 1674 3559 3482 1673 3560 695 1677 3561 697 1678 3562 694 1674 3563 698 1679 3564 3486 1675 3565 696 1676 3566 698 1679 3567 696 1676 3568 711 1680 3569 699 1681 3570 697 1678 3571 695 1677 3572 699 1681 3573 712 1682 3574 697 1678 3575 2684 1683 3576 2667 1684 3577 2669 1685 3578 2684 1683 3579 3491 1464 3580 2667 1684 3581 728 1686 3582 2691 5 3583 2671 1687 3584 728 1686 3585 2671 1687 3586 2690 1688 3587 729 1689 3588 3492 1689 3589 2668 1690 3590 729 1689 3591 2677 1690 3592 3492 1689 3593 730 1691 3594 2670 1473 3595 2672 1692 3596 730 1691 3597 2672 1692 3598 2674 1693 3599 2676 1475 3600 2679 1474 3601 3493 1477 3602 2676 1475 3603 2678 1476 3604 2679 1474 3605 2675 1694 3606 2673 1695 3607 3494 1696 3608 2675 1694 3609 3494 1696 3610 3495 1479 3611 2684 1683 3612 2669 1685 3613 2680 1697 3614 2684 1683 3615 2680 1697 3616 2682 1481 3617 728 1686 3618 2692 1698 3619 2691 5 3620 728 1686 3621 2694 1698 3622 2692 1698 3623 2683 1699 3624 2681 1700 3625 3497 1701 3626 2683 1699 3627 3497 1701 3628 737 1702 3629 735 1488 3630 2687 1489 3631 734 1490 3632 735 1488 3633 2697 1491 3634 2687 1489 3635 2699 1703 3636 736 1495 3637 3498 1704 3638 2699 1703 3639 3498 1704 3640 2700 1705 3641 738 1706 3642 2685 1707 3643 2686 1708 3644 738 1706 3645 740 1499 3646 2685 1707 3647 714 1709 3648 727 1710 3649 713 457 3650 714 1709 3651 716 1711 3652 727 1710 3653 3490 1712 3654 715 290 3655 2688 290 3656 3490 1712 3657 2688 290 3658 2689 1713 3659 731 1714 3660 716 1711 3661 714 1709 3662 731 1714 3663 718 1715 3664 716 1711 3665 717 1716 3666 3490 1712 3667 2689 1713 3668 717 1716 3669 2689 1713 3670 719 1717 3671 720 1718 3672 718 1715 3673 731 1714 3674 720 1718 3675 732 1719 3676 718 1715 3677 721 1720 3678 717 1716 3679 719 1717 3680 721 1720 3681 719 1717 3682 733 1721 3683 722 1722 3684 713 457 3685 727 1710 3686 722 1722 3687 727 1710 3688 2693 1723 3689 723 1724 3690 2688 290 3691 715 290 3692 723 1724 3693 2695 1725 3694 2688 290 3695 3496 1726 3696 722 1722 3697 2693 1723 3698 3496 1726 3699 2693 1723 3700 724 1727 3701 2698 1728 3702 2695 1725 3703 723 1724 3704 2698 1728 3705 2696 1729 3706 2695 1725 3707 725 1730 3708 3496 1726 3709 724 1727 3710 725 1730 3711 724 1727 3712 726 1731 3713 739 1732 3714 2696 1729 3715 2698 1728 3716 739 1732 3717 2701 1733 3718 2696 1729 3719 2727 1734 3720 2708 1524 3721 3499 1735 3722 2727 1734 3723 2725 1525 3724 2708 1524 3725 2704 5 3726 3500 5 3727 3501 1736 3728 2704 5 3729 3501 1736 3730 2702 1528 3731 2726 1737 3732 2705 1738 3733 2707 1531 3734 2726 1737 3735 2709 1739 3736 2705 1738 3737 2703 1740 3738 3502 1534 3739 2713 1740 3740 2703 1740 3741 2713 1740 3742 2711 1534 3743 2710 1741 3744 3503 1741 3745 2706 1742 3746 2710 1741 3747 2715 1742 3748 3503 1741 3749 2712 1743 3750 2714 1744 3751 2716 1745 3752 2712 1743 3753 2716 1745 3754 2717 1538 3755 2727 1734 3756 3499 1735 3757 2718 1746 3758 2727 1734 3759 2718 1746 3760 2720 1747 3761 2704 5 3762 762 1748 3763 3500 5 3764 2704 5 3765 3505 1749 3766 762 1748 3767 2721 1750 3768 2719 1543 3769 764 1751 3770 2721 1750 3771 764 1751 3772 3507 1752 3773 763 1544 3774 2731 1544 3775 2729 1545 3776 763 1544 3777 2723 1545 3778 2731 1544 3779 766 1753 3780 2734 1754 3781 767 1753 3782 766 1753 3783 767 1753 3784 3508 1753 3785 2722 1755 3786 768 1755 3787 765 1756 3788 2722 1755 3789 2724 1549 3790 768 1755 3791 741 1757 3792 742 1758 3793 757 457 3794 741 1757 3795 758 1759 3796 742 1758 3797 760 1760 3798 759 290 3799 743 1761 3800 760 1760 3801 743 1761 3802 744 1762 3803 745 1763 3804 758 1759 3805 741 1757 3806 745 1763 3807 747 1764 3808 758 1759 3809 746 1765 3810 760 1760 3811 744 1762 3812 746 1765 3813 744 1762 3814 748 1766 3815 761 1767 3816 747 1764 3817 745 1763 3818 761 1767 3819 750 1768 3820 747 1764 3821 749 1769 3822 746 1765 3823 748 1766 3824 749 1769 3825 748 1766 3826 751 1770 3827 752 1771 3828 757 457 3829 742 1758 3830 752 1771 3831 742 1758 3832 2728 1772 3833 753 1773 3834 743 1761 3835 759 290 3836 753 1773 3837 3504 1774 3838 743 1761 3839 2733 1775 3840 752 1771 3841 2728 1772 3842 2733 1775 3843 2728 1772 3844 2730 1776 3845 3506 1777 3846 3504 1774 3847 753 1773 3848 3506 1777 3849 754 1778 3850 3504 1774 3851 2732 1779 3852 2733 1775 3853 2730 1776 3854 2732 1779 3855 2730 1776 3856 2735 1780 3857 755 1781 3858 754 1778 3859 3506 1777 3860 755 1781 3861 756 1782 3862 754 1778 3863 2741 5 3864 2736 5 3865 2737 1783 3866 2741 5 3867 2737 1783 3868 2739 1784 3869 2754 1785 3870 785 1786 3871 2749 1787 3872 2754 1785 3873 3510 1788 3874 785 1786 3875 2740 1789 3876 2738 1790 3877 787 1791 3878 2740 1789 3879 787 1791 3880 3512 1792 3881 786 1793 3882 2761 1794 3883 2759 1795 3884 786 1793 3885 2743 1796 3886 2761 1794 3887 789 1797 3888 2764 1798 3889 790 1799 3890 789 1797 3891 790 1799 3892 3513 1800 3893 2742 1801 3894 791 1802 3895 788 1803 3896 2742 1801 3897 2744 1804 3898 791 1802 3899 2741 5 3900 2745 1805 3901 2736 5 3902 2741 5 3903 2747 1806 3904 2745 1805 3905 2754 1785 3906 2749 1787 3907 2750 1807 3908 2754 1785 3909 2750 1807 3910 2752 1808 3911 2748 1809 3912 2767 1809 3913 2746 1810 3914 2748 1809 3915 3515 1810 3916 2767 1809 3917 2753 1811 3918 2751 1812 3919 2755 1813 3920 2753 1811 3921 2755 1813 3922 794 1814 3923 793 1815 3924 2768 1816 3925 2766 1817 3926 793 1815 3927 3516 1818 3928 2768 1816 3929 2770 1819 3930 2756 1820 3931 2757 1821 3932 2770 1819 3933 2757 1821 3934 2771 1822 3935 769 1823 3936 770 457 3937 773 457 3938 769 1823 3939 773 457 3940 2758 1824 3941 772 1825 3942 774 290 3943 771 290 3944 772 1825 3945 3509 1826 3946 774 290 3947 2763 1827 3948 769 1823 3949 2758 1824 3950 2763 1827 3951 2758 1824 3952 2760 1828 3953 3511 1829 3954 3509 1826 3955 772 1825 3956 3511 1829 3957 775 1830 3958 3509 1826 3959 2762 1831 3960 2763 1827 3961 2760 1828 3962 2762 1831 3963 2760 1828 3964 2765 1832 3965 776 1833 3966 775 1830 3967 3511 1829 3968 776 1833 3969 777 1834 3970 775 1830 3971 778 1835 3972 773 457 3973 770 457 3974 778 1835 3975 780 1836 3976 773 457 3977 779 1837 3978 771 290 3979 774 290 3980 779 1837 3981 774 290 3982 781 1838 3983 792 1839 3984 780 1836 3985 778 1835 3986 792 1839 3987 782 1840 3988 780 1836 3989 3514 1841 3990 779 1837 3991 781 1838 3992 3514 1841 3993 781 1838 3994 2769 1842 3995 795 1843 3996 782 1840 3997 792 1839 3998 795 1843 3999 784 1844 4000 782 1840 4001 783 1845 4002 3514 1841 4003 2769 1842 4004 783 1845 4005 2769 1842 4006 796 1846 4007 2793 1847 4008 2772 1848 4009 2773 1849 4010 2793 1847 4011 2773 1849 4012 2794 1850 4013 814 1851 4014 2775 1852 4015 2777 1853 4016 814 1851 4017 2778 1854 4018 2775 1852 4019 815 1855 4020 2774 1856 4021 3519 1857 4022 815 1855 4023 3519 1857 4024 2782 1858 4025 2779 1859 4026 3521 1860 4027 2776 1861 4028 2779 1859 4029 2798 1862 4030 3521 1860 4031 2781 1863 4032 816 1864 4033 2783 1865 4034 2781 1863 4035 2783 1865 4036 2780 1866 4037 2797 1867 4038 3522 1868 4039 817 1869 4040 2797 1867 4041 2796 1870 4042 3522 1868 4043 2793 1847 4044 2800 1871 4045 2772 1848 4046 2793 1847 4047 3523 1872 4048 2800 1871 4049 814 1851 4050 2777 1853 4051 2784 1873 4052 814 1851 4053 2784 1873 4054 2786 1874 4055 3524 1875 4056 2801 1876 4057 2799 1877 4058 3524 1875 4059 3525 1878 4060 2801 1876 4061 2787 1879 4062 2785 1880 4063 2788 1879 4064 2787 1879 4065 2788 1879 4066 2790 1881 4067 3526 1882 4068 2803 1882 4069 2802 1882 4070 3526 1882 4071 3527 1883 4072 2803 1882 4073 2791 1884 4074 2789 1885 4075 2792 1884 4076 2791 1884 4077 2792 1884 4078 3528 1886 4079 797 1887 4080 798 457 4081 799 1888 4082 797 1887 4083 799 1888 4084 800 1889 4085 2795 1890 4086 3517 290 4087 813 290 4088 2795 1890 4089 801 1891 4090 3517 290 4091 3518 1892 4092 797 1887 4093 800 1889 4094 3518 1892 4095 800 1889 4096 3520 1893 4097 802 1894 4098 801 1891 4099 2795 1890 4100 802 1894 4101 818 1895 4102 801 1891 4103 803 1896 4104 3518 1892 4105 3520 1893 4106 803 1896 4107 3520 1893 4108 805 1897 4109 804 1898 4110 818 1895 4111 802 1894 4112 804 1898 4113 819 1899 4114 818 1895 4115 820 1900 4116 799 1888 4117 798 457 4118 820 1900 4119 807 1901 4120 799 1888 4121 806 1902 4122 813 290 4123 3517 290 4124 806 1902 4125 3517 290 4126 808 1903 4127 821 1904 4128 807 1901 4129 820 1900 4130 821 1904 4131 809 1905 4132 807 1901 4133 822 1906 4134 806 1902 4135 808 1903 4136 822 1906 4137 808 1903 4138 810 1907 4139 823 1908 4140 809 1905 4141 821 1904 4142 823 1908 4143 812 1909 4144 809 1905 4145 811 1910 4146 822 1906 4147 810 1907 4148 811 1910 4149 810 1907 4150 824 1911 4151 2809 1912 4152 2804 1913 4153 2805 1914 4154 2809 1912 4155 2805 1914 4156 2807 1915 4157 2823 1916 4158 2812 1917 4159 842 3 4160 2823 1916 4161 3530 1918 4162 2812 1917 4163 2808 1919 4164 2806 1920 4165 3531 1921 4166 2808 1919 4167 3531 1921 4168 3534 1922 4169 843 1793 4170 2810 1793 4171 2813 1923 4172 843 1793 4173 2814 1923 4174 2810 1793 4175 845 1924 4176 3532 1925 4177 2816 1926 4178 845 1924 4179 2816 1926 4180 2817 1927 4181 2815 1928 4182 3535 1928 4183 2811 1929 4184 2815 1928 4185 2818 1929 4186 3535 1928 4187 2809 1912 4188 3537 1930 4189 2804 1913 4190 2809 1912 4191 2819 1930 4192 3537 1930 4193 2823 1916 4194 842 3 4195 2829 1931 4196 2823 1916 4197 2829 1931 4198 2821 1932 4199 2820 1933 4200 2826 1934 4201 847 1935 4202 2820 1933 4203 2824 1936 4204 2826 1934 4205 2822 1811 4206 848 1937 4207 3538 1938 4208 2822 1811 4209 3538 1938 4210 3541 1939 4211 2825 1940 4212 850 1941 4213 2827 1942 4214 2825 1940 4215 852 1943 4216 850 1941 4217 849 1944 4218 3539 1945 4219 851 1946 4220 849 1944 4221 851 1946 4222 3543 1947 4223 825 1948 4224 826 457 4225 2830 1949 4226 825 1948 4227 2830 1949 4228 829 1950 4229 828 1951 4230 830 290 4231 827 290 4232 828 1951 4233 3529 1952 4234 830 290 4235 844 1953 4236 825 1948 4237 829 1950 4238 844 1953 4239 829 1950 4240 831 1954 4241 3533 1955 4242 3529 1952 4243 828 1951 4244 3533 1955 4245 832 1956 4246 3529 1952 4247 833 1957 4248 844 1953 4249 831 1954 4250 833 1957 4251 831 1954 4252 846 1958 4253 834 1959 4254 832 1956 4255 3533 1955 4256 834 1959 4257 835 1960 4258 832 1956 4259 3536 1961 4260 2830 1949 4261 826 457 4262 3536 1961 4263 2828 1962 4264 2830 1949 4265 836 1963 4266 827 290 4267 830 290 4268 836 1963 4269 830 290 4270 837 1964 4271 838 1965 4272 2828 1962 4273 3536 1961 4274 838 1965 4275 840 1966 4276 2828 1962 4277 839 1967 4278 836 1963 4279 837 1964 4280 839 1967 4281 837 1964 4282 3540 1968 4283 2831 1969 4284 840 1966 4285 838 1965 4286 2831 1969 4287 2832 1970 4288 840 1966 4289 3542 1971 4290 839 1967 4291 3540 1968 4292 3542 1971 4293 3540 1968 4294 841 1972 4295 3547 1847 4296 866 5 4297 3545 1973 4298 3547 1847 4299 3545 1973 4300 867 1974 4301 2835 3 4302 3548 1975 4303 865 1976 4304 2835 3 4305 868 1977 4306 3548 1975 4307 2841 1978 4308 3546 1979 4309 3551 1980 4310 2841 1978 4311 3551 1980 4312 2842 1981 4313 2847 1982 4314 3553 1983 4315 3549 1984 4316 2847 1982 4317 2845 1985 4318 3553 1983 4319 871 1986 4320 869 1986 4321 3554 1986 4322 871 1986 4323 3554 1986 4324 2848 1986 4325 872 1987 4326 3555 1987 4327 870 1988 4328 872 1987 4329 874 1988 4330 3555 1987 4331 3547 1847 4332 3556 1989 4333 866 5 4334 3547 1847 4335 2858 1990 4336 3556 1989 4337 2835 3 4338 865 1976 4339 2850 1931 4340 2835 3 4341 2850 1931 4342 2833 1991 4343 2857 1992 4344 3559 1993 4345 3557 1994 4346 2857 1992 4347 2855 1995 4348 3559 1993 4349 2834 1996 4350 875 1996 4351 2854 1996 4352 2834 1996 4353 2854 1996 4354 2836 1996 4355 2856 1997 4356 2839 1997 4357 877 1998 4358 2856 1997 4359 2838 1997 4360 2839 1997 4361 2837 1999 4362 878 2000 4363 3560 1999 4364 2837 1999 4365 3560 1999 4366 3561 2001 4367 853 2002 4368 3544 457 4369 2852 457 4370 853 2002 4371 2852 457 4372 855 2003 4373 2840 2004 4374 856 290 4375 854 290 4376 2840 2004 4377 2846 2005 4378 856 290 4379 3550 2006 4380 853 2002 4381 855 2003 4382 3550 2006 4383 855 2003 4384 3552 2007 4385 2843 2008 4386 2846 2005 4387 2840 2004 4388 2843 2008 4389 2844 2009 4390 2846 2005 4391 857 2010 4392 3550 2006 4393 3552 2007 4394 857 2010 4395 3552 2007 4396 858 2011 4397 873 2012 4398 2844 2009 4399 2843 2008 4400 873 2012 4401 2849 2013 4402 2844 2009 4403 859 2014 4404 2852 457 4405 3544 457 4406 859 2014 4407 2851 2015 4408 2852 457 4409 876 2016 4410 854 290 4411 856 290 4412 876 2016 4413 856 290 4414 860 2017 4415 3558 2018 4416 2851 2015 4417 859 2014 4418 3558 2018 4419 2853 2019 4420 2851 2015 4421 879 2020 4422 876 2016 4423 860 2017 4424 879 2020 4425 860 2017 4426 861 2021 4427 862 2022 4428 2853 2019 4429 3558 2018 4430 862 2022 4431 864 2023 4432 2853 2019 4433 863 2024 4434 879 2020 4435 861 2021 4436 863 2024 4437 861 2021 4438 880 2025 4439 2881 2026 4440 2859 5 4441 2860 2027 4442 2881 2026 4443 2860 2027 4444 2882 2028 4445 896 2029 4446 2862 2030 4447 2864 3 4448 896 2029 4449 2885 2031 4450 2862 2030 4451 897 2032 4452 2861 2033 4453 3562 1789 4454 897 2032 4455 3562 1789 4456 2887 2034 4457 898 2035 4458 2865 2036 4459 2863 2037 4460 898 2035 4461 2890 2038 4462 2865 2036 4463 900 2039 4464 3563 2040 4465 2867 2041 4466 900 2039 4467 2867 2041 4468 2868 2042 4469 901 1803 4470 2869 2043 4471 2866 2044 4472 901 1803 4473 2870 2045 4474 2869 2043 4475 2881 2026 4476 2871 2046 4477 2859 5 4478 2881 2026 4479 2892 2047 4480 2871 2046 4481 896 2029 4482 2864 3 4483 2873 2048 4484 896 2029 4485 2873 2048 4486 2875 2049 4487 902 2050 4488 2896 2051 4489 2872 2052 4490 902 2050 4491 2893 2053 4492 2896 2051 4493 2876 2054 4494 2874 2055 4495 2877 2056 4496 2876 2054 4497 2877 2056 4498 2879 2057 4499 2894 2058 4500 2897 2059 4501 2895 2058 4502 2894 2058 4503 2899 2058 4504 2897 2059 4505 2880 2060 4506 2878 2061 4507 906 2062 4508 2880 2060 4509 906 2062 4510 908 2063 4511 881 2064 4512 882 457 4513 883 2065 4514 881 2064 4515 883 2065 4516 884 2066 4517 2883 2067 4518 2886 290 4519 895 290 4520 2883 2067 4521 2884 2068 4522 2886 290 4523 899 2069 4524 881 2064 4525 884 2066 4526 899 2069 4527 884 2066 4528 885 2070 4529 2888 290 4530 2884 2068 4531 2883 2067 4532 2888 290 4533 2889 2071 4534 2884 2068 4535 886 2072 4536 899 2069 4537 885 2070 4538 886 2072 4539 885 2070 4540 888 2073 4541 887 2074 4542 2889 2071 4543 2888 290 4544 887 2074 4545 889 2075 4546 2889 2071 4547 890 2076 4548 883 2065 4549 882 457 4550 890 2076 4551 891 2077 4552 883 2065 4553 2891 2078 4554 895 290 4555 2886 290 4556 2891 2078 4557 2886 290 4558 892 2079 4559 903 2080 4560 891 2077 4561 890 2076 4562 903 2080 4563 893 2081 4564 891 2077 4565 904 290 4566 2891 2078 4567 892 2079 4568 904 290 4569 892 2079 4570 894 2082 4571 905 2083 4572 893 2081 4573 903 2080 4574 905 2083 4575 2898 2084 4576 893 2081 4577 907 2085 4578 904 290 4579 894 2082 4580 907 2085 4581 894 2082 4582 2900 2086 4583 2932 2087 4584 2901 5 4585 2902 2088 4586 2932 2087 4587 2902 2088 4588 2904 2028 4589 2906 2089 4590 3564 2030 4591 2918 3 4592 2906 2089 4593 2907 2031 4594 3564 2030 4595 2905 1789 4596 2903 2034 4597 2909 2032 4598 2905 1789 4599 2909 2032 4600 2911 2033 4601 2908 2090 4602 2915 2091 4603 3565 2038 4604 2908 2090 4605 2913 2092 4606 2915 2091 4607 2912 2039 4608 2910 2040 4609 927 2041 4610 2912 2039 4611 927 2041 4612 3566 2042 4613 2914 2093 4614 928 2093 4615 2916 2045 4616 2914 2093 4617 2917 2045 4618 928 2093 4619 2932 2087 4620 3567 2094 4621 2901 5 4622 2932 2087 4623 2930 2047 4624 3567 2094 4625 2906 2089 4626 2918 3 4627 2919 2095 4628 2906 2089 4629 2919 2095 4630 3570 2096 4631 931 1876 4632 2927 2097 4633 3568 2053 4634 931 1876 4635 2934 2098 4636 2927 2097 4637 932 2056 4638 2920 2057 4639 2921 2054 4640 932 2056 4641 2921 2054 4642 2923 2055 4643 933 2059 4644 2925 2058 4645 2926 2059 4646 933 2059 4647 2935 2058 4648 2925 2058 4649 2924 2099 4650 2922 2100 4651 3571 2099 4652 2924 2099 4653 3571 2099 4654 936 2063 4655 909 2101 4656 910 457 4657 912 457 4658 909 2101 4659 912 457 4660 925 2102 4661 911 2103 4662 913 2104 4663 926 290 4664 911 2103 4665 914 2105 4666 913 2104 4667 915 2106 4668 909 2101 4669 925 2102 4670 915 2106 4671 925 2102 4672 917 2107 4673 916 2108 4674 914 2105 4675 911 2103 4676 916 2108 4677 918 2109 4678 914 2105 4679 2929 2110 4680 915 2106 4681 917 2107 4682 2929 2110 4683 917 2107 4684 2928 2111 4685 929 2112 4686 918 2109 4687 916 2108 4688 929 2112 4689 919 2113 4690 918 2109 4691 930 2114 4692 912 457 4693 910 457 4694 930 2114 4695 920 2115 4696 912 457 4697 2931 2116 4698 926 290 4699 913 2104 4700 2931 2116 4701 913 2104 4702 3569 2117 4703 921 2118 4704 920 2115 4705 930 2114 4706 921 2118 4707 922 2119 4708 920 2115 4709 2933 2120 4710 2931 2116 4711 3569 2117 4712 2933 2120 4713 3569 2117 4714 923 2121 4715 924 2122 4716 922 2119 4717 921 2118 4718 924 2122 4719 934 2123 4720 922 2119 4721 935 2124 4722 2933 2120 4723 923 2121 4724 935 2124 4725 923 2121 4726 2936 2125 4727 2964 1912 4728 2963 1913 4729 2961 1914 4730 2964 1912 4731 2961 1914 4732 2965 1915 4733 957 2126 4734 3573 2127 4735 3574 3 4736 957 2126 4737 2938 2128 4738 3573 2127 4739 958 2129 4740 954 2130 4741 2944 2129 4742 958 2129 4743 2944 2129 4744 2967 2130 4745 2937 2131 4746 2941 2132 4747 955 1923 4748 2937 2131 4749 2939 2133 4750 2941 2132 4751 2968 2134 4752 2943 1925 4753 2945 2134 4754 2968 2134 4755 2945 2134 4756 2969 1925 4757 2940 2135 4758 2946 2136 4759 2942 2137 4760 2940 2135 4761 961 2138 4762 2946 2136 4763 2964 1912 4764 2949 1930 4765 2963 1913 4766 2964 1912 4767 2947 1930 4768 2949 1930 4769 957 2126 4770 3574 3 4771 3577 2139 4772 957 2126 4773 3577 2139 4774 2954 2139 4775 2948 2140 4776 3579 2141 4777 2950 2142 4778 2948 2140 4779 3580 2143 4780 3579 2141 4781 2953 1811 4782 962 1937 4783 2955 1938 4784 2953 1811 4785 2955 1938 4786 2951 1939 4787 3581 2144 4788 2958 1942 4789 963 2144 4790 3581 2144 4791 2957 1942 4792 2958 1942 4793 2952 2145 4794 2956 2146 4795 2959 2145 4796 2952 2145 4797 2959 2145 4798 2960 2147 4799 2962 2148 4800 953 457 4801 937 457 4802 2962 2148 4803 937 457 4804 3572 2149 4805 2966 2150 4806 3575 290 4807 956 290 4808 2966 2150 4809 938 2151 4810 3575 290 4811 939 2152 4812 2962 2148 4813 3572 2149 4814 939 2152 4815 3572 2149 4816 940 2153 4817 959 2154 4818 938 2151 4819 2966 2150 4820 959 2154 4821 941 2155 4822 938 2151 4823 942 2156 4824 939 2152 4825 940 2153 4826 942 2156 4827 940 2153 4828 943 2157 4829 960 2158 4830 941 2155 4831 959 2154 4832 960 2158 4833 2970 2159 4834 941 2155 4835 944 2160 4836 937 457 4837 953 457 4838 944 2160 4839 3576 2161 4840 937 457 4841 945 2162 4842 956 290 4843 3575 290 4844 945 2162 4845 3575 290 4846 946 2163 4847 3578 2164 4848 3576 2161 4849 944 2160 4850 3578 2164 4851 947 2165 4852 3576 2161 4853 964 2166 4854 945 2162 4855 946 2163 4856 964 2166 4857 946 2163 4858 948 2167 4859 949 2168 4860 947 2165 4861 3578 2164 4862 949 2168 4863 951 2169 4864 947 2165 4865 950 2170 4866 964 2166 4867 948 2167 4868 950 2170 4869 948 2167 4870 952 2171 4871 2993 5 4872 2987 2172 4873 3583 2173 4874 2993 5 4875 3583 2173 4876 2994 2174 4877 2971 3 4878 2992 2175 4879 978 3 4880 2971 3 4881 2972 1977 4882 2992 2175 4883 2995 2176 4884 979 2177 4885 2974 2178 4886 2995 2176 4887 2974 2178 4888 2976 2179 4889 2973 2180 4890 2980 2181 4891 980 1984 4892 2973 2180 4893 2978 2182 4894 2980 2181 4895 2977 1986 4896 2975 1986 4897 2982 1986 4898 2977 1986 4899 2982 1986 4900 2983 1986 4901 2979 2183 4902 3584 2184 4903 2981 2185 4904 2979 2183 4905 2984 1988 4906 3584 2184 4907 2993 5 4908 2985 2186 4909 2987 2172 4910 2993 5 4911 2998 2187 4912 2985 2186 4913 2971 3 4914 978 3 4915 2996 2188 4916 2971 3 4917 2996 2188 4918 986 2189 4919 985 2190 4920 2988 2191 4921 2986 1995 4922 985 2190 4923 3003 2192 4924 2988 2191 4925 3005 2193 4926 2997 1996 4927 3000 2194 4928 3005 2193 4929 3000 2194 4930 3007 2195 4931 988 2196 4932 990 2196 4933 2989 1997 4934 988 2196 4935 992 2196 4936 990 2196 4937 989 1999 4938 987 2197 4939 991 1999 4940 989 1999 4941 991 1999 4942 3585 2000 4943 3582 2198 4944 965 457 4945 2990 2199 4946 3582 2198 4947 2990 2199 4948 2991 2200 4949 982 2201 4950 966 2202 4951 981 290 4952 982 2201 4953 967 2203 4954 966 2202 4955 968 2204 4956 3582 2198 4957 2991 2200 4958 968 2204 4959 2991 2200 4960 970 2205 4961 969 2206 4962 967 2203 4963 982 2201 4964 969 2206 4965 971 2207 4966 967 2203 4967 972 2208 4968 968 2204 4969 970 2205 4970 972 2208 4971 970 2205 4972 983 2209 4973 973 2210 4974 971 2207 4975 969 2206 4976 973 2210 4977 974 2211 4978 971 2207 4979 975 2212 4980 2990 2199 4981 965 457 4982 975 2212 4983 984 2213 4984 2990 2199 4985 2999 2214 4986 981 290 4987 966 2202 4988 2999 2214 4989 966 2202 4990 3004 2215 4991 976 2216 4992 984 2213 4993 975 2212 4994 976 2216 4995 3001 2217 4996 984 2213 4997 3002 2218 4998 2999 2214 4999 3004 2215 5000 3002 2218 5001 3004 2215 5002 3006 2219 5003 3008 2220 5004 3001 2217 5005 976 2216 5006 3008 2220 5007 3009 2221 5008 3001 2217 5009 3010 2222 5010 3002 2218 5011 3006 2219 5012 3010 2222 5013 3006 2219 5014 977 2223 5015 3038 2224 5016 3586 2225 5017 3588 457 5018 3038 2224 5019 3036 2226 5020 3586 2225 5021 3016 2227 5022 3011 290 5023 3012 2228 5024 3016 2227 5025 3012 2228 5026 3014 2229 5027 3037 2230 5028 3040 2231 5029 3587 2232 5030 3037 2230 5031 3589 2233 5032 3040 2231 5033 3015 2234 5034 3013 2235 5035 3017 2234 5036 3015 2234 5037 3017 2234 5038 3019 2235 5039 3590 2236 5040 3041 2237 5041 3039 2238 5042 3590 2236 5043 3591 2239 5044 3041 2237 5045 3020 2240 5046 3018 2241 5047 3021 2242 5048 3020 2240 5049 3021 2242 5050 3022 2243 5051 3038 2224 5052 3588 457 5053 3023 2244 5054 3038 2224 5055 3023 2244 5056 3025 2244 5057 3016 2227 5058 3043 2245 5059 3011 290 5060 3016 2227 5061 3027 2245 5062 3043 2245 5063 3026 2246 5064 3024 2247 5065 3029 2248 5066 3026 2246 5067 3029 2248 5068 3047 2249 5069 3028 2250 5070 3044 2251 5071 3042 2252 5072 3028 2250 5073 3031 2253 5074 3044 2251 5075 3046 2254 5076 3030 2255 5077 3033 2256 5078 3046 2254 5079 3033 2256 5080 3048 2257 5081 3032 2258 5082 3035 2259 5083 3045 2260 5084 3032 2258 5085 3034 2261 5086 3035 2259 5087 993 2262 5088 995 5 5089 1011 5 5090 993 2262 5091 994 2263 5092 995 5 5093 1013 2264 5094 1012 3 5095 996 3 5096 1013 2264 5097 996 3 5098 997 2265 5099 1014 2266 5100 994 2263 5101 993 2262 5102 1014 2266 5103 999 2267 5104 994 2263 5105 998 2268 5106 1013 2264 5107 997 2265 5108 998 2268 5109 997 2265 5110 1000 2269 5111 1015 2270 5112 999 2267 5113 1014 2266 5114 1015 2270 5115 1001 2271 5116 999 2267 5117 1016 2272 5118 998 2268 5119 1000 2269 5120 1016 2272 5121 1000 2269 5122 1002 3 5123 1003 2273 5124 1011 5 5125 995 5 5126 1003 2273 5127 995 5 5128 1017 2274 5129 1004 2275 5130 996 3 5131 1012 3 5132 1004 2275 5133 1005 2276 5134 996 3 5135 1006 2277 5136 1003 2273 5137 1017 2274 5138 1006 2277 5139 1017 2274 5140 1018 2278 5141 1019 2279 5142 1005 2276 5143 1004 2275 5144 1019 2279 5145 1007 2280 5146 1005 2276 5147 1008 2281 5148 1006 2277 5149 1018 2278 5150 1008 2281 5151 1018 2278 5152 1009 2282 5153 1020 2283 5154 1007 2280 5155 1019 2279 5156 1020 2283 5157 1010 3 5158 1007 2280 5159 3076 2284 5160 1037 2285 5161 3059 2286 5162 3076 2284 5163 3592 2287 5164 1037 2285 5165 3051 2288 5166 3064 2289 5167 3595 2290 5168 3051 2288 5169 3595 2290 5170 3049 2291 5171 3593 2292 5172 3074 2232 5173 3073 2293 5174 3593 2292 5175 3596 2294 5176 3074 2232 5177 3050 2295 5178 1038 2296 5179 3054 2297 5180 3050 2295 5181 3054 2297 5182 3052 2298 5183 3597 2299 5184 3057 2300 5185 1040 2301 5186 3597 2299 5187 3056 2302 5188 3057 2300 5189 3053 2303 5190 3055 2304 5191 3058 2305 5192 3053 2303 5193 3058 2305 5194 3598 2306 5195 3076 2284 5196 3059 2286 5197 3060 2307 5198 3076 2284 5199 3060 2307 5200 3077 2308 5201 3051 2288 5202 3062 2309 5203 3064 2289 5204 3051 2288 5205 3065 2310 5206 3062 2309 5207 3078 2311 5208 3061 2312 5209 3067 2313 5210 3078 2311 5211 3067 2313 5212 3069 2314 5213 3066 2315 5214 1044 2316 5215 3063 2317 5216 3066 2315 5217 3085 2253 5218 1044 2316 5219 3070 2318 5220 3068 2319 5221 1046 2318 5222 3070 2318 5223 1046 2318 5224 3071 2319 5225 3084 2320 5226 1047 2321 5227 3082 2322 5228 3084 2320 5229 3083 2323 5230 1047 2321 5231 3072 5 5232 1023 5 5233 1021 5 5234 3072 5 5235 3594 5 5236 1023 5 5237 1022 2324 5238 1039 3 5239 1024 3 5240 1022 2324 5241 1024 3 5242 1025 2325 5243 3075 2326 5244 3594 5 5245 3072 5 5246 3075 2326 5247 1026 2327 5248 3594 5 5249 1041 2328 5250 1022 2324 5251 1025 2325 5252 1041 2328 5253 1025 2325 5254 1027 2329 5255 1028 2330 5256 1026 2327 5257 3075 2326 5258 1028 2330 5259 1030 5 5260 1026 2327 5261 1029 2331 5262 1041 2328 5263 1027 2329 5264 1029 2331 5265 1027 2329 5266 1042 2332 5267 1031 2333 5268 1021 5 5269 1023 5 5270 1031 2333 5271 1023 5 5272 1032 2334 5273 1043 2335 5274 1024 3 5275 1039 3 5276 1043 2335 5277 1033 2336 5278 1024 3 5279 1034 2337 5280 1031 2333 5281 1032 2334 5282 1034 2337 5283 1032 2334 5284 3081 2338 5285 1035 2339 5286 1033 2336 5287 1043 2335 5288 1035 2339 5289 1045 2340 5290 1033 2336 5291 3080 2341 5292 1034 2337 5293 3081 2338 5294 3080 2341 5295 3081 2338 5296 3079 5 5297 1036 2342 5298 1045 2340 5299 1035 2339 5300 1036 2342 5301 1048 3 5302 1045 2340 5303 3086 2343 5304 3107 2344 5305 3106 457 5306 3086 2343 5307 3087 2345 5308 3107 2344 5309 3600 2346 5310 1065 2289 5311 3089 2347 5312 3600 2346 5313 3089 2347 5314 3091 2348 5315 3088 2349 5316 3109 2350 5317 1066 2351 5318 3088 2349 5319 3093 2352 5320 3109 2350 5321 3092 2353 5322 3090 2354 5323 1069 2355 5324 3092 2353 5325 1069 2355 5326 3601 2356 5327 3094 2357 5328 3096 2357 5329 1068 2301 5330 3094 2357 5331 3095 2301 5332 3096 2357 5333 3602 2358 5334 3113 2359 5335 3111 2358 5336 3602 2358 5337 3111 2358 5338 3603 2359 5339 3086 2343 5340 3106 457 5341 3115 2360 5342 3086 2343 5343 3115 2360 5344 3097 2360 5345 3600 2346 5346 3101 2361 5347 1065 2289 5348 3600 2346 5349 3099 2361 5350 3101 2361 5351 3098 2362 5352 1072 2363 5353 3604 2364 5354 3098 2362 5355 3604 2364 5356 3607 2365 5357 3100 2366 5358 3103 2367 5359 3102 2368 5360 3100 2366 5361 1074 2369 5362 3103 2367 5363 1073 2370 5364 3605 2371 5365 3608 2370 5366 1073 2370 5367 3608 2370 5368 3609 2371 5369 3118 2372 5370 3105 2373 5371 3104 2322 5372 3118 2372 5373 3116 2374 5374 3105 2373 5375 3108 2375 5376 3599 2376 5377 1064 5 5378 3108 2375 5379 1051 2377 5380 3599 2376 5381 1050 3 5382 1049 3 5383 1067 3 5384 1050 3 5385 1067 3 5386 1052 3 5387 3110 2378 5388 1051 2377 5389 3108 2375 5390 3110 2378 5391 3112 2379 5392 1051 2377 5393 1053 2380 5394 1050 3 5395 1052 3 5396 1053 2380 5397 1052 3 5398 1070 2381 5399 1054 2330 5400 3112 2379 5401 3110 2378 5402 1054 2330 5403 1071 5 5404 3112 2379 5405 1055 2382 5406 1053 2380 5407 1070 2381 5408 1055 2382 5409 1070 2381 5410 1056 3 5411 3114 2383 5412 1064 5 5413 3599 2376 5414 3114 2383 5415 3599 2376 5416 1058 2384 5417 1057 3 5418 1067 3 5419 1049 3 5420 1057 3 5421 1059 3 5422 1067 3 5423 1060 2385 5424 3114 2383 5425 1058 2384 5426 1060 2385 5427 1058 2384 5428 1061 2386 5429 3606 2387 5430 1059 3 5431 1057 3 5432 3606 2387 5433 3117 2388 5434 1059 3 5435 1075 2389 5436 1060 2385 5437 1061 2386 5438 1075 2389 5439 1061 2386 5440 1063 5 5441 1062 2390 5442 3117 2388 5443 3606 2387 5444 1062 2390 5445 1076 2391 5446 3117 2388 5447 3122 2392 5448 3119 2393 5449 3121 2394 5450 3122 2392 5451 3123 2395 5452 3119 2393 5453 3127 2396 5454 3144 290 5455 3142 2397 5456 3127 2396 5457 3142 2397 5458 3125 2398 5459 3124 2399 5460 3128 2400 5461 3120 2401 5462 3124 2399 5463 3130 2402 5464 3128 2400 5465 3126 2403 5466 3143 2404 5467 3133 2405 5468 3126 2403 5469 3133 2405 5470 3146 2406 5471 3131 2407 5472 3610 2408 5473 3129 2409 5474 3131 2407 5475 3132 2410 5476 3610 2408 5477 3145 2411 5478 3134 2412 5479 3135 2413 5480 3145 2411 5481 3135 2413 5482 3147 2359 5483 3122 2392 5484 3121 2394 5485 1097 2414 5486 3122 2392 5487 1097 2414 5488 3612 2415 5489 3127 2396 5490 3149 2416 5491 3144 290 5492 3127 2396 5493 3614 2417 5494 3149 2416 5495 1099 2418 5496 3153 2419 5497 3151 2420 5498 1099 2418 5499 3151 2420 5500 3138 2421 5501 1100 2422 5502 3155 2423 5503 1098 2424 5504 1100 2422 5505 3140 2425 5506 3155 2423 5507 3137 2426 5508 1101 2427 5509 1103 2428 5510 3137 2426 5511 1103 2428 5512 3136 2371 5513 3139 2429 5514 1104 2430 5515 1102 2431 5516 3139 2429 5517 3141 2432 5518 1104 2430 5519 1078 2433 5520 1092 2434 5521 1077 5 5522 1078 2433 5523 1093 2435 5524 1092 2434 5525 1080 3 5526 1079 3 5527 1081 3 5528 1080 3 5529 1081 3 5530 1082 3 5531 1083 2436 5532 1093 2435 5533 1078 2433 5534 1083 2436 5535 1085 5 5536 1093 2435 5537 1084 2437 5538 1080 3 5539 1082 3 5540 1084 2437 5541 1082 3 5542 1094 2438 5543 1095 5 5544 1085 5 5545 1083 2436 5546 1095 5 5547 1087 5 5548 1085 5 5549 1086 2439 5550 1084 2437 5551 1094 2438 5552 1086 2439 5553 1094 2438 5554 1096 3 5555 3152 2440 5556 1077 5 5557 1092 2434 5558 3152 2440 5559 1092 2434 5560 3148 2441 5561 3611 3 5562 1081 3 5563 1079 3 5564 3611 3 5565 3613 3 5566 1081 3 5567 3150 2442 5568 3152 2440 5569 3148 2441 5570 3150 2442 5571 3148 2441 5572 3154 2443 5573 1088 2444 5574 3613 3 5575 3611 3 5576 1088 2444 5577 1089 2445 5578 3613 3 5579 3156 2446 5580 3150 2442 5581 3154 2443 5582 3156 2446 5583 3154 2443 5584 3157 5 5585 1090 2447 5586 1089 2445 5587 1088 2444 5588 1090 2447 5589 1091 3 5590 1089 2445 5591 3177 2448 5592 3615 2449 5593 3617 2450 5594 3177 2448 5595 3176 2451 5596 3615 2449 5597 1119 2452 5598 3158 2453 5599 3159 2454 5600 1119 2452 5601 3159 2454 5602 3180 2455 5603 1121 2456 5604 3163 2456 5605 3616 2457 5606 1121 2456 5607 3161 2457 5608 3163 2456 5609 1122 2458 5610 3160 2459 5611 3619 2460 5612 1122 2458 5613 3619 2460 5614 3181 2355 5615 3162 2461 5616 1125 2462 5617 3164 2463 5618 3162 2461 5619 3165 2464 5620 1125 2462 5621 3182 2465 5622 1123 2466 5623 3621 2467 5624 3182 2465 5625 3621 2467 5626 3183 2468 5627 3177 2448 5628 3617 2450 5629 3189 2469 5630 3177 2448 5631 3189 2469 5632 3184 2470 5633 1119 2452 5634 3166 2471 5635 3158 2453 5636 1119 2452 5637 3168 2472 5638 3166 2471 5639 1128 2473 5640 3188 2473 5641 3186 2473 5642 1128 2473 5643 3186 2473 5644 3190 2473 5645 3169 2474 5646 1130 2475 5647 3167 2476 5648 3169 2474 5649 3170 2477 5650 1130 2475 5651 3191 2478 5652 1129 2479 5653 3172 2478 5654 3191 2478 5655 3172 2478 5656 3173 2479 5657 3171 2480 5658 3194 2481 5659 3193 2482 5660 3171 2480 5661 3174 2483 5662 3194 2481 5663 1118 2484 5664 1107 5 5665 1105 5 5666 1118 2484 5667 1106 2485 5668 1107 5 5669 3175 2486 5670 1120 3 5671 3178 3 5672 3175 2486 5673 3178 3 5674 3179 2487 5675 1108 2488 5676 1106 2485 5677 1118 2484 5678 1108 2488 5679 3618 2489 5680 1106 2485 5681 1109 2490 5682 3175 2486 5683 3179 2487 5684 1109 2490 5685 3179 2487 5686 1124 2491 5687 3620 2492 5688 3618 2489 5689 1108 2488 5690 3620 2492 5691 1111 5 5692 3618 2489 5693 1110 2493 5694 1109 2490 5695 1124 2491 5696 1110 2493 5697 1124 2491 5698 1126 3 5699 1127 2494 5700 1105 5 5701 1107 5 5702 1127 2494 5703 1107 5 5704 1112 2495 5705 3185 3 5706 3178 3 5707 1120 3 5708 3185 3 5709 1113 3 5710 3178 3 5711 3187 2496 5712 1127 2494 5713 1112 2495 5714 3187 2496 5715 1112 2495 5716 3192 2497 5717 1131 2498 5718 1113 3 5719 3185 3 5720 1131 2498 5721 1114 2499 5722 1113 3 5723 1115 2500 5724 3187 2496 5725 3192 2497 5726 1115 2500 5727 3192 2497 5728 1132 5 5729 1116 2501 5730 1114 2499 5731 1131 2498 5732 1116 2501 5733 1117 3 5734 1114 2499 5735 3207 2502 5736 1144 2503 5737 3198 2504 5738 3207 2502 5739 3206 2505 5740 1144 2503 5741 1145 2506 5742 1143 2507 5743 3623 2508 5744 1145 2506 5745 3623 2508 5746 3210 2509 5747 1147 2510 5748 3213 2511 5749 3212 2512 5750 1147 2510 5751 3216 2513 5752 3213 2511 5753 1148 2514 5754 3624 2515 5755 1150 2516 5756 1148 2514 5757 1150 2516 5758 3197 2517 5759 1151 2518 5760 3217 2519 5761 1149 2301 5762 1151 2518 5763 3221 2520 5764 3217 2519 5765 3196 2521 5766 3220 2522 5767 1153 2523 5768 3196 2521 5769 1153 2523 5770 3195 2359 5771 3207 2502 5772 3198 2504 5773 3199 2524 5774 3207 2502 5775 3199 2524 5776 3222 2525 5777 1145 2506 5778 3204 2526 5779 1143 2507 5780 1145 2506 5781 3225 2527 5782 3204 2526 5783 1155 2528 5784 3200 2529 5785 3625 2530 5786 1155 2528 5787 3625 2530 5788 3628 2531 5789 1156 2532 5790 3201 2533 5791 3203 2534 5792 1156 2532 5793 3226 2535 5794 3201 2533 5795 3627 2536 5796 3626 2371 5797 3629 2536 5798 3627 2536 5799 3629 2536 5800 1160 2371 5801 1158 2537 5802 3631 2538 5803 3202 2539 5804 1158 2537 5805 3632 2540 5806 3631 2538 5807 3211 5 5808 3622 5 5809 1133 5 5810 3211 5 5811 1134 2541 5812 3622 5 5813 3205 2542 5814 1146 3 5815 3208 2543 5816 3205 2542 5817 3208 2543 5818 3209 2544 5819 3214 2545 5820 1134 2541 5821 3211 5 5822 3214 2545 5823 3219 2546 5824 1134 2541 5825 3215 2547 5826 3205 2542 5827 3209 2544 5828 3215 2547 5829 3209 2544 5830 1135 2548 5831 1152 2492 5832 3219 2546 5833 3214 2545 5834 1152 2492 5835 3218 5 5836 3219 2546 5837 1154 2549 5838 3215 2547 5839 1135 2548 5840 1154 2549 5841 1135 2548 5842 1136 2550 5843 1137 5 5844 1133 5 5845 3622 5 5846 1137 5 5847 3622 5 5848 1138 5 5849 3223 2551 5850 3208 2543 5851 1146 3 5852 3223 2551 5853 3224 2552 5854 3208 2543 5855 1157 2553 5856 1137 5 5857 1138 5 5858 1157 2553 5859 1138 5 5860 1140 2554 5861 1139 2555 5862 3224 2552 5863 3223 2551 5864 1139 2555 5865 3227 2556 5866 3224 2552 5867 1141 2557 5868 1157 2553 5869 1140 2554 5870 1141 2557 5871 1140 2554 5872 1159 5 5873 3630 2558 5874 3227 2556 5875 1139 2555 5876 3630 2558 5877 1142 2559 5878 3227 2556 5879 3232 2560 5880 1161 2561 5881 3633 2562 5882 3634 2563 5883 1161 2561 5884 1226 2564 5885 1226 2564 5886 1161 2561 5887 3230 2565 5888 3230 2565 5889 1161 2561 5890 3228 2566 5891 3228 2566 5892 1161 2561 5893 3232 2560 5894 3234 2567 5895 1165 2568 5896 3637 2569 5897 3323 2570 5898 1165 2568 5899 3235 2571 5900 3325 2572 5901 1165 2568 5902 3323 2570 5903 3639 2573 5904 1165 2568 5905 3325 2572 5906 3637 2569 5907 1165 2568 5908 3639 2573 5909 3284 2574 5910 1168 2575 5911 3240 2576 5912 3239 2577 5913 1168 2575 5914 3237 2578 5915 3237 2578 5916 1168 2575 5917 3243 2579 5918 3243 2579 5919 1168 2575 5920 3282 2580 5921 3282 2580 5922 1168 2575 5923 3284 2574 5924 3644 2581 5925 1173 2582 5926 3641 2583 5927 3646 2584 5928 1173 2582 5929 3645 2585 5930 3279 2586 5931 1173 2582 5932 3646 2584 5933 3277 2587 5934 1173 2582 5935 3279 2586 5936 3641 2583 5937 1173 2582 5938 3277 2587 5939 3649 2588 5940 1175 2589 5941 3293 2590 5942 3294 2591 5943 1175 2589 5944 3247 2592 5945 3247 2592 5946 1175 2589 5947 3245 2593 5948 3245 2593 5949 1175 2589 5950 1212 2594 5951 1212 2594 5952 1175 2589 5953 3649 2588 5954 3290 2595 5955 1179 2596 5956 3301 2597 5957 3285 2598 5958 1179 2596 5959 3288 2599 5960 3295 2600 5961 1179 2596 5962 3285 2598 5963 3297 2601 5964 1179 2596 5965 3295 2600 5966 3301 2597 5967 1179 2596 5968 3297 2601 5969 3651 2602 5970 1180 2603 5971 3249 2604 5972 3250 2605 5973 1180 2603 5974 3308 2606 5975 3308 2606 5976 1180 2603 5977 3304 2607 5978 3304 2607 5979 1180 2603 5980 3653 2608 5981 3653 2608 5982 1180 2603 5983 3651 2602 5984 3657 2609 5985 1184 2610 5986 3655 2611 5987 3660 2612 5988 1184 2610 5989 3658 2613 5990 3306 2614 5991 1184 2610 5992 3660 2612 5993 3309 2615 5994 1184 2610 5995 3306 2614 5996 3655 2611 5997 1184 2610 5998 3309 2615 5999 3256 2616 6000 1186 2617 6001 3312 2618 6002 3313 2619 6003 1186 2617 6004 3319 2620 6005 3319 2620 6006 1186 2617 6007 3254 2621 6008 3254 2621 6009 1186 2617 6010 3252 2622 6011 3252 2622 6012 1186 2617 6013 3256 2616 6014 3258 2623 6015 1190 2624 6016 3662 2625 6017 3317 2626 6018 1190 2624 6019 3259 2627 6020 3261 2628 6021 1190 2624 6022 3317 2626 6023 3263 2629 6024 1190 2624 6025 3261 2628 6026 3662 2625 6027 1190 2624 6028 3263 2629 6029 3330 2630 6030 1194 2631 6031 3268 2632 6032 3267 2633 6033 1194 2631 6034 3265 2634 6035 3265 2634 6036 1194 2631 6037 3331 2635 6038 3331 2635 6039 1194 2631 6040 3333 2636 6041 3333 2636 6042 1194 2631 6043 3330 2630 6044 3270 2637 6045 1197 2638 6046 1229 2639 6047 3664 2640 6048 1197 2638 6049 3271 2641 6050 3273 2642 6051 1197 2638 6052 3664 2640 6053 3275 2643 6054 1197 2638 6055 3273 2642 6056 1229 2639 6057 1197 2638 6058 3275 2643 6059 3642 2644 6060 3283 2645 6061 3643 2646 6062 3643 2646 6063 3283 2645 6064 3241 2647 6065 1201 2648 6066 3242 2648 6067 3647 2649 6068 3648 2650 6069 1170 2651 6070 3238 2652 6071 1174 2653 6072 1169 2654 6073 3280 2655 6074 3280 2655 6075 1169 2654 6076 3244 2656 6077 1203 2657 6078 1171 2658 6079 3278 2659 6080 3278 2659 6081 1171 2658 6082 3281 2660 6083 1204 2661 6084 1205 2662 6085 1172 2663 6086 1172 2663 6087 1205 2662 6088 1202 2664 6089 1206 2665 6090 3650 2666 6091 3289 2667 6092 3289 2667 6093 3650 2666 6094 3291 2668 6095 1209 2669 6096 3292 2669 6097 3286 2670 6098 3287 2671 6099 1208 2671 6100 3248 2672 6101 1207 2673 6102 1177 2674 6103 3296 2675 6104 3296 2675 6105 1177 2674 6106 3246 2673 6107 1210 2676 6108 1178 2677 6109 3298 2678 6110 3298 2678 6111 1178 2677 6112 3299 2679 6113 1211 2680 6114 3300 2681 6115 3302 2682 6116 3302 2682 6117 3300 2681 6118 1176 2683 6119 3656 2684 6120 3652 2685 6121 3659 2686 6122 3659 2686 6123 3652 2685 6124 3251 2687 6125 1214 2688 6126 1181 2689 6127 3661 2690 6128 3661 2690 6129 1181 2689 6130 1215 2691 6131 1185 2673 6132 3307 2692 6133 3305 2693 6134 3305 2693 6135 3307 2692 6136 3303 2694 6137 1216 2695 6138 1217 2696 6139 3310 2697 6140 3310 2697 6141 1217 2696 6142 3654 2698 6143 1218 2699 6144 1182 2700 6145 1183 2701 6146 1183 2701 6147 1182 2700 6148 1213 2702 6149 3663 2703 6150 3257 2704 6151 3260 2705 6152 3260 2705 6153 3257 2704 6154 3314 2706 6155 1191 2707 6156 3311 2708 6157 3315 2709 6158 3316 2710 6159 1221 2711 6160 3318 2712 6161 1220 2713 6162 1222 2714 6163 3262 2715 6164 3262 2715 6165 1222 2714 6166 3255 2716 6167 1192 2717 6168 1188 2718 6169 3264 2719 6170 3264 2719 6171 1188 2718 6172 3253 2720 6173 1193 2721 6174 1189 2722 6175 1219 2723 6176 1219 2723 6177 1189 2722 6178 1187 2724 6179 3638 2725 6180 3233 2726 6181 3236 2727 6182 3236 2727 6183 3233 2726 6184 3635 2728 6185 1166 2729 6186 3636 2730 6187 3324 2731 6188 3322 2732 6189 1224 2733 6190 3320 2734 6191 1225 2735 6192 3321 2736 6193 3326 2737 6194 3326 2737 6195 3321 2736 6196 3231 2738 6197 1227 2739 6198 1163 2740 6199 3640 2741 6200 3640 2741 6201 1163 2740 6202 3229 2742 6203 1167 2743 6204 1164 2744 6205 1223 2745 6206 1223 2745 6207 1164 2744 6208 1162 2746 6209 3327 2747 6210 3329 2748 6211 3272 2749 6212 3272 2749 6213 3329 2748 6214 3269 2750 6215 1198 2751 6216 1196 2752 6217 3665 2753 6218 3665 2753 6219 1196 2752 6220 3266 2754 6221 1230 2755 6222 1195 2756 6223 3274 2757 6224 3274 2757 6225 1195 2756 6226 3332 2758 6227 1199 2759 6228 1231 2760 6229 3276 2761 6230 3276 2761 6231 1231 2760 6232 1232 2762 6233 1200 2763 6234 3334 2764 6235 3328 2765 6236 3328 2765 6237 3334 2764 6238 1228 2766 6239 2 2767 6240 1 2768 6241 0 2769 6242 5 2770 6243 4 2770 6244 3 2771 6245 8 2772 6246 7 2773 6247 6 2773 6248 1233 2774 6249 1238 2775 6250 1239 2775 6251 1235 2776 6252 1236 2777 6253 1234 2778 6254 1235 2776 6255 1237 2779 6256 1236 2777 6257 1237 2779 6258 3335 2780 6259 1236 2777 6260 1237 2779 6261 3336 2781 6262 3335 2780 6263 4070 2782 6264 3683 2783 6265 3699 2784 6266 3683 2783 6267 4070 2782 6268 3689 2783 6269 4075 2785 6270 3681 2786 6271 3666 2787 6272 3681 2786 6273 4075 2785 6274 3674 457 6275 4074 2788 6276 3666 2787 6277 3668 2789 6278 3666 2787 6279 4074 2788 6280 4075 2785 6281 3687 2790 6282 3668 2789 6283 3671 2791 6284 3668 2789 6285 3687 2790 6286 4074 2788 6287 4076 2792 6288 3674 457 6289 4075 2785 6290 3674 457 6291 4076 2792 6292 3673 457 6293 3676 2793 6294 3677 2794 6295 3675 2795 6296 3677 2794 6297 3676 2793 6298 1340 2796 6299 3695 2797 6300 4074 2788 6301 3687 2790 6302 4074 2788 6303 3695 2797 6304 1341 2798 6305 3702 2799 6306 3673 457 6307 4076 2792 6308 3673 457 6309 3702 2799 6310 3678 457 6311 3703 2800 6312 4076 2792 6313 1341 2798 6314 4076 2792 6315 3703 2800 6316 3702 2799 6317 3693 457 6318 1341 2798 6319 3695 2797 6320 1341 2798 6321 3693 457 6322 3703 2800 6323 3682 2801 6324 3667 2802 6325 3680 2801 6326 3669 2803 6327 3684 2804 6328 3690 2805 6329 1253 2806 6330 3670 2807 6331 1240 2808 6332 3691 2809 6333 3672 2810 6334 1242 2811 6335 3688 2812 6336 3686 2813 6337 1244 2813 6338 3696 2814 6339 3692 2815 6340 4071 2814 6341 1255 2816 6342 3697 2817 6343 1254 2816 6344 4072 2818 6345 3694 2818 6346 1256 2818 6347 4073 2819 6348 3704 2819 6349 1251 2820 6350 3701 2821 6351 1257 2822 6352 3698 2823 6353 1257 2822 6354 3701 2821 6355 1260 2824 6356 3700 2825 6357 3679 2826 6358 1259 2825 6359 1258 2827 6360 1246 2828 6361 1250 2829 6362 1241 2830 6363 1258 2827 6364 3685 2831 6365 1258 2827 6366 1241 2830 6367 1246 2828 6368 3685 2831 6369 1252 2832 6370 1241 2830 6371 1263 2833 6372 1262 2834 6373 1261 2835 6374 1264 2836 6375 1262 2834 6376 1263 2833 6377 3706 2837 6378 1262 2834 6379 3705 2838 6380 3708 2839 6381 1262 2834 6382 3706 2837 6383 3709 2840 6384 1262 2834 6385 3708 2839 6386 1261 2835 6387 1262 2834 6388 3709 2840 6389 3710 2841 6390 1261 2835 6391 3709 2840 6392 3712 2842 6393 1261 2835 6394 3710 2841 6395 3713 2843 6396 1261 2835 6397 3712 2842 6398 1263 2833 6399 1261 2835 6400 3713 2843 6401 3714 2844 6402 1263 2833 6403 3713 2843 6404 3716 2845 6405 1263 2833 6406 3714 2844 6407 3717 2846 6408 1263 2833 6409 3716 2845 6410 1264 2836 6411 1263 2833 6412 3717 2846 6413 3718 2847 6414 1264 2836 6415 3717 2846 6416 3720 2848 6417 1264 2836 6418 3718 2847 6419 3705 2838 6420 1264 2836 6421 3720 2848 6422 1262 2834 6423 1264 2836 6424 3705 2838 6425 3721 2849 6426 1265 2850 6427 1277 2851 6428 3707 2852 6429 1265 2850 6430 3721 2849 6431 1279 2853 6432 1266 2854 6433 1278 2855 6434 1267 2856 6435 1266 2854 6436 1279 2853 6437 1280 2857 6438 1267 2856 6439 1279 2853 6440 1268 2858 6441 1267 2856 6442 1280 2857 6443 3722 2859 6444 1268 2858 6445 1280 2857 6446 3711 2860 6447 1268 2858 6448 3722 2859 6449 1282 2861 6450 1269 2862 6451 1281 2863 6452 1270 2864 6453 1269 2862 6454 1282 2861 6455 1283 2865 6456 1270 2864 6457 1282 2861 6458 1271 2866 6459 1270 2864 6460 1283 2865 6461 3723 2867 6462 1271 2866 6463 1283 2865 6464 3715 2868 6465 1271 2866 6466 3723 2867 6467 1285 2869 6468 1272 2870 6469 1284 2871 6470 1273 2872 6471 1272 2870 6472 1285 2869 6473 1286 2873 6474 1273 2872 6475 1285 2869 6476 1274 2874 6477 1273 2872 6478 1286 2873 6479 3724 2875 6480 1274 2874 6481 1286 2873 6482 3719 2876 6483 1274 2874 6484 3724 2875 6485 1288 2877 6486 1275 2878 6487 1287 2879 6488 1276 2880 6489 1275 2878 6490 1288 2877 6491 1277 2851 6492 1276 2880 6493 1288 2877 6494 1265 2850 6495 1276 2880 6496 1277 2851 6497 1291 2881 6498 1290 2882 6499 1289 2883 6500 1292 2884 6501 1290 2882 6502 1291 2881 6503 3726 2885 6504 1290 2882 6505 3725 2886 6506 3728 2887 6507 1290 2882 6508 3726 2885 6509 3729 2888 6510 1290 2882 6511 3728 2887 6512 1289 2883 6513 1290 2882 6514 3729 2888 6515 3730 2889 6516 1289 2883 6517 3729 2888 6518 3732 2890 6519 1289 2883 6520 3730 2889 6521 3733 2891 6522 1289 2883 6523 3732 2890 6524 1291 2881 6525 1289 2883 6526 3733 2891 6527 3734 2892 6528 1291 2881 6529 3733 2891 6530 3736 2893 6531 1291 2881 6532 3734 2892 6533 3737 2894 6534 1291 2881 6535 3736 2893 6536 1292 2884 6537 1291 2881 6538 3737 2894 6539 3738 2895 6540 1292 2884 6541 3737 2894 6542 3740 2896 6543 1292 2884 6544 3738 2895 6545 3725 2886 6546 1292 2884 6547 3740 2896 6548 1290 2882 6549 1292 2884 6550 3725 2886 6551 3741 2897 6552 1293 2898 6553 1305 2899 6554 3727 2900 6555 1293 2898 6556 3741 2897 6557 1307 2901 6558 1294 2902 6559 1306 2903 6560 1295 2904 6561 1294 2902 6562 1307 2901 6563 1308 2905 6564 1295 2904 6565 1307 2901 6566 1296 2906 6567 1295 2904 6568 1308 2905 6569 3742 2907 6570 1296 2906 6571 1308 2905 6572 3731 2908 6573 1296 2906 6574 3742 2907 6575 1310 2909 6576 1297 2910 6577 1309 2911 6578 1298 2912 6579 1297 2910 6580 1310 2909 6581 1311 2913 6582 1298 2912 6583 1310 2909 6584 1299 2914 6585 1298 2912 6586 1311 2913 6587 3743 2915 6588 1299 2914 6589 1311 2913 6590 3735 2916 6591 1299 2914 6592 3743 2915 6593 1313 2917 6594 1300 2918 6595 1312 2919 6596 1301 2920 6597 1300 2918 6598 1313 2917 6599 1314 2921 6600 1301 2920 6601 1313 2917 6602 1302 2922 6603 1301 2920 6604 1314 2921 6605 3744 2923 6606 1302 2922 6607 1314 2921 6608 3739 2924 6609 1302 2922 6610 3744 2923 6611 1316 2925 6612 1303 2926 6613 1315 2927 6614 1304 2928 6615 1303 2926 6616 1316 2925 6617 1305 2899 6618 1304 2928 6619 1316 2925 6620 1293 2898 6621 1304 2928 6622 1305 2899 6623 3771 3 6624 1317 2929 6625 3773 2930 6626 3773 2930 6627 1317 2929 6628 4080 2931 6629 4080 2931 6630 1317 2929 6631 3747 2932 6632 3747 2932 6633 1317 2929 6634 3745 3 6635 3745 3 6636 1317 2929 6637 3771 3 6638 3751 5 6639 1321 2933 6640 3749 5 6641 3753 2934 6642 1321 2933 6643 3751 5 6644 1345 2935 6645 1321 2933 6646 3753 2934 6647 3755 5 6648 1321 2933 6649 1345 2935 6650 3749 5 6651 1321 2933 6652 3755 5 6653 4082 3 6654 1325 2936 6655 3775 2937 6656 3775 2937 6657 1325 2936 6658 3777 2938 6659 3777 2938 6660 1325 2936 6661 3780 2939 6662 3780 2939 6663 1325 2936 6664 3782 2940 6665 3782 2940 6666 1325 2936 6667 4082 3 6668 3759 5 6669 1328 5 6670 3757 5 6671 3761 5 6672 1328 5 6673 3759 5 6674 1348 5 6675 1328 5 6676 3761 5 6677 3763 5 6678 1328 5 6679 1348 5 6680 3757 5 6681 1328 5 6682 3763 5 6683 3784 3 6684 1332 3 6685 3786 3 6686 3786 3 6687 1332 3 6688 4084 3 6689 4084 3 6690 1332 3 6691 1354 3 6692 1354 3 6693 1332 3 6694 4086 3 6695 4086 3 6696 1332 3 6697 3784 3 6698 3767 5 6699 1336 2941 6700 3765 5 6701 3769 2942 6702 1336 2941 6703 3767 5 6704 1353 2943 6705 1336 2941 6706 3769 2942 6707 3792 2944 6708 1336 2941 6709 1353 2943 6710 3765 5 6711 1336 2941 6712 3792 2944 6713 1247 2945 6714 1339 2946 6715 1243 2947 6716 1339 2946 6717 1247 2945 6718 1248 2948 6719 1248 2948 6720 1245 2949 6721 1339 2946 6722 1245 2949 6723 1248 2948 6724 4077 2950 6725 1249 2951 6726 1243 2947 6727 4078 2952 6728 1243 2947 6729 1249 2951 6730 1247 2945 6731 4077 2950 6732 4078 2952 6733 1245 2949 6734 4078 2952 6735 4077 2950 6736 1249 2951 6737 3750 2953 6738 3772 2954 6739 3752 2955 6740 3752 2955 6741 3772 2954 6742 3774 2956 6743 1322 2957 6744 1343 2958 6745 3754 2959 6746 3754 2959 6747 1343 2958 6748 1344 2960 6749 1323 290 6750 4079 290 6751 4081 290 6752 4081 290 6753 4079 290 6754 3748 290 6755 3756 2961 6756 1318 2962 6757 3746 2963 6758 1324 2964 6759 1319 2965 6760 1320 2966 6761 1320 2966 6762 1319 2965 6763 1342 2967 6764 3758 2968 6765 4083 2969 6766 3760 2970 6767 3760 2970 6768 4083 2969 6769 3776 2971 6770 1329 2972 6771 1346 2973 6772 3762 2974 6773 3762 2974 6774 1346 2973 6775 1347 2975 6776 1330 290 6777 3778 290 6778 3781 290 6779 3781 290 6780 3778 290 6781 3779 290 6782 3764 2976 6783 1349 2976 6784 3783 2977 6785 1331 2978 6786 1350 2979 6787 1327 2980 6788 1327 2980 6789 1350 2979 6790 1326 2981 6791 3766 2982 6792 3785 2983 6793 3768 2984 6794 3768 2984 6795 3785 2983 6796 3787 2985 6797 1337 2986 6798 1352 2987 6799 3770 2988 6800 3770 2988 6801 1352 2987 6802 4085 2973 6803 1338 290 6804 1333 290 6805 3790 290 6806 3790 290 6807 1333 290 6808 3788 290 6809 3791 2989 6810 3789 2990 6811 4087 2989 6812 1355 2991 6813 1334 2992 6814 1335 2993 6815 1335 2993 6816 1334 2992 6817 1351 2994 6818 3801 2995 6819 3800 2996 6820 3798 2997 6821 3801 2995 6822 3798 2997 6823 3802 2998 6824 1369 2999 6825 3793 3000 6826 3795 457 6827 1369 2999 6828 3796 3001 6829 3793 3000 6830 1370 3002 6831 3799 3003 6832 3804 3004 6833 1370 3002 6834 3804 3004 6835 4089 3005 6836 3797 3006 6837 4091 3007 6838 3794 3008 6839 3797 3006 6840 1373 3009 6841 4091 3007 6842 4088 3010 6843 1371 3011 6844 4092 3012 6845 4088 3010 6846 4092 3012 6847 1374 3013 6848 3809 3014 6849 4093 3015 6850 1372 3016 6851 3809 3014 6852 1375 3017 6853 4093 3015 6854 3801 2995 6855 4094 3018 6856 3800 2996 6857 3801 2995 6858 3811 3019 6859 4094 3018 6860 1369 2999 6861 3795 457 6862 1376 3020 6863 1369 2999 6864 1376 3020 6865 3814 3021 6866 1377 3022 6867 4097 3023 6868 4095 3024 6869 1377 3022 6870 3820 3025 6871 4097 3023 6872 1378 3026 6873 3818 3027 6874 3816 3026 6875 1378 3026 6876 3816 3026 6877 4099 3027 6878 1381 3028 6879 4100 3029 6880 1379 3030 6881 1381 3028 6882 3821 3031 6883 4100 3029 6884 4098 3032 6885 1380 3033 6886 4101 3034 6887 4098 3032 6888 4101 3034 6889 1383 3035 6890 1367 3036 6891 1366 5 6892 1356 3037 6893 1367 3036 6894 1356 3037 6895 1357 3038 6896 3803 3039 6897 3812 3040 6898 1368 3 6899 3803 3039 6900 1358 3041 6901 3812 3040 6902 3805 3042 6903 1367 3036 6904 1357 3038 6905 3805 3042 6906 1357 3038 6907 4090 3043 6908 1359 3044 6909 1358 3041 6910 3803 3039 6911 1359 3044 6912 3808 3045 6913 1358 3041 6914 1360 3046 6915 3805 3042 6916 4090 3043 6917 1360 3046 6918 4090 3043 6919 1361 3047 6920 3806 3048 6921 3808 3045 6922 1359 3044 6923 3806 3048 6924 3807 3 6925 3808 3045 6926 1362 3049 6927 1356 3037 6928 1366 5 6929 1362 3049 6930 3817 3050 6931 1356 3037 6932 3810 3051 6933 1368 3 6934 3812 3040 6935 3810 3051 6936 3812 3040 6937 3813 3052 6938 4096 3053 6939 3817 3050 6940 1362 3049 6941 4096 3053 6942 3815 3054 6943 3817 3050 6944 3819 3055 6945 3810 3051 6946 3813 3052 6947 3819 3055 6948 3813 3052 6949 1363 3056 6950 1364 3057 6951 3815 3054 6952 4096 3053 6953 1364 3057 6954 1365 3058 6955 3815 3054 6956 1382 3059 6957 3819 3055 6958 1363 3056 6959 1382 3059 6960 1363 3056 6961 3822 3 6962 3846 3060 6963 3842 290 6964 3841 3061 6965 3846 3060 6966 3841 3061 6967 3847 3062 6968 1401 3063 6969 3845 3064 6970 1396 3065 6971 1401 3063 6972 3850 3066 6973 3845 3064 6974 1402 3067 6975 1398 3068 6976 3853 3069 6977 1402 3067 6978 3853 3069 6979 3825 3070 6980 1403 3071 6981 3829 3072 6982 1399 3073 6983 1403 3071 6984 3854 3008 6985 3829 3072 6986 3824 3074 6987 1404 3013 6988 3826 3075 6989 3824 3074 6990 3826 3075 6991 3823 3076 6992 3855 3077 6993 3827 3078 6994 3828 3079 6995 3855 3077 6996 3830 3080 6997 3827 3078 6998 3846 3060 6999 3856 3081 7000 3842 290 7001 3846 3060 7002 3861 3019 7003 3856 3081 7004 1401 3063 7005 1396 3065 7006 3859 3082 7007 1401 3063 7008 3859 3082 7009 3834 3083 7010 1408 3084 7011 3862 3085 7012 1406 3086 7013 1408 3084 7014 3864 3087 7015 3862 3085 7016 3833 3088 7017 1407 3089 7018 3835 3090 7019 3833 3088 7020 3835 3090 7021 3831 3091 7022 3865 3092 7023 3838 3093 7024 1409 3031 7025 3865 3092 7026 3837 3094 7027 3838 3093 7028 3832 3095 7029 3836 3096 7030 3839 3097 7031 3832 3095 7032 3839 3097 7033 4102 3098 7034 3840 3099 7035 1397 5 7036 3843 3100 7037 3840 3099 7038 3843 3100 7039 3844 3101 7040 3848 3 7041 3851 3 7042 1400 3 7043 3848 3 7044 3849 3102 7045 3851 3 7046 3852 3103 7047 3840 3099 7048 3844 3101 7049 3852 3103 7050 3844 3101 7051 1385 3104 7052 1384 3105 7053 3849 3102 7054 3848 3 7055 1384 3105 7056 1405 3106 7057 3849 3102 7058 1386 3107 7059 3852 3103 7060 1385 3104 7061 1386 3107 7062 1385 3104 7063 1388 5 7064 1387 3108 7065 1405 3106 7066 1384 3105 7067 1387 3108 7068 1389 3109 7069 1405 3106 7070 3857 3110 7071 3843 3100 7072 1397 5 7073 3857 3110 7074 3858 3111 7075 3843 3100 7076 3860 3112 7077 1400 3 7078 3851 3 7079 3860 3112 7080 3851 3 7081 1390 3113 7082 3863 3114 7083 3858 3111 7084 3857 3110 7085 3863 3114 7086 1391 3115 7087 3858 3111 7088 1410 3116 7089 3860 3112 7090 1390 3113 7091 1410 3116 7092 1390 3113 7093 1392 3117 7094 1393 3118 7095 1391 3115 7096 3863 3114 7097 1393 3118 7098 1395 5 7099 1391 3115 7100 1394 3119 7101 1410 3116 7102 1392 3117 7103 1394 3119 7104 1392 3117 7105 1411 3 7106 3873 3120 7107 3866 3121 7108 3867 3122 7109 3873 3120 7110 3867 3122 7111 4104 3123 7112 1429 3124 7113 3871 3125 7114 1428 3126 7115 1429 3124 7116 3869 3127 7117 3871 3125 7118 1430 3128 7119 3868 3129 7120 4107 3130 7121 1430 3128 7122 4107 3130 7123 4109 3131 7124 3870 3132 7125 1432 3132 7126 3872 3073 7127 3870 3132 7128 1433 3073 7129 1432 3132 7130 4108 3133 7131 1431 3134 7132 4110 3135 7133 4108 3133 7134 4110 3135 7135 1435 3136 7136 3894 3137 7137 3890 3138 7138 3889 3017 7139 3894 3137 7140 1436 3139 7141 3890 3138 7142 3873 3120 7143 1437 3140 7144 3866 3121 7145 3873 3120 7146 3874 3141 7147 1437 3140 7148 1429 3124 7149 1428 3126 7150 3879 3142 7151 1429 3124 7152 3879 3142 7153 3896 3143 7154 3875 3144 7155 3900 3145 7156 3899 3025 7157 3875 3144 7158 3876 3146 7159 3900 3145 7160 3897 3147 7161 3878 3148 7162 3880 3149 7163 3897 3147 7164 3880 3149 7165 3882 3089 7166 3877 3150 7167 3885 3151 7168 3901 3152 7169 3877 3150 7170 3884 3153 7171 3885 3151 7172 3883 3154 7173 3881 3155 7174 3886 3156 7175 3883 3154 7176 3886 3156 7177 3887 3157 7178 1412 5 7179 1413 5 7180 4105 5 7181 1412 5 7182 4105 5 7183 1415 5 7184 4103 3 7185 3895 3158 7186 1414 3 7187 4103 3 7188 1416 3 7189 3895 3158 7190 4106 3159 7191 1412 5 7192 1415 5 7193 4106 3159 7194 1415 5 7195 3888 3160 7196 1417 3161 7197 1416 3 7198 4103 3 7199 1417 3161 7200 3893 3162 7201 1416 3 7202 1418 3163 7203 4106 3159 7204 3888 3160 7205 1418 3163 7206 3888 3160 7207 1434 5 7208 3891 3164 7209 3893 3162 7210 1417 3161 7211 3891 3164 7212 3892 3 7213 3893 3162 7214 3898 3165 7215 4105 5 7216 1413 5 7217 3898 3165 7218 1420 3166 7219 4105 5 7220 1419 3167 7221 1414 3 7222 3895 3158 7223 1419 3167 7224 3895 3158 7225 1438 3168 7226 1439 3169 7227 1420 3166 7228 3898 3165 7229 1439 3169 7230 1422 3170 7231 1420 3166 7232 1421 3171 7233 1419 3167 7234 1438 3168 7235 1421 3171 7236 1438 3168 7237 1423 3172 7238 1424 3173 7239 1422 3170 7240 1439 3169 7241 1424 3173 7242 1426 5 7243 1422 3170 7244 1425 3174 7245 1421 3171 7246 1423 3172 7247 1425 3174 7248 1423 3172 7249 1427 3 7250 4111 3175 7251 3929 290 7252 3927 3176 7253 4111 3175 7254 3927 3176 7255 3908 3177 7256 4112 3178 7257 3902 3179 7258 3904 457 7259 4112 3178 7260 4113 3180 7261 3902 3179 7262 3907 3181 7263 3928 3131 7264 3909 3182 7265 3907 3181 7266 3909 3182 7267 3905 3183 7268 4114 3184 7269 3931 3184 7270 3903 3185 7271 4114 3184 7272 3913 3185 7273 3931 3184 7274 3906 3186 7275 3910 3187 7276 3911 3188 7277 3906 3186 7278 3911 3188 7279 4115 3189 7280 3912 3190 7281 3932 3191 7282 3930 3192 7283 3912 3190 7284 3914 3193 7285 3932 3191 7286 4111 3175 7287 3933 3194 7288 3929 290 7289 4111 3175 7290 3916 3195 7291 3933 3194 7292 4112 3178 7293 3904 457 7294 4117 3196 7295 4112 3178 7296 4117 3196 7297 4118 3197 7298 3915 3198 7299 3919 3199 7300 1463 3200 7301 3915 3198 7302 3917 3146 7303 3919 3199 7304 4119 3201 7305 1464 3202 7306 3921 3201 7307 4119 3201 7308 3921 3201 7309 3923 3202 7310 3918 3203 7311 3925 3204 7312 3920 3031 7313 3918 3203 7314 1466 3205 7315 3925 3204 7316 3924 3206 7317 3922 3035 7318 3926 3207 7319 3924 3206 7320 3926 3207 7321 1467 3208 7322 1457 5 7323 1456 5 7324 1441 5 7325 1457 5 7326 1441 5 7327 1442 5 7328 1440 3209 7329 1443 3 7330 1458 3 7331 1440 3209 7332 1459 3210 7333 1443 3 7334 1444 3211 7335 1457 5 7336 1442 5 7337 1444 3211 7338 1442 5 7339 1460 3212 7340 1445 3213 7341 1459 3210 7342 1440 3209 7343 1445 3213 7344 1446 3214 7345 1459 3210 7346 1447 3215 7347 1444 3211 7348 1460 3212 7349 1447 3215 7350 1460 3212 7351 1461 5 7352 1462 3216 7353 1446 3214 7354 1445 3213 7355 1462 3216 7356 1448 3217 7357 1446 3214 7358 3934 5 7359 1441 5 7360 1456 5 7361 3934 5 7362 4116 5 7363 1441 5 7364 1449 3218 7365 1458 3 7366 1443 3 7367 1449 3218 7368 1443 3 7369 1465 3219 7370 1450 3220 7371 4116 5 7372 3934 5 7373 1450 3220 7374 1452 3221 7375 4116 5 7376 1451 3222 7377 1449 3218 7378 1465 3219 7379 1451 3222 7380 1465 3219 7381 1453 3223 7382 1454 3224 7383 1452 3221 7384 1450 3220 7385 1454 3224 7386 1455 5 7387 1452 3221 7388 3936 3 7389 1451 3222 7390 1453 3223 7391 3936 3 7392 1453 3223 7393 3935 3 7394 3939 3225 7395 4120 3226 7396 3940 3227 7397 3939 3225 7398 3940 3227 7399 3937 3228 7400 3964 3229 7401 3942 3230 7402 3944 3231 7403 3964 3229 7404 3945 3232 7405 3942 3230 7406 3938 3233 7407 3941 3234 7408 4122 3235 7409 3938 3233 7410 4122 3235 7411 4123 3129 7412 3946 3236 7413 1487 3237 7414 3943 3008 7415 3946 3236 7416 3947 3238 7417 1487 3237 7418 4124 3239 7419 1486 3240 7420 3949 3241 7421 4124 3239 7422 3949 3241 7423 3950 3242 7424 3948 3243 7425 3963 3244 7426 3962 3245 7427 3948 3243 7428 4125 3246 7429 3963 3244 7430 3939 3225 7431 3953 3247 7432 4120 3226 7433 3939 3225 7434 3951 3248 7435 3953 3247 7436 3964 3229 7437 3944 3231 7438 4127 3249 7439 3964 3229 7440 4127 3249 7441 3965 3250 7442 3952 3251 7443 4129 3252 7444 3954 3253 7445 3952 3251 7446 1494 3254 7447 4129 3252 7448 1492 3255 7449 1491 3256 7450 3955 3257 7451 1492 3255 7452 3955 3257 7453 3957 3089 7454 3969 3258 7455 4130 3259 7456 1493 3260 7457 3969 3258 7458 3967 3261 7459 4130 3259 7460 3958 3262 7461 3956 3263 7462 3959 3264 7463 3958 3262 7464 3959 3264 7465 3960 3265 7466 1468 3266 7467 1484 5 7468 1471 5 7469 1468 3266 7470 1471 5 7471 1472 3267 7472 1470 3268 7473 1485 3 7474 1469 3 7475 1470 3268 7476 1473 3269 7477 1485 3 7478 4121 3270 7479 1468 3266 7480 1472 3267 7481 4121 3270 7482 1472 3267 7483 3961 3271 7484 1488 3272 7485 1473 3269 7486 1470 3268 7487 1488 3272 7488 1474 3 7489 1473 3269 7490 1475 3273 7491 4121 3270 7492 3961 3271 7493 1475 3273 7494 3961 3271 7495 1489 3274 7496 1476 3 7497 1474 3 7498 1488 3272 7499 1476 3 7500 1490 3 7501 1474 3 7502 1477 5 7503 1471 5 7504 1484 5 7505 1477 5 7506 4126 5 7507 1471 5 7508 1478 3275 7509 1469 3 7510 1485 3 7511 1478 3275 7512 1485 3 7513 3966 3276 7514 4128 3277 7515 4126 5 7516 1477 5 7517 4128 3277 7518 1479 3278 7519 4126 5 7520 3968 3279 7521 1478 3275 7522 3966 3276 7523 3968 3279 7524 3966 3276 7525 1480 3280 7526 1481 3281 7527 1479 3278 7528 4128 3277 7529 1481 3281 7530 1482 3282 7531 1479 3278 7532 1495 2501 7533 3968 3279 7534 1480 3280 7535 1495 2501 7536 1480 3280 7537 1483 3 7538 3972 3283 7539 1512 3284 7540 3973 3285 7541 3972 3283 7542 3973 3285 7543 3970 3286 7544 3994 3287 7545 3990 3288 7546 1511 3289 7547 3994 3287 7548 3992 3290 7549 3990 3288 7550 3971 3291 7551 3974 3131 7552 3975 3292 7553 3971 3291 7554 3975 3292 7555 4132 3293 7556 1515 3294 7557 3995 3236 7558 3991 3073 7559 1515 3294 7560 4134 3295 7561 3995 3236 7562 1517 3296 7563 3976 3013 7564 1518 3297 7565 1517 3296 7566 1518 3297 7567 4136 3298 7568 4133 3299 7569 4137 3300 7570 1516 3301 7571 4133 3299 7572 4138 3079 7573 4137 3300 7574 3972 3283 7575 3998 3140 7576 1512 3284 7577 3972 3283 7578 3977 3140 7579 3998 3140 7580 3994 3287 7581 1511 3289 7582 4001 3302 7583 3994 3287 7584 4001 3302 7585 4002 3303 7586 3978 3304 7587 3981 3023 7588 1520 3305 7589 3978 3304 7590 3979 3306 7591 3981 3023 7592 4003 3307 7593 1521 3090 7594 3986 3307 7595 4003 3307 7596 3986 3307 7597 4004 3090 7598 3980 3308 7599 3983 3309 7600 3982 3031 7601 3980 3308 7602 3984 3153 7603 3983 3309 7604 4005 3310 7605 3985 3311 7606 3987 3310 7607 4005 3310 7608 3987 3310 7609 3988 3311 7610 1496 3312 7611 3997 5 7612 3989 5 7613 1496 3312 7614 3989 5 7615 1513 3313 7616 1498 3314 7617 1514 3315 7618 1497 3 7619 1498 3314 7620 3993 3316 7621 1514 3315 7622 1499 3317 7623 1496 3312 7624 1513 3313 7625 1499 3317 7626 1513 3313 7627 3996 3318 7628 4131 3319 7629 3993 3316 7630 1498 3314 7631 4131 3319 7632 1500 3320 7633 3993 3316 7634 4135 3321 7635 1499 3317 7636 3996 3318 7637 4135 3321 7638 3996 3318 7639 1502 5 7640 1501 3322 7641 1500 3320 7642 4131 3319 7643 1501 3322 7644 1519 3323 7645 1500 3320 7646 3999 5 7647 3989 5 7648 3997 5 7649 3999 5 7650 4000 5 7651 3989 5 7652 1503 3324 7653 1497 3 7654 1514 3315 7655 1503 3324 7656 1514 3315 7657 1522 3325 7658 1504 3326 7659 4000 5 7660 3999 5 7661 1504 3326 7662 1506 3327 7663 4000 5 7664 1505 3328 7665 1503 3324 7666 1522 3325 7667 1505 3328 7668 1522 3325 7669 1523 3329 7670 1507 3118 7671 1506 3327 7672 1504 3326 7673 1507 3118 7674 1509 5 7675 1506 3327 7676 1508 2501 7677 1505 3328 7678 1523 3329 7679 1508 2501 7680 1523 3329 7681 1510 3 7682 1539 3330 7683 4139 3331 7684 1538 457 7685 1539 3330 7686 4140 3332 7687 4139 3331 7688 4021 3333 7689 1540 3334 7690 4006 3335 7691 4021 3333 7692 4006 3335 7693 4007 3336 7694 1543 3337 7695 4140 3332 7696 1539 3330 7697 1543 3337 7698 4026 3338 7699 4140 3332 7700 4023 3339 7701 4021 3333 7702 4007 3336 7703 4023 3339 7704 4007 3336 7705 4008 3340 7706 4025 3341 7707 4026 3338 7708 1543 3337 7709 4025 3341 7710 4027 3342 7711 4026 3338 7712 4141 3343 7713 4023 3339 7714 4008 3340 7715 4141 3343 7716 4008 3340 7717 1548 3344 7718 4009 3345 7719 4027 3342 7720 4025 3341 7721 4009 3345 7722 1550 457 7723 4027 3342 7724 4143 3346 7725 4141 3343 7726 1548 3344 7727 4143 3346 7728 1548 3344 7729 4032 3347 7730 4010 3348 7731 1550 457 7732 4009 3345 7733 4010 3348 7734 4144 3349 7735 1550 457 7736 4013 3350 7737 4143 3346 7738 4032 3347 7739 4013 3350 7740 4032 3347 7741 4033 3351 7742 4146 3352 7743 4144 3349 7744 4010 3348 7745 4146 3352 7746 1554 3353 7747 4144 3349 7748 4012 290 7749 4013 3350 7750 4033 3351 7751 4012 290 7752 4033 3351 7753 4035 3354 7754 4147 3355 7755 1554 3353 7756 4146 3352 7757 4147 3355 7758 1556 3356 7759 1554 3353 7760 4015 3357 7761 4012 290 7762 4035 3354 7763 4015 3357 7764 4035 3354 7765 4038 3358 7766 4148 457 7767 1556 3356 7768 4147 3355 7769 4148 457 7770 1559 457 7771 1556 3356 7772 4016 3359 7773 4015 3357 7774 4038 3358 7775 4016 3359 7776 4038 3358 7777 4017 3360 7778 4019 3361 7779 4020 3362 7780 4018 3363 7781 4019 3361 7782 1541 3364 7783 4020 3362 7784 1525 3365 7785 1542 3366 7786 1524 3367 7787 1525 3365 7788 1524 3367 7789 1526 3368 7790 1541 3364 7791 4022 3369 7792 4020 3362 7793 1541 3364 7794 1544 3370 7795 4022 3369 7796 1526 3368 7797 1524 3367 7798 1545 3371 7799 1526 3368 7800 1545 3371 7801 1527 3372 7802 1544 3370 7803 4024 3373 7804 4022 3369 7805 1544 3370 7806 4142 3374 7807 4024 3373 7808 1527 3372 7809 1545 3371 7810 4028 3375 7811 1527 3372 7812 4028 3375 7813 4029 3376 7814 1528 3377 7815 1529 3378 7816 1546 3379 7817 1528 3377 7818 1549 3380 7819 1529 3378 7820 4030 3381 7821 1547 3382 7822 4031 3383 7823 4030 3381 7824 4031 3383 7825 1551 3384 7826 1549 3380 7827 4011 3385 7828 1529 3378 7829 1549 3380 7830 4014 3386 7831 4011 3385 7832 1551 3384 7833 4031 3383 7834 4145 3387 7835 1551 3384 7836 4145 3387 7837 1552 3388 7838 1532 3389 7839 1553 3390 7840 1530 3391 7841 1532 3389 7842 1533 3392 7843 1553 3390 7844 4034 3393 7845 1531 3394 7846 4036 3395 7847 4034 3393 7848 4036 3395 7849 1555 3396 7850 1533 3392 7851 1534 3397 7852 1553 3390 7853 1533 3392 7854 1535 3398 7855 1534 3397 7856 1555 3396 7857 4036 3395 7858 4037 3399 7859 1555 3396 7860 4037 3399 7861 1557 3400 7862 1535 3398 7863 1558 3401 7864 1534 3397 7865 1535 3398 7866 1536 3402 7867 1558 3401 7868 1557 3400 7869 4037 3399 7870 4039 3403 7871 1557 3400 7872 4039 3403 7873 1537 3404 7874 4149 3405 7875 4041 3406 7876 1580 457 7877 4149 3405 7878 4040 3407 7879 4041 3406 7880 4150 3408 7881 1581 3334 7882 4062 3409 7883 4150 3408 7884 4062 3409 7885 4061 3410 7886 1584 3411 7887 4040 3407 7888 4149 3405 7889 1584 3411 7890 4042 3412 7891 4040 3407 7892 1585 3413 7893 4150 3408 7894 4061 3410 7895 1585 3413 7896 4061 3410 7897 4043 3414 7898 4152 3415 7899 4042 3412 7900 1584 3411 7901 4152 3415 7902 4154 3416 7903 4042 3412 7904 4064 3417 7905 1585 3413 7906 4043 3414 7907 4064 3417 7908 4043 3414 7909 4044 3418 7910 1588 3419 7911 4154 3416 7912 4152 3415 7913 1588 3419 7914 4157 457 7915 4154 3416 7916 4048 3420 7917 4064 3417 7918 4044 3418 7919 4048 3420 7920 4044 3418 7921 1589 3421 7922 4049 457 7923 4157 457 7924 1588 3419 7925 4049 457 7926 4067 457 7927 4157 457 7928 4046 3422 7929 4048 3420 7930 1589 3421 7931 4046 3422 7932 1589 3421 7933 4052 3423 7934 4051 3424 7935 4067 457 7936 4049 457 7937 4051 3424 7938 4068 3425 7939 4067 457 7940 4159 290 7941 4046 3422 7942 4052 3423 7943 4159 290 7944 4052 3423 7945 4054 3426 7946 4055 3427 7947 4068 3425 7948 4051 3424 7949 4055 3427 7950 4069 3428 7951 4068 3425 7952 4160 3429 7953 4159 290 7954 4054 3426 7955 4160 3429 7956 4054 3426 7957 4056 3430 7958 4057 3431 7959 4069 3428 7960 4055 3427 7961 4057 3431 7962 4058 3432 7963 4069 3428 7964 4161 3433 7965 4160 3429 7966 4056 3430 7967 4161 3433 7968 4056 3430 7969 4162 3434 7970 4060 3361 7971 1561 3435 7972 4059 3363 7973 4060 3361 7974 1563 3436 7975 1561 3435 7976 1582 3437 7977 1560 3438 7978 1562 3439 7979 1582 3437 7980 1562 3439 7981 1583 3440 7982 1563 3436 7983 4151 3441 7984 1561 3435 7985 1563 3436 7986 4063 3442 7987 4151 3441 7988 1583 3440 7989 1562 3439 7990 1564 3443 7991 1583 3440 7992 1564 3443 7993 1565 3444 7994 4063 3442 7995 4153 3445 7996 4151 3441 7997 4063 3442 7998 1586 3374 7999 4153 3445 8000 1565 3444 8001 1564 3443 8002 4155 3446 8003 1565 3444 8004 4155 3446 8005 4045 3376 8006 4065 3377 8007 4156 3447 8008 1566 3379 8009 4065 3377 8010 1569 3380 8011 4156 3447 8012 1567 3381 8013 1587 3382 8014 1568 3383 8015 1567 3381 8016 1568 3383 8017 4158 3384 8018 1569 3380 8019 4050 3385 8020 4156 3447 8021 1569 3380 8022 4047 3386 8023 4050 3385 8024 4158 3384 8025 1568 3383 8026 4066 3387 8027 4158 3384 8028 4066 3387 8029 4053 3388 8030 1571 3448 8031 1573 3449 8032 1570 3450 8033 1571 3448 8034 1591 3451 8035 1573 3449 8036 1572 3452 8037 1590 3453 8038 1592 3454 8039 1572 3452 8040 1592 3454 8041 1574 3396 8042 1591 3451 8043 1575 3455 8044 1573 3449 8045 1591 3451 8046 1576 3456 8047 1575 3455 8048 1574 3396 8049 1592 3454 8050 1593 3457 8051 1574 3396 8052 1593 3457 8053 1577 3458 8054 1576 3456 8055 1578 3459 8056 1575 3455 8057 1576 3456 8058 1594 3460 8059 1578 3459 8060 1577 3458 8061 1593 3457 8062 1579 3461 8063 1577 3458 8064 1579 3461 8065 1595 3462 8066 4175 296 8067 4183 296 8068 4182 296 8069 4180 5 8070 4169 5 8071 4168 5 8072 4172 3 8073 4163 3 8074 4165 3 8075 4167 295 8076 4166 295 8077 4164 295 8078 4181 3463 8079 4179 457 8080 1599 3464 8081 1603 3465 8082 4171 3466 8083 4173 3467 8084 4184 3468 8085 1607 3469 8086 1606 3470 8087 1600 3471 8088 1601 290 8089 1596 3472 8090 4175 296 8091 4174 296 8092 4183 296 8093 4180 5 8094 4186 5 8095 4169 5 8096 4172 3 8097 4178 3 8098 4163 3 8099 4167 295 8100 4170 295 8101 4166 295 8102 1599 3464 8103 1597 3473 8104 4176 3474 8105 1597 3473 8106 4177 457 8107 4176 3474 8108 4176 3474 8109 4181 3463 8110 1599 3464 8111 1603 3465 8112 1602 3475 8113 4171 3466 8114 4184 3468 8115 4185 3476 8116 1607 3469 8117 1596 3472 8118 1598 3477 8119 1605 3478 8120 1598 3477 8121 1604 290 8122 1605 3478 8123 1605 3478 8124 1600 3471 8125 1596 3472 8126</p>
        </triangles>
      </mesh>
    </geometry>
  </library_geometries>
  <library_visual_scenes>
    <visual_scene id="Scene" name="Scene">
      <node id="Cube" name="Cube" type="NODE">
        <matrix sid="transform">1 0 0 0 0 0 1 0 0 -1 0 0 0 0 0 1</matrix>
        <instance_geometry url="#Cube_003-mesh" name="Cube">
          <bind_material>
            <technique_common>
              <instance_material symbol="boot_ok_0-material" target="#boot_ok_0-material">
                <bind_vertex_input semantic="UVMap" input_semantic="TEXCOORD" input_set="0"/>
                <bind_vertex_input semantic="Float2" input_semantic="TEXCOORD" input_set="1"/>
                <bind_vertex_input semantic="Float2.001" input_semantic="TEXCOORD" input_set="2"/>
              </instance_material>
            </technique_common>
          </bind_material>
        </instance_geometry>
      </node>
    </visual_scene>
  </library_visual_scenes>
  <scene>
    <instance_visual_scene url="#Scene"/>
  </scene>
</COLLADA>